digest	component	source	example	class	ref_hash	target_hash	note	issue
190d73b476a70d14	2pc	dynamic:data_sync;dynamic:resharding	SELECT gid FROM pg_prepared_xacts	pending-target	a1a2d3bd503ab98c2c495ad2a27283bccca86b57310681d521e532168db2fdbd			
19fb9cfd4bbe8a16	2pc	dynamic:two_pc	SELECT count(*) FROM pg_prepared_xacts WHERE gid LIKE $1	pending-target	b7b573d82093c33c92c04da6b9e1c33363b6824bf2f36d7deee53a7b7e9ae308			
245d1243706d01ca	2pc	dynamic:two_pc	SELECT count(*) FROM pg_prepared_xacts WHERE database = current_database() AND gid LIKE $1	pending-target	b7b573d82093c33c92c04da6b9e1c33363b6824bf2f36d7deee53a7b7e9ae308			
7b774ae0ca4a0541	2pc	pgdog/src/backend/replication/logical/subscriber/copy.rs:277;pgdog/src/frontend/client/query_engine/two_pc/statement.rs:30;pgdog/src/frontend/client/query_engine/two_pc/statement.rs:41;pgdog/src/frontend/client/query_engine/two_pc/statement.rs:74	BEGIN ;; SELECT 1 ;; PREPARE TRANSACTION 'loams_inv_gid' ;; COMMIT PREPARED 'loams_inv_gid'	pending-target	0803d2235abdfee51b4f922daefde42dcaf9cec05e4049e2ac432f783e9cf932			
7e3bd3a2f35c6ad5	2pc	dynamic:baseline;dynamic:two_pc	COMMIT PREPARED $1	pending-target	bfd930627c4f2cab25d36eb99bf14cc734d9eb6292b1f703c38b5d26f2ef0f12		reference error 42704: prepared transaction with identifier "1" does not exist	
914482ebc40a3f8e	2pc	dynamic:baseline;dynamic:two_pc	PREPARE TRANSACTION $1	pending-target	a1a2d3bd503ab98c2c495ad2a27283bccca86b57310681d521e532168db2fdbd			
bc38abeea3cd1eb3	2pc	pgdog/src/frontend/client/query_engine/two_pc/server_transactions.rs:11;pgdog/src/frontend/client/query_engine/two_pc/test.rs:46;pgdog/src/frontend/client/query_engine/two_pc/test.rs:70;pgdog/src/frontend/client/query_engine/two_pc/test.rs:118;pgdog/src/frontend/client/query_engine/two_pc/test.rs:147;+1 more	SELECT gid, owner, database FROM pg_prepared_xacts ORDER BY gid	pending-target	a1a2d3bd503ab98c2c495ad2a27283bccca86b57310681d521e532168db2fdbd			
c84109d95511af2f	2pc	dynamic:two_pc	ROLLBACK PREPARED $1	pending-target	bfd930627c4f2cab25d36eb99bf14cc734d9eb6292b1f703c38b5d26f2ef0f12		reference error 42704: prepared transaction with identifier "1" does not exist	
cb5f70dcbe30fd9d	2pc	pgdog/src/backend/pool/connection/binding_test.rs:268;pgdog/src/backend/replication/logical/subscriber/copy.rs:277;pgdog/src/frontend/client/query_engine/two_pc/statement.rs:30;pgdog/src/frontend/client/query_engine/two_pc/statement.rs:42;pgdog/src/frontend/client/query_engine/two_pc/statement.rs:78	BEGIN ;; SELECT 1 ;; PREPARE TRANSACTION 'loams_inv_gid' ;; ROLLBACK PREPARED 'loams_inv_gid'	pending-target	0803d2235abdfee51b4f922daefde42dcaf9cec05e4049e2ac432f783e9cf932			
e6652ae5733bc46e	2pc	pgdog/src/backend/pool/connection/binding_test.rs:115;pgdog/src/backend/pool/connection/binding_test.rs:223;pgdog/src/backend/pool/connection/binding_test.rs:246;pgdog/src/frontend/client/query_engine/two_pc/statement.rs:30;pgdog/src/frontend/client/query_engine/two_pc/statement.rs:40;+1 more	BEGIN ;; SELECT 1 ;; PREPARE TRANSACTION 'loams_inv_gid'	pending-target	48ae5d4b3e9439dc7bade9bc48b7c91b40e00bce40e336264780889d87f42515			
02d0f12faf5eed84	copy	dynamic:data_sync	COPY "copy_data"."countries" ("id", "code", "name") TO STDOUT WITH (FORMAT binary)	pending-target	be6d4e4c121dcb4a584c0665b40730c5d54fa23634e8645bae16291bb3cb26d6			
08d0345fa4a62a1d	copy	dynamic:pgbench	COPY copy_test_types FROM STDIN WITH (FORMAT csv, HEADER)	pending-target	90ed9cadd6e5d30c319d0cbbf069c2a9a01418f445744f881c15165ee8d07505		reference error 42P01: relation "copy_test_types" does not exist	
12d19176c43ef857	copy	dynamic:resharding	COPY "public"."tasks" ("id", "tenant_id", "project_id", "assignee_account_id", "title", "state", "created_at") TO STDOUT WITH (FORMAT binary)	pending-target	be6d4e4c121dcb4a584c0665b40730c5d54fa23634e8645bae16291bb3cb26d6			
130ec9573511f7af	copy	dynamic:baseline	COPY (SELECT id, kind FROM events WHERE kind = 'copy') TO STDOUT	pending-target	3a2819d3c999f3020dca74b24bad91ed581b881280c35524d9cad815848d4947			
26305bb389fac7e3	copy	dynamic:data_sync	COPY "copy_data"."full_identity_events" ("tenant_id", "seq", "label", "body") FROM STDIN WITH (FORMAT binary)	pending-target	28391366c7930acab168be93560d04def5b7e240673c0d361cd8c42a9b4e8e2c		reference error 22P04: COPY file signature not recognized	
2bf334e2de7b92e2	copy	dynamic:data_sync	COPY "copy_data"."users" ("id", "tenant_id", "email", "created_at", "settings") FROM STDIN WITH (FORMAT binary)	pending-target	28391366c7930acab168be93560d04def5b7e240673c0d361cd8c42a9b4e8e2c		reference error 22P04: COPY file signature not recognized	
2df544592109d498	copy	dynamic:data_sync	COPY "copy_data"."log_actions" ("id", "tenant_id", "user_id", "action", "created_at") FROM STDIN WITH (FORMAT binary)	pending-target	28391366c7930acab168be93560d04def5b7e240673c0d361cd8c42a9b4e8e2c		reference error 22P04: COPY file signature not recognized	
32f5ef561e605895	copy	dynamic:pgbench	copy pgbench_branches from stdin with (freeze on)	pending-target	5e8925d155e5ed700bfd2a07ce8f92d019b427ab04f29759021669936142994c		reference error 55000: cannot perform COPY FREEZE because the table was not created or truncated in the current subtransaction	
361665e06b7f7fc0	copy	dynamic:data_sync	COPY "copy_data"."with_identity" ("id", "tenant_id") TO STDOUT WITH (FORMAT binary)	pending-target	be6d4e4c121dcb4a584c0665b40730c5d54fa23634e8645bae16291bb3cb26d6			
44cd930f0143a0a3	copy	dynamic:pgbench	COPY copy_test_types FROM STDIN WITH (FORMAT binary)	pending-target	90ed9cadd6e5d30c319d0cbbf069c2a9a01418f445744f881c15165ee8d07505		reference error 42P01: relation "copy_test_types" does not exist	
468a56f4576a64a2	copy	dynamic:baseline	COPY events (id, kind) FROM STDIN	pending-target	7c7dc49191aa526822892ca5cff3fdcc7ec3aff4b9b9cf49853a0f0dd7b4e278			
4acac6c49b055e29	copy	dynamic:data_sync	COPY "copy_data"."currencies" ("id", "code", "name", "symbol") TO STDOUT WITH (FORMAT binary)	pending-target	be6d4e4c121dcb4a584c0665b40730c5d54fa23634e8645bae16291bb3cb26d6			
4d89b1ffdc43e012	copy	dynamic:data_sync	COPY "copy_data"."event_types" ("code", "label", "description") TO STDOUT WITH (FORMAT binary)	pending-target	be6d4e4c121dcb4a584c0665b40730c5d54fa23634e8645bae16291bb3cb26d6			
507d2967ea8c1258	copy	dynamic:data_sync	COPY "copy_data"."order_items" ("user_id", "tenant_id", "order_id", "amount", "created_at", "refunded_at") TO STDOUT WITH (FORMAT binary)	pending-target	be6d4e4c121dcb4a584c0665b40730c5d54fa23634e8645bae16291bb3cb26d6			
52b9cc41d31ff01b	copy	dynamic:data_sync	COPY "copy_data"."orders" ("id", "user_id", "tenant_id", "amount", "created_at", "refunded_at") TO STDOUT WITH (FORMAT binary)	pending-target	be6d4e4c121dcb4a584c0665b40730c5d54fa23634e8645bae16291bb3cb26d6			
5a82cd07b146fc9d	copy	dynamic:data_sync	COPY "copy_data"."countries" ("id", "code", "name") FROM STDIN WITH (FORMAT binary)	pending-target	28391366c7930acab168be93560d04def5b7e240673c0d361cd8c42a9b4e8e2c		reference error 22P04: COPY file signature not recognized	
5bf1261cdcccb01c	copy	dynamic:resharding	COPY "public"."omni_to_sharded" ("id", "org_id", "name", "value", "created_at") FROM STDIN WITH (FORMAT binary)	pending-target	28391366c7930acab168be93560d04def5b7e240673c0d361cd8c42a9b4e8e2c		reference error 22P04: COPY file signature not recognized	
5d52427c0e88e7c0	copy	dynamic:pgbench	copy pgbench_accounts from stdin with (freeze on)	pending-target	5e8925d155e5ed700bfd2a07ce8f92d019b427ab04f29759021669936142994c		reference error 55000: cannot perform COPY FREEZE because the table was not created or truncated in the current subtransaction	
5e42da65dca272b2	copy	dynamic:pgbench	copy pgbench_tellers from stdin with (freeze on)	pending-target	5e8925d155e5ed700bfd2a07ce8f92d019b427ab04f29759021669936142994c		reference error 55000: cannot perform COPY FREEZE because the table was not created or truncated in the current subtransaction	
618a27550e3206e8	copy	dynamic:data_sync	COPY "copy_data"."event_types" ("code", "label", "description") FROM STDIN WITH (FORMAT binary)	pending-target	28391366c7930acab168be93560d04def5b7e240673c0d361cd8c42a9b4e8e2c		reference error 22P04: COPY file signature not recognized	
648e2c4e91bfd57e	copy	dynamic:resharding	COPY "public"."sharded_to_omni" ("id", "org_id", "name", "value", "created_at") FROM STDIN WITH (FORMAT binary)	pending-target	28391366c7930acab168be93560d04def5b7e240673c0d361cd8c42a9b4e8e2c		reference error 22P04: COPY file signature not recognized	
6a911879a9f732e1	copy	dynamic:resharding	COPY "public"."projects" ("id", "tenant_id", "owner_account_id", "name", "status", "created_at") TO STDOUT WITH (FORMAT binary)	pending-target	be6d4e4c121dcb4a584c0665b40730c5d54fa23634e8645bae16291bb3cb26d6			
7446b3fd7b05a711	copy	dynamic:resharding	COPY "public"."sharded_to_omni" ("id", "org_id", "name", "value", "created_at") TO STDOUT WITH (FORMAT binary)	pending-target	be6d4e4c121dcb4a584c0665b40730c5d54fa23634e8645bae16291bb3cb26d6			
755ee094341ea54e	copy	pgdog/src/backend/replication/logical/copy_statement.rs:97;pgdog/src/backend/replication/logical/copy_statement.rs:102;pgdog/src/backend/replication/logical/copy_statement.rs:117;pgdog/src/backend/replication/logical/copy_statement.rs:122	COPY (SELECT 1::int8 AS a, 'x'::text AS b) TO STDOUT (FORMAT BINARY)	pending-target	064e7cdd5df4da3309ebf7cf9077dedf0e04ec47cf7408ac4dc877b2f5ede550			
7f10c38b6c8f6d4b	copy	dynamic:data_sync	COPY "copy_data"."posts" ("id", "tenant_id", "title", "body") FROM STDIN WITH (FORMAT binary)	pending-target	28391366c7930acab168be93560d04def5b7e240673c0d361cd8c42a9b4e8e2c		reference error 22P04: COPY file signature not recognized	
904e43a0804d2b6d	copy	dynamic:data_sync	COPY "copy_data"."categories" ("id", "name", "parent_id") FROM STDIN WITH (FORMAT binary)	pending-target	28391366c7930acab168be93560d04def5b7e240673c0d361cd8c42a9b4e8e2c		reference error 22P04: COPY file signature not recognized	
9182278e41805f85	copy	dynamic:data_sync	COPY "copy_data"."full_identity_events" ("tenant_id", "seq", "label", "body") TO STDOUT WITH (FORMAT binary)	pending-target	be6d4e4c121dcb4a584c0665b40730c5d54fa23634e8645bae16291bb3cb26d6			
92ebe5ed73f8288e	copy	dynamic:resharding	COPY "public"."settings" ("id", "name", "value", "created_at") TO STDOUT WITH (FORMAT binary)	pending-target	be6d4e4c121dcb4a584c0665b40730c5d54fa23634e8645bae16291bb3cb26d6			
a5808f998adac5ed	copy	dynamic:data_sync	COPY "copy_data"."currencies" ("id", "code", "name", "symbol") FROM STDIN WITH (FORMAT binary)	pending-target	28391366c7930acab168be93560d04def5b7e240673c0d361cd8c42a9b4e8e2c		reference error 22P04: COPY file signature not recognized	
a8f11ec737468fcf	copy	dynamic:data_sync	COPY "copy_data"."orders" ("id", "user_id", "tenant_id", "amount", "created_at", "refunded_at") FROM STDIN WITH (FORMAT binary)	pending-target	28391366c7930acab168be93560d04def5b7e240673c0d361cd8c42a9b4e8e2c		reference error 22P04: COPY file signature not recognized	
ac5f97dd45c30a80	copy	dynamic:resharding	COPY "public"."tenants" ("id", "name", "billing_email", "created_at") TO STDOUT WITH (FORMAT binary)	pending-target	be6d4e4c121dcb4a584c0665b40730c5d54fa23634e8645bae16291bb3cb26d6			
ae138cfdc9b28de6	copy	dynamic:data_sync	COPY "copy_data"."log_actions" ("id", "tenant_id", "user_id", "action", "created_at") TO STDOUT WITH (FORMAT binary)	pending-target	be6d4e4c121dcb4a584c0665b40730c5d54fa23634e8645bae16291bb3cb26d6			
ae4f7b5101da4cb5	copy	dynamic:data_sync	COPY "copy_data"."users_1" ("id", "tenant_id", "email", "created_at", "settings") TO STDOUT WITH (FORMAT binary)	pending-target	be6d4e4c121dcb4a584c0665b40730c5d54fa23634e8645bae16291bb3cb26d6			
b1c66eddc7e9655c	copy	dynamic:pgbench	COPY copy_test_types TO STDOUT WITH (FORMAT binary)	pending-target	90ed9cadd6e5d30c319d0cbbf069c2a9a01418f445744f881c15165ee8d07505		reference error 42P01: relation "copy_test_types" does not exist	
b48c1aaccb922d5e	copy	dynamic:data_sync	COPY "copy_data"."settings" ("id", "setting_name", "setting_value") TO STDOUT WITH (FORMAT binary)	pending-target	be6d4e4c121dcb4a584c0665b40730c5d54fa23634e8645bae16291bb3cb26d6			
b71c0f8008a0d86e	copy	dynamic:resharding	COPY "public"."tenants" ("id", "name", "billing_email", "created_at") FROM STDIN WITH (FORMAT binary)	pending-target	28391366c7930acab168be93560d04def5b7e240673c0d361cd8c42a9b4e8e2c		reference error 22P04: COPY file signature not recognized	
b988ba98149175e8	copy	dynamic:data_sync	COPY "copy_data"."categories" ("id", "name", "parent_id") TO STDOUT WITH (FORMAT binary)	pending-target	be6d4e4c121dcb4a584c0665b40730c5d54fa23634e8645bae16291bb3cb26d6			
baaad1384775ab02	copy	dynamic:resharding	COPY "public"."settings" ("id", "name", "value", "created_at") FROM STDIN WITH (FORMAT binary)	pending-target	28391366c7930acab168be93560d04def5b7e240673c0d361cd8c42a9b4e8e2c		reference error 22P04: COPY file signature not recognized	
be3f4772c4552397	copy	dynamic:data_sync	COPY "copy_data"."posts" ("id", "tenant_id", "title", "body") TO STDOUT WITH (FORMAT binary)	pending-target	be6d4e4c121dcb4a584c0665b40730c5d54fa23634e8645bae16291bb3cb26d6			
c9ed1d4899403b1d	copy	dynamic:resharding	COPY "public"."accounts" ("id", "tenant_id", "email", "full_name", "created_at") TO STDOUT WITH (FORMAT binary)	pending-target	be6d4e4c121dcb4a584c0665b40730c5d54fa23634e8645bae16291bb3cb26d6			
cc2c92ebcbfae0c1	copy	dynamic:pgbench	COPY copy_test_types TO STDOUT	pending-target	90ed9cadd6e5d30c319d0cbbf069c2a9a01418f445744f881c15165ee8d07505		reference error 42P01: relation "copy_test_types" does not exist	
ce38b38d6147ec87	copy	dynamic:pgbench	COPY copy_test_types TO STDOUT WITH (FORMAT csv, HEADER)	pending-target	90ed9cadd6e5d30c319d0cbbf069c2a9a01418f445744f881c15165ee8d07505		reference error 42P01: relation "copy_test_types" does not exist	
d2906424286f910c	copy	dynamic:data_sync	COPY "copy_data"."with_identity" ("id", "tenant_id") FROM STDIN WITH (FORMAT binary)	pending-target	28391366c7930acab168be93560d04def5b7e240673c0d361cd8c42a9b4e8e2c		reference error 22P04: COPY file signature not recognized	
d37f00f32e6071a2	copy	dynamic:data_sync	COPY "copy_data"."users_0" ("id", "tenant_id", "email", "created_at", "settings") TO STDOUT WITH (FORMAT binary)	pending-target	be6d4e4c121dcb4a584c0665b40730c5d54fa23634e8645bae16291bb3cb26d6			
e3210fe1e6d8bb82	copy	dynamic:resharding	COPY "public"."omni_to_sharded" ("id", "org_id", "name", "value", "created_at") TO STDOUT WITH (FORMAT binary)	pending-target	be6d4e4c121dcb4a584c0665b40730c5d54fa23634e8645bae16291bb3cb26d6			
e4225c7f79020abd	copy	dynamic:data_sync	COPY "copy_data"."order_items" ("user_id", "tenant_id", "order_id", "amount", "created_at", "refunded_at") FROM STDIN WITH (FORMAT binary)	pending-target	28391366c7930acab168be93560d04def5b7e240673c0d361cd8c42a9b4e8e2c		reference error 22P04: COPY file signature not recognized	
e79aa9f420e97515	copy	dynamic:resharding	COPY "public"."task_comments" ("id", "tenant_id", "task_id", "author_account_id", "body", "created_at") TO STDOUT WITH (FORMAT binary)	pending-target	be6d4e4c121dcb4a584c0665b40730c5d54fa23634e8645bae16291bb3cb26d6			
e8e279f5f063be60	copy	dynamic:resharding	COPY "public"."accounts" ("id", "tenant_id", "email", "full_name", "created_at") FROM STDIN WITH (FORMAT binary)	pending-target	28391366c7930acab168be93560d04def5b7e240673c0d361cd8c42a9b4e8e2c		reference error 22P04: COPY file signature not recognized	
ebbcc48717a3ce90	copy	dynamic:data_sync	COPY "copy_data"."settings" ("id", "setting_name", "setting_value") FROM STDIN WITH (FORMAT binary)	pending-target	28391366c7930acab168be93560d04def5b7e240673c0d361cd8c42a9b4e8e2c		reference error 22P04: COPY file signature not recognized	
f11d8a9993c12c44	copy	dynamic:pgbench	COPY copy_test_types FROM STDIN	pending-target	90ed9cadd6e5d30c319d0cbbf069c2a9a01418f445744f881c15165ee8d07505		reference error 42P01: relation "copy_test_types" does not exist	
f396db672fd8891d	copy	dynamic:resharding	COPY "public"."tasks" ("id", "tenant_id", "project_id", "assignee_account_id", "title", "state", "created_at") FROM STDIN WITH (FORMAT binary)	pending-target	28391366c7930acab168be93560d04def5b7e240673c0d361cd8c42a9b4e8e2c		reference error 22P04: COPY file signature not recognized	
f3ac67f80ca2921e	copy	dynamic:resharding	COPY "public"."task_comments" ("id", "tenant_id", "task_id", "author_account_id", "body", "created_at") FROM STDIN WITH (FORMAT binary)	pending-target	28391366c7930acab168be93560d04def5b7e240673c0d361cd8c42a9b4e8e2c		reference error 22P04: COPY file signature not recognized	
fcfc7f6659716700	copy	dynamic:resharding	COPY "public"."projects" ("id", "tenant_id", "owner_account_id", "name", "status", "created_at") FROM STDIN WITH (FORMAT binary)	pending-target	28391366c7930acab168be93560d04def5b7e240673c0d361cd8c42a9b4e8e2c		reference error 22P04: COPY file signature not recognized	
fde13173c1c6353f	copy	dynamic:baseline	COPY (SELECT id, kind FROM events WHERE kind = $1) TO STDOUT	pending-target	de6afee3351ab9c679c29ac398df3531069051486a14e2d2e9f282349f513446		reference error 42P02: there is no parameter $1	
0d8ae4abfd167d6b	health	dynamic:resharding	SELECT pid, wait_event_type, wait_event, state, left(query, $1) AS query FROM pg_stat_activity WHERE backend_type = $2 AND pid <> pg_backend_pid() ORDER BY pid	pending-target	e009dbb010efd5fb5fed94278d6ee3954c08f28c3b3fa467d568db479f457753			
65b19cd130b686b3	health	pgdog/src/backend/replication/logical/publisher/slot.rs:157;pgdog/src/backend/replication/logical/publisher/slot.rs:506	SELECT pg_current_wal_lsn()	pending-target	0a3da40aba12091c9b3f721a65b28c3dc63baf5e5982ef16b70611b80aded03d			
830a42e3757283be	health	dynamic:baseline	SHOW server_version	pending-target	4f70b7103c18737bdc76725ecaec7d73cb9e17f05c3db474cdf20358cf34410a			
add0e1d9a12050c1	health	dynamic:data_sync	SELECT COUNT(*) FROM pg_stat_activity WHERE datname = current_database() AND application_name = $1	pending-target	b7b573d82093c33c92c04da6b9e1c33363b6824bf2f36d7deee53a7b7e9ae308			
d2e9c40b1557b321	health	dynamic:baseline;dynamic:data_sync;dynamic:pgbench;dynamic:resharding;dynamic:schema_sync;dynamic:two_pc	SHOW search_path	pending-target	c1d8364ba3cec7d9fbf85d6c510c895bba15ec0ddfc4ba0bc989d34b49e1f6bf			
12c5c5f17adf084c	pool	dynamic:data_sync;dynamic:resharding;dynamic:schema_sync	SET row_security = off	pending-target	a1a2d3bd503ab98c2c495ad2a27283bccca86b57310681d521e532168db2fdbd			
2624eae25d5e2bf6	pool	pgdog/src/backend/pool/cleanup.rs:17;pgdog/src/backend/pool/guard.rs:135;pgdog/src/backend/pool/guard.rs:165	SELECT pg_try_advisory_lock(7331), pg_advisory_unlock(7331)	pending-target	fa5ee0e6fe322282e75eefaddff9247bcc499d834f907b052f320cf16f6dcc1b			
2772cca244ff8146	pool	dynamic:baseline;dynamic:resharding	SET "application_name" TO "psql"	pending-target	a1a2d3bd503ab98c2c495ad2a27283bccca86b57310681d521e532168db2fdbd			
3c0fc1a8d96a7133	pool	dynamic:data_sync;dynamic:resharding;dynamic:schema_sync	SET statement_timeout = 0	pending-target	a1a2d3bd503ab98c2c495ad2a27283bccca86b57310681d521e532168db2fdbd			
4ae9d6c33451e77d	pool	dynamic:data_sync;dynamic:resharding;dynamic:schema_sync	SET transaction_timeout = 0	pending-target	a1a2d3bd503ab98c2c495ad2a27283bccca86b57310681d521e532168db2fdbd			
576ebd6b05d5832e	pool	dynamic:data_sync;dynamic:resharding;dynamic:schema_sync	SET check_function_bodies = false	pending-target	a1a2d3bd503ab98c2c495ad2a27283bccca86b57310681d521e532168db2fdbd			
5eb3baa3a39f584d	pool	dynamic:data_sync;dynamic:resharding;dynamic:schema_sync	SET idle_in_transaction_session_timeout = 0	pending-target	a1a2d3bd503ab98c2c495ad2a27283bccca86b57310681d521e532168db2fdbd			
647bcc8a572be0bc	pool	dynamic:data_sync;dynamic:resharding	SET session_replication_role TO replica	pending-target	a1a2d3bd503ab98c2c495ad2a27283bccca86b57310681d521e532168db2fdbd			
6a1cca985fdc9cf2	pool	dynamic:pgbench	SET "application_name" TO "PgDog Pub/Sub Listener"	pending-target	a1a2d3bd503ab98c2c495ad2a27283bccca86b57310681d521e532168db2fdbd			
7264778626af99d5	pool	dynamic:data_sync;dynamic:resharding;dynamic:schema_sync	SET lock_timeout = 0	pending-target	a1a2d3bd503ab98c2c495ad2a27283bccca86b57310681d521e532168db2fdbd			
9505cacb7c710ed1	pool	dynamic:data_sync;dynamic:pgbench;dynamic:resharding	COMMIT	pending-target	a1a2d3bd503ab98c2c495ad2a27283bccca86b57310681d521e532168db2fdbd			
9dbb9ec5f5ce9768	pool	pgdog/src/backend/replication/logical/publisher/replication_stream.rs:480	SELECT pg_terminate_backend(pid) FROM pg_stat_activity WHERE false	pending-target	a1a2d3bd503ab98c2c495ad2a27283bccca86b57310681d521e532168db2fdbd			
ad71d3d6d846d1c4	pool	dynamic:data_sync;dynamic:resharding;dynamic:schema_sync	SET TRANSACTION ISOLATION LEVEL REPEATABLE READ, READ ONLY	pending-target	a1a2d3bd503ab98c2c495ad2a27283bccca86b57310681d521e532168db2fdbd			
b3cd699f8422b6bf	pool	dynamic:data_sync;dynamic:resharding;dynamic:schema_sync	SET DATESTYLE = ISO	pending-target	a1a2d3bd503ab98c2c495ad2a27283bccca86b57310681d521e532168db2fdbd			
c319932af6e7c735	pool	dynamic:data_sync;dynamic:resharding;dynamic:schema_sync	SET INTERVALSTYLE = POSTGRES	pending-target	a1a2d3bd503ab98c2c495ad2a27283bccca86b57310681d521e532168db2fdbd			
c327cae81b50bf66	pool	dynamic:data_sync;dynamic:resharding;dynamic:schema_sync	SET synchronize_seqscans TO off	pending-target	a1a2d3bd503ab98c2c495ad2a27283bccca86b57310681d521e532168db2fdbd			
d43be8c2c4b67f18	pool	dynamic:data_sync;dynamic:resharding;dynamic:schema_sync	SET extra_float_digits TO 3	pending-target	a1a2d3bd503ab98c2c495ad2a27283bccca86b57310681d521e532168db2fdbd			
da25480fb483e6ce	pool	dynamic:baseline;dynamic:pgbench	ROLLBACK	pending-target	a1a2d3bd503ab98c2c495ad2a27283bccca86b57310681d521e532168db2fdbd			
dff8eddd80831588	pool	dynamic:data_sync;dynamic:resharding	BEGIN READ ONLY ISOLATION LEVEL REPEATABLE READ	pending-target	a1a2d3bd503ab98c2c495ad2a27283bccca86b57310681d521e532168db2fdbd			
e6f07d43b5c21db0	pool	dynamic:baseline;dynamic:data_sync;dynamic:pgbench;dynamic:resharding;dynamic:schema_sync;dynamic:two_pc	BEGIN	pending-target	a1a2d3bd503ab98c2c495ad2a27283bccca86b57310681d521e532168db2fdbd			
ebe028638033eb64	pool	dynamic:pgbench;dynamic:resharding	SET "application_name" TO "pgbench"	pending-target	a1a2d3bd503ab98c2c495ad2a27283bccca86b57310681d521e532168db2fdbd			
0063d5e64aeb6a37	query	dynamic:data_sync	LOCK TABLE public.sharded, public.sharded_omni, public.sharded_varchar, public.sharded_uuid, public.sharded_list_deprecated, public.sharded_range_deprecated, public.sharded_list, public.sharded_range, public.sharded_mapping_hierarchy, public.sharded_list_uuid, pgdog.config, pgdog.validator_bigint, pgdog.validator_uuid, pgdog.pgbench_history, pgdog.pgbench_tellers, pgdog.pgbench_accounts, pgdog.pgbench_branches, copy_data.users, copy_data.users_0, copy_data.users_1, copy_data.orders, copy_data.order_items, copy_data.log_actions, copy_data.with_identity, copy_data.countries, copy_data.currencies, copy_data.categories, copy_data.settings, copy_data.posts, copy_data.full_identity_events, copy_data.event_types IN ACCESS SHARE MODE	pending-target	a1a2d3bd503ab98c2c495ad2a27283bccca86b57310681d521e532168db2fdbd			
00a59796ace767dd	query	dynamic:schema_sync (replicated-schema DDL, kind CREATE OPERATOR: 3 of 103 kept)	CREATE OPERATOR CLASS gist_int8_ops DEFAULT FOR TYPE int8 USING gist AS OPERATOR\t1\t<  , OPERATOR\t2\t<= , OPERATOR\t3\t=  , OPERATOR\t4\t>= , OPERATOR\t5\t>  , FUNCTION\t1\tgbt_int8_consistent (internal, int8, int2, oid, internal), FUNCTION\t2\tgbt_int8_union (internal, internal), FUNCTION\t3\tgbt_int8_compress (internal), FUNCTION\t4\tgbt_decompress (internal), FUNCTION\t5\tgbt_int8_penalty (internal, internal, internal), FUNCTION\t6\tgbt_int8_picksplit (internal, internal), FUNCTION\t7\tgbt_int8_same (gbtreekey16, gbtreekey16, internal), STORAGE\t\tgbtreekey16	pending-target	33fafea475b25712be94e5b957c4e5c2d17fdcb80fe5dd6c475e8c6dd216fae0		replayed in an empty database: the object exists in the captured schema; reference error 42883: function gbt_int8_consistent(internal, bigint, smallint, oid, internal) does not exist	
0112aa6f3a89b7d8	query	dynamic:schema_sync	INSERT INTO core.countries (country_code, country_name, iso3, phone_prefix, currency_code, region) VALUES ($1, $2, $3, $4, $5, $6), ($7, $8, $9, $10, $11, $12), ($13, $14, $15, $16, $17, $18), ($19, $20, $21, $22, $23, $24), ($25, $26, $27, $28, $29, $30), ($31, $32, $33, $34, $35, $36), ($37, $38, $39, $40, $41, $42), ($43, $44, $45, $46, $47, $48)	pending-target	ed19188ba476f3918402ae1bc66fd5a69ddebd535ffd2da6b8f9bb40b820b7a5		reference error 23502: null value in column "country_code" of relation "countries" violates not-null constraint	
01ec62498fb0a234	query	dynamic:schema_sync (replicated-schema DDL, kind ALTER FUNCTION: 3 of 179 kept)	ALTER FUNCTION cash_dist(money, money) PARALLEL SAFE	pending-target	a1a2d3bd503ab98c2c495ad2a27283bccca86b57310681d521e532168db2fdbd			
02d58dc41b985529	query	dynamic:schema_sync (replicated-schema DDL, kind CREATE OPERATOR: 3 of 103 kept)	CREATE OPERATOR ^@> ( LEFTARG = ltree, RIGHTARG = ltree, PROCEDURE = ltree_isparent, COMMUTATOR = '^<@', RESTRICT = contsel, JOIN = contjoinsel )	pending-target	bfd930627c4f2cab25d36eb99bf14cc734d9eb6292b1f703c38b5d26f2ef0f12		replayed in an empty database: the object exists in the captured schema; reference error 42704: type "ltree" does not exist	
032a8b605097228b	query	dynamic:schema_sync (replicated-schema DDL, kind CREATE OPERATOR: 3 of 103 kept)	CREATE OPERATOR @ ( LEFTARG = ltree, RIGHTARG = ltxtquery, PROCEDURE = ltxtq_exec, COMMUTATOR = '@', RESTRICT = contsel, JOIN = contjoinsel )	pending-target	bfd930627c4f2cab25d36eb99bf14cc734d9eb6292b1f703c38b5d26f2ef0f12		replayed in an empty database: the object exists in the captured schema; reference error 42704: type "ltree" does not exist	
03a164d2389b8514	query	dynamic:schema_sync (replicated-schema DDL, kind ALTER OPERATOR: 3 of 64 kept)	ALTER OPERATOR <@ (_ltree, ltree) SET (RESTRICT = matchingsel, JOIN = matchingjoinsel)	pending-target	a1a2d3bd503ab98c2c495ad2a27283bccca86b57310681d521e532168db2fdbd			
03c1691a942d16bc	query	dynamic:resharding (workload UPDATE: 12 of 16 kept)	UPDATE settings SET name = $1 || $2 || $3 WHERE id = $4	pending-target	921ae3044d524e99de9b1ec26b7258b5550d806f5d76a337585cf3e7f08acf73			
043aabf490dd635d	query	dynamic:pgbench	vacuum pgbench_tellers	pending-target	a1a2d3bd503ab98c2c495ad2a27283bccca86b57310681d521e532168db2fdbd			
0455a6c0eaef8a61	query	dynamic:pgbench	UPDATE sharded SET value = $1 WHERE id = $2	pending-target	7c9a2e922213f4050f4801444cfedaf7748bdf925a73d6b37701feadc1b35b27			
049d3ddfbfd30f8f	query	dynamic:data_sync	DELETE FROM "copy_data"."full_identity_events" WHERE (tableoid, ctid) = (SELECT tableoid, ctid FROM "copy_data"."full_identity_events" WHERE "tenant_id" IS NOT DISTINCT FROM $1 AND "seq" IS NOT DISTINCT FROM $2 AND "label" IS NOT DISTINCT FROM $3 AND "body" IS NOT DISTINCT FROM $4 LIMIT $5)	pending-target	87bb6a9e6990034056210130c7acbceedb2af0b05a8b7591b2a5775bbcf731e1			
049e721db957c627	query	dynamic:schema_sync (replicated-schema DDL, kind ALTER OPERATOR: 3 of 64 kept)	ALTER OPERATOR FAMILY gist_uuid_ops USING gist ADD OPERATOR\t6\t<>  (uuid, uuid) , FUNCTION\t9 (uuid, uuid) gbt_uuid_fetch (internal)	pending-target	bfd930627c4f2cab25d36eb99bf14cc734d9eb6292b1f703c38b5d26f2ef0f12		replayed in an empty database: the object exists in the captured schema; reference error 42704: operator family "gist_uuid_ops" does not exist for access method "gist"	
06898075b01eab7b	query	dynamic:schema_sync (workload SELECT: 12 of 27 kept)	SELECT setval($1, COALESCE((SELECT MAX("product_id") FROM "inventory"."products"), $2), $3)	pending-target	19e933db6de90bd79e9be8a5d31be4b86411ed8dd58b7fb1341b3ac108918c0c			
0805cce8ac825186	query	dynamic:schema_sync (replicated-schema DDL, kind CREATE DOMAIN: 3 of 8 kept)	CREATE DOMAIN inventory.money_positive AS numeric(12,2) CONSTRAINT money_positive_check CHECK ((VALUE >= (0)::numeric))	pending-target	103b80de3e586ecdcf8e0d807dfb429efbb341281864c1d4ead17aac509b7409		replayed in an empty database: the object exists in the captured schema; reference error 3F000: schema "inventory" does not exist	
09c9cd32dbedf73b	query	dynamic:data_sync	UPDATE copy_data.full_identity_events SET tenant_id = $1 WHERE seq = $2	pending-target	800380defa46d8b078c3f1b920d6b545a3d9ae108be04ff9c21b0ba7c56b676b			
0b9230d63b495125	query	dynamic:baseline	SELECT name FROM pg_prepared_statements	pending-target	a1a2d3bd503ab98c2c495ad2a27283bccca86b57310681d521e532168db2fdbd			
0cecdc3f9e8cee06	query	dynamic:schema_sync (replicated-schema DDL, kind ALTER OPERATOR: 3 of 64 kept)	ALTER OPERATOR ^~ (lquery, _ltree) SET (RESTRICT = matchingsel, JOIN = matchingjoinsel)	pending-target	a1a2d3bd503ab98c2c495ad2a27283bccca86b57310681d521e532168db2fdbd			
0df133a9a00e9e88	query	dynamic:data_sync	INSERT INTO copy_data.countries (code, name) VALUES ($1, $2), ($3, $4), ($5, $6), ($7, $8), ($9, $10), ($11, $12), ($13, $14), ($15, $16), ($17, $18), ($19, $20)	pending-target	ed19188ba476f3918402ae1bc66fd5a69ddebd535ffd2da6b8f9bb40b820b7a5		reference error 23502: null value in column "code" of relation "countries" violates not-null constraint	
0e16643a6a03c2e3	query	dynamic:baseline	PREPARE __pgdog_1(bigint) AS SELECT * FROM events WHERE id = $1	pending-target	39a1ab179d2932d70f17a8af0be52de0415db6807c889ccbade0750c6a6dd235			
10d5dec62ee2e022	query	dynamic:data_sync	CREATE DATABASE pgdog1	pending-target	78186084207196762097e93063b80dae6b31f341a375988bb9c03a45ac365de6		volatile on the reference: compared by shape	
10d84255d10e64f1	query	dynamic:data_sync	INSERT INTO copy_data.with_identity (tenant_id) SELECT floor(random() * $1)::bigint FROM generate_series($2, $3)	pending-target	c53b1796ac4030affbabb42c6b59e20d107d814ddc641bd50917762e45d31ffe		reference error 42725: function generate_series(unknown, unknown) is not unique	
14ec74bafaa785c3	query	dynamic:data_sync;dynamic:resharding;dynamic:schema_sync (workload SELECT: 12 of 48 kept)	SELECT tableoid, oid, opfmethod, opfname, opfnamespace, opfowner FROM pg_opfamily	pending-target	442197406faa5630715ac5e5fde69d0be681f8982eada731140380dae471e105			
1648edcbf713d2e8	query	dynamic:data_sync (workload SELECT: 12 of 48 kept)	SELECT COUNT(*) FROM copy_data.categories	pending-target	7f724e2ce7fedebf031ac5bfc19dd4952a586ff6e681923d851abf59a742d403			
167c409ddd6ed84b	query	dynamic:resharding (workload UPDATE: 12 of 16 kept)	UPDATE "public"."task_comments" SET "tenant_id" = $2, "task_id" = $3, "author_account_id" = $4, "body" = $5, "created_at" = $6 WHERE "id" = $1	pending-target	249a6500518edf71130c7a99464a63b99bdf17002f3812420a5ddb7f3a282eee			
17231803ceb7f317	query	dynamic:pgbench	SELECT left( repeat($1, ($2 + $3) / $4), $5 )	pending-target	c53b1796ac4030affbabb42c6b59e20d107d814ddc641bd50917762e45d31ffe		reference error 42725: operator is not unique: unknown + unknown	
18d3a52deb58f72c	query	dynamic:pgbench	vacuum analyze pgbench_branches	pending-target	a1a2d3bd503ab98c2c495ad2a27283bccca86b57310681d521e532168db2fdbd			
1a3300df0dcf665e	query	dynamic:data_sync (workload SELECT: 12 of 48 kept)	SELECT COUNT(*) FROM copy_data.posts WHERE title LIKE $1	pending-target	b7b573d82093c33c92c04da6b9e1c33363b6824bf2f36d7deee53a7b7e9ae308			
1d9c4285add447a9	query	dynamic:data_sync	UPDATE "copy_data"."posts" SET "tenant_id" = $2, "title" = $3 WHERE "id" = $1	pending-target	9d8635c6d7564756e73fb56abd9d8bb2e55319da83ee37dadbe684bbed95701d			
1e31ae2f1e0a0186	query	dynamic:data_sync	DELETE FROM copy_data.full_identity_events WHERE seq BETWEEN $1 AND $2	pending-target	f79075cb546e716fc44b07fb083b17681b784769f14b5e46663bf9aa3f129fc3			
1e44c8f0fcb73304	query	dynamic:baseline	UPDATE events SET amount = amount + $1 WHERE id = $2	pending-target	d211fddf55713d9a051010e1487e47af6f491df95b297559020a7ecdb6c07a00			
1e58714d76831a54	query	dynamic:data_sync	INSERT INTO copy_data.log_actions (tenant_id, action) SELECT (floor(random() * $1) + $2)::bigint AS tenant_id, (ARRAY[$3, $4, $5, $6, $7, $8])[ floor(random() * $9 + $10)::int ] AS action FROM generate_series($11, $12)	pending-target	c53b1796ac4030affbabb42c6b59e20d107d814ddc641bd50917762e45d31ffe		reference error 42725: function generate_series(unknown, unknown) is not unique	
1e9fdca55b445e5c	query	dynamic:resharding (workload UPDATE: 12 of 16 kept)	UPDATE "public"."projects" SET "tenant_id" = $2, "owner_account_id" = $3, "name" = $4, "status" = $5, "created_at" = $6 WHERE "id" = $1	pending-target	d8af1f96999c07a37858f83c27853f61f778ad6cc63f1fb0d7b1b70b02f7ea31			
20955d72cad56784	query	dynamic:baseline	INSERT INTO events (id, kind) VALUES ($1, $2), ($3, $4), ($5, $6), ($7, $8)	pending-target	ed19188ba476f3918402ae1bc66fd5a69ddebd535ffd2da6b8f9bb40b820b7a5		reference error 23502: null value in column "id" of relation "events" violates not-null constraint	
20c86313dc94387a	query	dynamic:data_sync (workload SELECT: 12 of 48 kept)	SELECT COUNT(*) FROM copy_data.full_identity_events WHERE seq = $1 AND label = $2	pending-target	65e37f9705e5090383cb3475640ebc6e58e92fd964788da951ddd9e4feccb9d1			
215d1588bd757b4a	query	dynamic:data_sync	INSERT INTO copy_data.users (id, tenant_id, email, created_at, settings) SELECT gs.id, ((gs.id - $1) % $2) + $3 AS tenant_id, format($4, gs.id, ((gs.id - $5) % $6) + $7) AS email, NOW() - (random() * interval $8) AS created_at, jsonb_build_object( $9, CASE (random() * $10)::int WHEN $11 THEN $12 WHEN $13 THEN $14 ELSE $15 END, $16, (random() > $17) ) AS settings FROM generate_series($18, $19) AS gs(id)	pending-target	b09a420ab8e3d7d5c3cb1e288c6e1cb96d4da83c26b4647bf5ebd13390f27552		reference error 25P02: current transaction is aborted, commands ignored until end of transaction block	
221d6b5c55aab000	query	dynamic:schema_sync (workload SELECT: 12 of 27 kept)	SELECT setval($1, COALESCE((SELECT MAX("variant_id") FROM "inventory"."product_variants"), $2), $3)	pending-target	19e933db6de90bd79e9be8a5d31be4b86411ed8dd58b7fb1341b3ac108918c0c			
25daa48bf1a0bdb9	query	dynamic:schema_sync (workload SELECT: 12 of 27 kept)	SELECT setval($1, COALESCE((SELECT MAX("user_id") FROM "core"."users"), $2), $3)	pending-target	19e933db6de90bd79e9be8a5d31be4b86411ed8dd58b7fb1341b3ac108918c0c			
2829f8fc54eeb3ab	query	dynamic:data_sync (workload SELECT: 12 of 48 kept)	SELECT COUNT(*) FROM copy_data.event_types	pending-target	7f724e2ce7fedebf031ac5bfc19dd4952a586ff6e681923d851abf59a742d403			
289201676bea367f	query	dynamic:schema_sync (replicated-schema DDL, kind CREATE DOMAIN: 3 of 8 kept)	CREATE DOMAIN inventory.money_positive AS NUMERIC(12,2) CHECK (VALUE >= 0)	pending-target	103b80de3e586ecdcf8e0d807dfb429efbb341281864c1d4ead17aac509b7409		replayed in an empty database: the object exists in the captured schema; reference error 3F000: schema "inventory" does not exist	
2999500b87c1c40a	query	dynamic:resharding (workload UPDATE: 12 of 16 kept)	UPDATE "public"."accounts" SET "tenant_id" = $2, "email" = $3, "full_name" = $4, "created_at" = $5 WHERE "id" = $1	pending-target	5c04da229da0120b7d2a2ef0d84929662514424366c2695c80371f01439e7dac			
2a6fa69071c0dd32	query	dynamic:schema_sync (workload SELECT: 12 of 27 kept)	SELECT setval($1, COALESCE((SELECT MAX("setting_id") FROM "core"."settings"), $2), $3)	pending-target	19e933db6de90bd79e9be8a5d31be4b86411ed8dd58b7fb1341b3ac108918c0c			
2aa7291fedeba253	query	dynamic:pgbench	SELECT SUM(($1 || SUBSTR(MD5(copy_test_types::TEXT), $2, $3))::BIT(32)::BIGINT) FROM copy_test_types	pending-target	90ed9cadd6e5d30c319d0cbbf069c2a9a01418f445744f881c15165ee8d07505		reference error 42P01: relation "copy_test_types" does not exist	
2b4db43723532b73	query	dynamic:pgbench	UPDATE pgbench_tellers SET tbalance = tbalance + $1 WHERE tid = $2	pending-target	f79075cb546e716fc44b07fb083b17681b784769f14b5e46663bf9aa3f129fc3			
2ea2458ed3c32e64	query	dynamic:schema_sync (replicated-schema DDL, kind CREATE DATABASE: 3 of 5 kept)	CREATE DATABASE pgdog2_shard_1	pending-target	78186084207196762097e93063b80dae6b31f341a375988bb9c03a45ac365de6		volatile on the reference: compared by shape	
30ab1343ecf8d7d8	query	dynamic:baseline	INSERT INTO events (id, kind) VALUES ($1, $2)	pending-target	ed19188ba476f3918402ae1bc66fd5a69ddebd535ffd2da6b8f9bb40b820b7a5		reference error 23502: null value in column "id" of relation "events" violates not-null constraint	
31375d9f1bb08a21	query	dynamic:resharding (workload UPDATE: 12 of 16 kept)	UPDATE sharded_to_omni SET name = $1 || $2 || $3 WHERE id = $4	pending-target	921ae3044d524e99de9b1ec26b7258b5550d806f5d76a337585cf3e7f08acf73			
316ec78453721c5a	query	dynamic:data_sync (workload SELECT: 12 of 48 kept)	SELECT setval($1, COALESCE((SELECT MAX("id") FROM "pgdog"."validator_bigint"), $2), $3)	pending-target	19e933db6de90bd79e9be8a5d31be4b86411ed8dd58b7fb1341b3ac108918c0c			
3536e70eed1efd70	query	dynamic:data_sync (workload SELECT: 12 of 48 kept)	SELECT setval($1, COALESCE((SELECT MAX("id") FROM "copy_data"."settings"), $2), $3)	pending-target	19e933db6de90bd79e9be8a5d31be4b86411ed8dd58b7fb1341b3ac108918c0c			
375fa1233f1f09a8	query	dynamic:resharding	SELECT $1	pending-target	15be3829bb5d51dbd418380369be91f88e2fa456c6c6aa687b4e2d260a1f2e30			
3a18450cee72c9b0	query	dynamic:data_sync	UPDATE copy_data.full_identity_events SET label = $1 || seq WHERE seq BETWEEN $2 AND $3	pending-target	cf505f409115ebc1fc9ca49f8efcd8d830a389fb7765f5dc438b274f4ffba15d			
3af928fdd339dcf7	query	dynamic:schema_sync (replicated-schema DDL, kind CREATE OR REPLACE VIEW: 3 of 5 kept)	CREATE OR REPLACE VIEW analytics.category_revenue_monthly AS SELECT date_trunc('month'::text, o.created_at) AS month, c.category_id, c.category_name, count(DISTINCT o.order_id) AS order_count, sum(oi.quantity) AS units_sold, sum(oi.total_price) AS total_revenue FROM sales.orders o JOIN sales.order_items oi ON o.order_id = oi.order_id LEFT JOIN inventory.products p ON oi.product_id = p.product_id LEFT JOIN inventory.categories c ON p.category_id = c.category_id WHERE o.status <> ALL(ARRAY['cancelled'::sales.order_status, 'refunded'::sales.order_status]) AND o.created_at >= (current_date - '2 years'::interval) GROUP BY date_trunc('month'::text, o.created_at), c.category_id, c.category_name	pending-target	a1a2d3bd503ab98c2c495ad2a27283bccca86b57310681d521e532168db2fdbd			
3c84b5de3f8f4483	query	dynamic:schema_sync (replicated-schema DDL, kind DROP DATABASE: 3 of 5 kept)	DROP DATABASE IF EXISTS pgdog2_shard_2	pending-target	a1a2d3bd503ab98c2c495ad2a27283bccca86b57310681d521e532168db2fdbd			
3d285a72d03fc515	query	dynamic:data_sync (workload SELECT: 12 of 48 kept)	SELECT setval($1, COALESCE((SELECT MAX("id") FROM "copy_data"."countries"), $2), $3)	pending-target	19e933db6de90bd79e9be8a5d31be4b86411ed8dd58b7fb1341b3ac108918c0c			
3daa79a5ad907f24	query	dynamic:schema_sync	INSERT INTO inventory.products (sku, product_name, product_slug, brand_id, category_id, description, status, base_price, weight, tags) VALUES ($1, $2, $3, $4, $5, $6, $7, $8, $9, ARRAY[$10, $11, $12]), ($13, $14, $15, $16, $17, $18, $19, $20, $21, ARRAY[$22, $23, $24]), ($25, $26, $27, $28, $29, $30, $31, $32, $33, ARRAY[$34, $35, $36])	pending-target	ed19188ba476f3918402ae1bc66fd5a69ddebd535ffd2da6b8f9bb40b820b7a5		reference error 23502: null value in column "sku" of relation "products" violates not-null constraint	
3e10ff0014aad330	query	dynamic:resharding (workload INSERT: 12 of 16 kept)	INSERT INTO "public"."omni_to_sharded" ("id", "org_id", "name", "value", "created_at") VALUES ($1, $2, $3, $4, $5)	pending-target	ed19188ba476f3918402ae1bc66fd5a69ddebd535ffd2da6b8f9bb40b820b7a5		reference error 23502: null value in column "id" of relation "omni_to_sharded" violates not-null constraint	
3e493f55dc84df37	query	dynamic:schema_sync (replicated-schema DDL, kind CREATE DATABASE: 3 of 5 kept)	CREATE DATABASE pgdog2_shard_2	pending-target	78186084207196762097e93063b80dae6b31f341a375988bb9c03a45ac365de6		volatile on the reference: compared by shape	
3fdd81ecdf1bb4ae	query	dynamic:baseline	DELETE FROM events WHERE id >= $1	pending-target	baf1bb139212a559ccc454e04ad0229fe6f74ab0f7f68828ec23c000f34776e7			
42ed6cd05b7b0aa8	query	dynamic:data_sync	INSERT INTO copy_data.posts (id, tenant_id, title, body) SELECT gs.id, ((gs.id - $1) % $2) + $3, format($4, gs.id),  repeat(md5(gs.id::text), $5) FROM generate_series($6, $7) AS gs(id)	pending-target	c53b1796ac4030affbabb42c6b59e20d107d814ddc641bd50917762e45d31ffe		reference error 42725: function generate_series(unknown, unknown) is not unique	
430138507276e6a5	query	dynamic:schema_sync (replicated-schema DDL, kind CREATE DATABASE: 3 of 5 kept)	CREATE DATABASE pgdog1_shard_0	pending-target	78186084207196762097e93063b80dae6b31f341a375988bb9c03a45ac365de6		volatile on the reference: compared by shape	
4307b6ff2c3f4482	query	dynamic:data_sync (workload SELECT: 12 of 48 kept)	SELECT setval($1, COALESCE((SELECT MAX("id") FROM "copy_data"."orders"), $2), $3)	pending-target	19e933db6de90bd79e9be8a5d31be4b86411ed8dd58b7fb1341b3ac108918c0c			
43c0943ad93ac9d3	query	dynamic:data_sync	UPDATE copy_data.posts SET title = title || $1 WHERE id BETWEEN $2 AND $3	pending-target	e0d73cda66b1c121fd82d968595bec2a81d7291487844947f2bbf3045e3505e4			
43d1a14b02e79275	query	dynamic:data_sync (workload SELECT: 12 of 48 kept)	SELECT COUNT(*) FROM copy_data.full_identity_events	pending-target	7f724e2ce7fedebf031ac5bfc19dd4952a586ff6e681923d851abf59a742d403			
445244895e6061cb	query	dynamic:schema_sync (workload SELECT: 12 of 27 kept)	SELECT setval($1, COALESCE((SELECT MAX("log_id") FROM "audit"."user_activity_log"), $2), $3)	pending-target	19e933db6de90bd79e9be8a5d31be4b86411ed8dd58b7fb1341b3ac108918c0c			
44a722cde4d5ed4e	query	dynamic:baseline	SELECT kind, count(*), sum(amount) FROM events GROUP BY kind ORDER BY kind	pending-target	a1a2d3bd503ab98c2c495ad2a27283bccca86b57310681d521e532168db2fdbd			
4536653aaed50244	query	dynamic:data_sync	INSERT INTO copy_data.categories (name, parent_id) VALUES ($1, $2), ($3, $4), ($5, $6), ($7, $8), ($9, $10)	pending-target	ed19188ba476f3918402ae1bc66fd5a69ddebd535ffd2da6b8f9bb40b820b7a5		reference error 23502: null value in column "name" of relation "categories" violates not-null constraint	
45a6d5a2fa4d128d	query	dynamic:data_sync (workload SELECT: 12 of 48 kept)	SELECT COUNT(*) FROM copy_data.posts	pending-target	7f724e2ce7fedebf031ac5bfc19dd4952a586ff6e681923d851abf59a742d403			
4aa7cd95c70c8866	query	dynamic:resharding (workload INSERT: 12 of 16 kept)	INSERT INTO settings (id, name, value) VALUES ( $1, $2 || $3 || $4, $5 || $6 || $7 ) ON CONFLICT (id) DO NOTHING	pending-target	ed19188ba476f3918402ae1bc66fd5a69ddebd535ffd2da6b8f9bb40b820b7a5		reference error 23502: null value in column "id" of relation "settings" violates not-null constraint	
4b0f51d2a9bfb34a	query	dynamic:data_sync (workload SELECT: 12 of 48 kept)	SELECT COUNT(*) FROM copy_data.full_identity_events WHERE label LIKE $1	pending-target	b7b573d82093c33c92c04da6b9e1c33363b6824bf2f36d7deee53a7b7e9ae308			
4c52ba6776522279	query	dynamic:resharding (workload UPDATE: 12 of 16 kept)	UPDATE task_comments SET body = $1 || $2 || $3 WHERE id = $4	pending-target	921ae3044d524e99de9b1ec26b7258b5550d806f5d76a337585cf3e7f08acf73			
4eeb5baa096aee27	query	dynamic:pgbench	vacuum analyze pgbench_history	pending-target	a1a2d3bd503ab98c2c495ad2a27283bccca86b57310681d521e532168db2fdbd			
52d5d7260b811264	query	dynamic:resharding (workload INSERT: 12 of 16 kept)	INSERT INTO accounts (id, tenant_id, email, full_name) VALUES ( $1, $2, $3 || $4 || $5, $6 || $7 || $8 ) ON CONFLICT (id) DO NOTHING	pending-target	ed19188ba476f3918402ae1bc66fd5a69ddebd535ffd2da6b8f9bb40b820b7a5		reference error 23502: null value in column "id" of relation "accounts" violates not-null constraint	
549e7d84543e9e00	query	dynamic:resharding (workload INSERT: 12 of 16 kept)	INSERT INTO "public"."accounts" ("id", "tenant_id", "email", "full_name", "created_at") VALUES ($1, $2, $3, $4, $5)	pending-target	ed19188ba476f3918402ae1bc66fd5a69ddebd535ffd2da6b8f9bb40b820b7a5		reference error 23502: null value in column "id" of relation "accounts" violates not-null constraint	
55bda3594e2f60ce	query	dynamic:schema_sync (workload SELECT: 12 of 27 kept)	SELECT setval($1, COALESCE((SELECT MAX("shipment_id") FROM "sales"."shipments"), $2), $3)	pending-target	19e933db6de90bd79e9be8a5d31be4b86411ed8dd58b7fb1341b3ac108918c0c			
560977dfece9d83b	query	dynamic:schema_sync (replicated-schema DDL, kind CREATE OR REPLACE VIEW: 3 of 5 kept)	CREATE OR REPLACE VIEW analytics.timezone_dates AS SELECT id, ((summary ->> 'ts'::text)::timestamp with time zone AT TIME ZONE ((summary -> 'stop'::text) ->> 'tz'::text))::date AS d FROM core.timezone_source	pending-target	a1a2d3bd503ab98c2c495ad2a27283bccca86b57310681d521e532168db2fdbd			
560afb1b9067ec24	query	dynamic:pgbench	TRUNCATE copy_test_types RESTART IDENTITY	pending-target	90ed9cadd6e5d30c319d0cbbf069c2a9a01418f445744f881c15165ee8d07505		reference error 42P01: relation "copy_test_types" does not exist	
5655ba4801fd095f	query	dynamic:pgbench	UPDATE pgbench_branches SET bbalance = bbalance + $1 WHERE bid = $2	pending-target	f79075cb546e716fc44b07fb083b17681b784769f14b5e46663bf9aa3f129fc3			
57e7e105ea7937c6	query	dynamic:baseline	UPDATE events SET kind = $1 WHERE kind = $2	pending-target	08c29eb3ffce95480aaeec93a2254f4480c2d190f5bb84d98d7d9ff6535a0288			
580a9b22fe791549	query	dynamic:schema_sync (workload SELECT: 12 of 27 kept)	SELECT setval($1, COALESCE((SELECT MAX("cart_id") FROM "sales"."carts"), $2), $3)	pending-target	19e933db6de90bd79e9be8a5d31be4b86411ed8dd58b7fb1341b3ac108918c0c			
5856c569c02b9ca7	query	dynamic:baseline	DELETE FROM events WHERE kind = $1	pending-target	01b45cc2aa97ee4f3eb62b56f17a777cb13c0f8811ded1c73fa3762f0573ce5d			
592d8db85a18442b	query	dynamic:resharding (workload UPDATE: 12 of 16 kept)	UPDATE accounts SET full_name = $1 || $2 || $3 WHERE id = $4	pending-target	921ae3044d524e99de9b1ec26b7258b5550d806f5d76a337585cf3e7f08acf73			
5be0fb3c2c7ca9de	query	dynamic:resharding (workload INSERT: 12 of 16 kept)	INSERT INTO omni_to_sharded (id, org_id, name, value) VALUES ( $1, $2, $3 || $4 || $5, $6 || $7 || $8 ) ON CONFLICT (id) DO NOTHING	pending-target	ed19188ba476f3918402ae1bc66fd5a69ddebd535ffd2da6b8f9bb40b820b7a5		reference error 23502: null value in column "id" of relation "omni_to_sharded" violates not-null constraint	
5c765639fded0445	query	dynamic:schema_sync (workload SELECT: 12 of 27 kept)	SELECT setval($1, COALESCE((SELECT MAX("category_id") FROM "inventory"."categories"), $2), $3)	pending-target	19e933db6de90bd79e9be8a5d31be4b86411ed8dd58b7fb1341b3ac108918c0c			
612b713c97a6a72c	query	dynamic:resharding	SELECT locktype, relation::regclass, mode, granted, pid FROM pg_locks WHERE relation IS NOT NULL ORDER BY pid, granted DESC	pending-target	6ba1bfd9f2045b5934579dbfd45c5e3f8f4548fcd7f1c8bc9970cc603ffc20d8		volatile on the reference: compared by shape	
6279bbc0a2bfb6bd	query	dynamic:pgbench	UPDATE sharded SET value = $2 WHERE id = $1	pending-target	93213d111f1047cdabae5cf8979169b7fc49db69f51a24b1366c8a973c1b3ebf			
64565f9c0b282be6	query	dynamic:resharding (workload INSERT: 12 of 16 kept)	INSERT INTO tasks (id, tenant_id, project_id, assignee_account_id, title, state) VALUES ( $1, $2, $3, $4, $5 || $6 || $7, $8 ) ON CONFLICT (id) DO NOTHING	pending-target	ed19188ba476f3918402ae1bc66fd5a69ddebd535ffd2da6b8f9bb40b820b7a5		reference error 23502: null value in column "id" of relation "tasks" violates not-null constraint	
65710e1c4e96efcf	query	dynamic:schema_sync (workload SELECT: 12 of 27 kept)	SELECT setval($1, COALESCE((SELECT MAX("payment_id") FROM "sales"."payments"), $2), $3)	pending-target	19e933db6de90bd79e9be8a5d31be4b86411ed8dd58b7fb1341b3ac108918c0c			
66626f02f6426376	query	dynamic:schema_sync (replicated-schema DDL, kind CREATE OR REPLACE VIEW: 3 of 5 kept)	CREATE OR REPLACE VIEW analytics.low_stock_alerts AS SELECT w.warehouse_id, w.warehouse_name, p.product_id, p.product_name, p.sku, sl.quantity_available, sl.quantity_reserved, sl.reorder_point, sl.reorder_quantity, sl.quantity_available - sl.quantity_reserved AS available_for_sale FROM inventory.stock_levels sl JOIN inventory.warehouses w ON sl.warehouse_id = w.warehouse_id LEFT JOIN inventory.products p ON sl.product_id = p.product_id WHERE sl.quantity_available <= sl.reorder_point AND w.is_active = true	pending-target	a1a2d3bd503ab98c2c495ad2a27283bccca86b57310681d521e532168db2fdbd			
690ef9455f28cea6	query	dynamic:schema_sync	LOCK TABLE inventory.categories, inventory.products, sales.order_items, sales.orders, core.users, core.documents, audit.events, core.feature_flags, core.user_feature_overrides, inventory.stock_levels, inventory.warehouses, core.notifications, inventory.brands, sales.product_reviews, inventory.product_variants, core.timezone_source, audit.data_change_events, audit.security_events, audit.user_activity_log, audit.user_activity_log_2025_q1, audit.user_activity_log_2025_q2, audit.user_activity_log_2025_q3, audit.user_activity_log_2025_q4, core.addresses, core.countries, core.email_notifications, core.feature_flag_audit, core.feature_flag_audit_2025_q1, core.feature_flag_audit_2025_q2, core.feature_flag_audit_2025_q3, core.feature_flag_audit_2025_q4, core.legal_documents, core.push_notifications, core.session_data, core.session_data_p0, core.session_data_p1, core.session_data_p2, core.session_data_p3, core.settings, core.technical_documents, inventory.price_history, inventory.price_history_cat_0_100, inventory.price_history_cat_100_200, inventory.price_history_cat_200_300, inventory.price_history_cat_300_plus, inventory.stock_levels_p0, inventory.stock_levels_p1, inventory.stock_levels_p2, inventory.stock_levels_p3, inventory.stock_movements, inventory.stock_movements_2024_q4, inventory.stock_movements_2025_q1, inventory.stock_movements_2025_q2, inventory.stock_movements_2025_q3, inventory.stock_movements_2025_q4, inventory.stock_movements_2026_q1, sales.cart_items, sales.carts, sales.orders_2024_q4, sales.orders_2025_q1, sales.orders_2025_q2, sales.orders_2025_q3, sales.orders_2025_q4, sales.orders_2026_q1, sales.payments, sales.shipment_items, sales.shipments, sales.ticket_queue, sales.ticket_queue_closed, sales.ticket_queue_in_progress, sales.ticket_queue_open, sales.ticket_queue_resolved IN ACCESS SHARE MODE	pending-target	a1a2d3bd503ab98c2c495ad2a27283bccca86b57310681d521e532168db2fdbd			
6ce4a3c359a76e47	query	dynamic:schema_sync (replicated-schema DDL, kind DROP DATABASE: 3 of 5 kept)	DROP DATABASE IF EXISTS pgdog1_shard_1	pending-target	a1a2d3bd503ab98c2c495ad2a27283bccca86b57310681d521e532168db2fdbd			
6d5a2bb8878e1652	query	dynamic:resharding (workload UPDATE: 12 of 16 kept)	UPDATE tenants SET name = $1 || $2 || $3 WHERE id = $4	pending-target	921ae3044d524e99de9b1ec26b7258b5550d806f5d76a337585cf3e7f08acf73			
6e2fa127fae3d712	query	dynamic:resharding (workload UPDATE: 12 of 16 kept)	UPDATE "public"."sharded_to_omni" SET "org_id" = $2, "name" = $3, "value" = $4, "created_at" = $5 WHERE "id" = $1	pending-target	eedc54f64dee3dc26baa313efd03912a9d44ac7793a10dd66107d0e9f207eeb7			
6e72b64f12300d2b	query	dynamic:schema_sync	INSERT INTO inventory.warehouses (warehouse_code, warehouse_name, address_line1, city, state_province, postal_code, country_code, is_active) VALUES ($1, $2, $3, $4, $5, $6, $7, $8), ($9, $10, $11, $12, $13, $14, $15, $16), ($17, $18, $19, $20, $21, $22, $23, $24)	pending-target	ed19188ba476f3918402ae1bc66fd5a69ddebd535ffd2da6b8f9bb40b820b7a5		reference error 23502: null value in column "warehouse_code" of relation "warehouses" violates not-null constraint	
7110247d80ad470c	query	dynamic:schema_sync (replicated-schema DDL, kind CREATE DOMAIN: 3 of 8 kept)	CREATE DOMAIN inventory.weight_kg AS numeric(8,3) CONSTRAINT weight_kg_check CHECK ((VALUE > (0)::numeric))	pending-target	103b80de3e586ecdcf8e0d807dfb429efbb341281864c1d4ead17aac509b7409		replayed in an empty database: the object exists in the captured schema; reference error 3F000: schema "inventory" does not exist	
741373b6111372b9	query	dynamic:schema_sync (replicated-schema DDL, kind DROP DATABASE: 3 of 5 kept)	DROP DATABASE IF EXISTS pgdog2_shard_0	pending-target	a1a2d3bd503ab98c2c495ad2a27283bccca86b57310681d521e532168db2fdbd			
77cc7b60c7fa48bf	query	dynamic:schema_sync (workload SELECT: 12 of 27 kept)	SELECT setval($1, COALESCE((SELECT MAX("shipment_item_id") FROM "sales"."shipment_items"), $2), $3)	pending-target	19e933db6de90bd79e9be8a5d31be4b86411ed8dd58b7fb1341b3ac108918c0c			
7d000fd6d25e3d0e	query	dynamic:pgbench	DELETE FROM sharded WHERE id = $1	pending-target	baf1bb139212a559ccc454e04ad0229fe6f74ab0f7f68828ec23c000f34776e7			
7ddec63a6279fdf4	query	dynamic:schema_sync	INSERT INTO inventory.categories (category_name, category_slug, level, path) VALUES ($1, $2, $3, $4), ($5, $6, $7, $8), ($9, $10, $11, $12), ($13, $14, $15, $16), ($17, $18, $19, $20), ($21, $22, $23, $24)	pending-target	ed19188ba476f3918402ae1bc66fd5a69ddebd535ffd2da6b8f9bb40b820b7a5		reference error 23502: null value in column "category_name" of relation "categories" violates not-null constraint	
7e363905982b4630	query	dynamic:schema_sync (workload SELECT: 12 of 27 kept)	SELECT setval($1, COALESCE((SELECT MAX("order_id") FROM "sales"."orders"), $2), $3)	pending-target	19e933db6de90bd79e9be8a5d31be4b86411ed8dd58b7fb1341b3ac108918c0c			
80e1785281bc371a	query	dynamic:schema_sync (workload SELECT: 12 of 27 kept)	SELECT setval($1, COALESCE((SELECT MAX("review_id") FROM "sales"."product_reviews"), $2), $3)	pending-target	19e933db6de90bd79e9be8a5d31be4b86411ed8dd58b7fb1341b3ac108918c0c			
85ac1e1ac59a9490	query	dynamic:resharding (workload INSERT: 12 of 16 kept)	INSERT INTO task_comments (id, tenant_id, task_id, author_account_id, body) VALUES ( $1, $2, $3, $4, $5 || $6 || $7 ) ON CONFLICT (id) DO NOTHING	pending-target	ed19188ba476f3918402ae1bc66fd5a69ddebd535ffd2da6b8f9bb40b820b7a5		reference error 23502: null value in column "id" of relation "task_comments" violates not-null constraint	
873dff2abbf7d570	query	dynamic:resharding (workload INSERT: 12 of 16 kept)	INSERT INTO "public"."tenants" ("id", "name", "billing_email", "created_at") VALUES ($1, $2, $3, $4)	pending-target	ed19188ba476f3918402ae1bc66fd5a69ddebd535ffd2da6b8f9bb40b820b7a5		reference error 23502: null value in column "id" of relation "tenants" violates not-null constraint	
8a2fbfb2a59f8178	query	dynamic:pgbench	SELECT * FROM sharded WHERE id = $1 AND value = $2	pending-target	4e3a68a147b403bf76a02edf036551f4e59465abe63fb8f9c5851756d8355a0a			
8bae65ec6f13838a	query	dynamic:resharding	LOCK TABLE public.tenants, public.accounts, public.projects, public.tasks, public.task_comments, public.settings, public.sharded_to_omni, public.omni_to_sharded IN ACCESS SHARE MODE	pending-target	a1a2d3bd503ab98c2c495ad2a27283bccca86b57310681d521e532168db2fdbd			
8be0cdcfc68f6203	query	dynamic:baseline	TRUNCATE events	pending-target	a1a2d3bd503ab98c2c495ad2a27283bccca86b57310681d521e532168db2fdbd			
914560a455936726	query	dynamic:resharding (workload UPDATE: 12 of 16 kept)	UPDATE "public"."tasks" SET "tenant_id" = $2, "project_id" = $3, "assignee_account_id" = $4, "title" = $5, "state" = $6, "created_at" = $7 WHERE "id" = $1	pending-target	afe4d4e242070dc5404e71cb099dc9de997dafdbccd937e112440626799ee036			
93e0bdec71b1350b	query	dynamic:data_sync	INSERT INTO copy_data.event_types (code, label, description) VALUES ($1,    $2,    $3), ($4,     $5,     $6), ($7, $8, $9), ($10,    $11,    $12), ($13,   $14,   $15),   ($16, $17, $18)	pending-target	ed19188ba476f3918402ae1bc66fd5a69ddebd535ffd2da6b8f9bb40b820b7a5		reference error 23502: null value in column "code" of relation "event_types" violates not-null constraint	
961e19bc28ac83b1	query	dynamic:resharding (workload INSERT: 12 of 16 kept)	INSERT INTO tenants (id, name, billing_email) VALUES ( $1, $2 || $3 || $4, $5 || $6 || $7 ) ON CONFLICT (id) DO NOTHING	pending-target	ed19188ba476f3918402ae1bc66fd5a69ddebd535ffd2da6b8f9bb40b820b7a5		reference error 23502: null value in column "id" of relation "tenants" violates not-null constraint	
9916c6d46e7e89d7	query	dynamic:data_sync	UPDATE copy_data.full_identity_events SET label = $1 WHERE seq IN ($2, $3)	pending-target	b2237e4ffc75d8b5f54ba748037e11eec312cd21b36012bbc8b11f6506a46d9a			
9a70968260a506d5	query	dynamic:data_sync	INSERT INTO "copy_data"."full_identity_events" ("tenant_id", "seq", "label", "body") VALUES ($1, $2, $3, $4)	pending-target	ed19188ba476f3918402ae1bc66fd5a69ddebd535ffd2da6b8f9bb40b820b7a5		reference error 23502: null value in column "tenant_id" of relation "full_identity_events" violates not-null constraint	
9b7f81d4f156fe2b	query	dynamic:pgbench	vacuum pgbench_branches	pending-target	a1a2d3bd503ab98c2c495ad2a27283bccca86b57310681d521e532168db2fdbd			
9bd45f9ea50d7eb5	query	dynamic:data_sync	UPDATE "copy_data"."full_identity_events" SET "tenant_id" = $5, "seq" = $6, "label" = $7 WHERE (tableoid, ctid) = (SELECT tableoid, ctid FROM "copy_data"."full_identity_events" WHERE "tenant_id" IS NOT DISTINCT FROM $1 AND "seq" IS NOT DISTINCT FROM $2 AND "label" IS NOT DISTINCT FROM $3 AND "body" IS NOT DISTINCT FROM $4 LIMIT $8)	pending-target	d2bdb8d0ee7ccd2ec5ea19f04c442b096fb6284c0e2a7e85b45f790eb7686604			
9d031d8586ff66a0	query	dynamic:resharding (workload UPDATE: 12 of 16 kept)	UPDATE omni_to_sharded SET name = $1 || $2 || $3 WHERE id = $4	pending-target	921ae3044d524e99de9b1ec26b7258b5550d806f5d76a337585cf3e7f08acf73			
9d95f4a6025ddf49	query	dynamic:resharding (workload INSERT: 12 of 16 kept)	INSERT INTO "public"."sharded_to_omni" ("id", "org_id", "name", "value", "created_at") VALUES ($1, $2, $3, $4, $5) ON CONFLICT ("id") DO UPDATE SET "org_id" = $2, "name" = $3, "value" = $4, "created_at" = $5	pending-target	ed19188ba476f3918402ae1bc66fd5a69ddebd535ffd2da6b8f9bb40b820b7a5		reference error 23502: null value in column "id" of relation "sharded_to_omni" violates not-null constraint	
9e2aabc689cddba8	query	dynamic:pgbench	DELETE FROM sharded WHERE id = $1 AND value = $2	pending-target	93213d111f1047cdabae5cf8979169b7fc49db69f51a24b1366c8a973c1b3ebf			
a4b44e69951ad4c1	query	dynamic:schema_sync	LOCK TABLE core.users, core.timezone_source, core.countries, core.addresses, inventory.categories, inventory.brands, inventory.products, inventory.product_variants, inventory.warehouses, inventory.stock_levels, inventory.stock_levels_p0, inventory.stock_levels_p1, inventory.stock_levels_p2, inventory.stock_levels_p3, inventory.stock_movements, inventory.stock_movements_2024_q4, inventory.stock_movements_2025_q1, inventory.stock_movements_2025_q2, inventory.stock_movements_2025_q3, inventory.stock_movements_2025_q4, inventory.stock_movements_2026_q1, sales.carts, sales.cart_items, sales.orders, sales.orders_2024_q4, sales.orders_2025_q1, sales.orders_2025_q2, sales.orders_2025_q3, sales.orders_2025_q4, sales.orders_2026_q1, sales.order_items, sales.payments, sales.shipments, sales.shipment_items, sales.product_reviews, audit.user_activity_log, audit.user_activity_log_2025_q1, audit.user_activity_log_2025_q2, audit.user_activity_log_2025_q3, audit.user_activity_log_2025_q4, core.settings, core.feature_flags, core.user_feature_overrides, core.documents, core.legal_documents, core.technical_documents, core.notifications, core.email_notifications, core.push_notifications, audit.events, audit.security_events, audit.data_change_events, inventory.price_history, inventory.price_history_cat_0_100, inventory.price_history_cat_100_200, inventory.price_history_cat_200_300, inventory.price_history_cat_300_plus, core.session_data, core.session_data_p0, core.session_data_p1, core.session_data_p2, core.session_data_p3, sales.ticket_queue, sales.ticket_queue_open, sales.ticket_queue_in_progress, sales.ticket_queue_resolved, sales.ticket_queue_closed, core.feature_flag_audit, core.feature_flag_audit_2025_q1, core.feature_flag_audit_2025_q2, core.feature_flag_audit_2025_q3, core.feature_flag_audit_2025_q4 IN ACCESS SHARE MODE	pending-target	a1a2d3bd503ab98c2c495ad2a27283bccca86b57310681d521e532168db2fdbd			
a540f61cb2c4fff0	query	dynamic:resharding (workload INSERT: 12 of 16 kept)	INSERT INTO "public"."settings" ("id", "name", "value", "created_at") VALUES ($1, $2, $3, $4) ON CONFLICT ("id") DO UPDATE SET "name" = $2, "value" = $3, "created_at" = $4	pending-target	ed19188ba476f3918402ae1bc66fd5a69ddebd535ffd2da6b8f9bb40b820b7a5		reference error 23502: null value in column "id" of relation "settings" violates not-null constraint	
a6fd853318157585	query	dynamic:resharding (workload UPDATE: 12 of 16 kept)	UPDATE tasks SET title = $1 || $2 || $3 WHERE id = $4	pending-target	921ae3044d524e99de9b1ec26b7258b5550d806f5d76a337585cf3e7f08acf73			
a9cc8860248d58b1	query	dynamic:baseline;dynamic:data_sync;dynamic:pgbench;dynamic:resharding;dynamic:schema_sync;dynamic:two_pc	SELECT DISTINCT proname FROM pg_proc INNER JOIN pg_aggregate ON oid = aggfnoid	pending-target	4de8bcf9483ed9759e74af4e2de0170732058b0589af042951549742b2eb51d0			
ac3f9c68a793474f	query	dynamic:resharding (workload INSERT: 12 of 16 kept)	INSERT INTO "public"."projects" ("id", "tenant_id", "owner_account_id", "name", "status", "created_at") VALUES ($1, $2, $3, $4, $5, $6)	pending-target	ed19188ba476f3918402ae1bc66fd5a69ddebd535ffd2da6b8f9bb40b820b7a5		reference error 23502: null value in column "id" of relation "projects" violates not-null constraint	
ad9d902320b6a4fe	query	dynamic:data_sync	WITH u AS (  SELECT id AS user_id, tenant_id FROM copy_data.users WHERE id BETWEEN $1 AND $2 ORDER BY id ), orders_base AS (  SELECT u.user_id AS order_id, u.user_id, u.tenant_id,  NOW() - (random() * INTERVAL $3) AS created_at,  CASE WHEN random() < $4 THEN NOW() - (random() * INTERVAL $5) ELSE $6 END AS refunded_at FROM u ), items_raw AS (  SELECT ob.order_id, ob.user_id, ob.tenant_id,  gs.i AS item_index,  ROUND(($7 + random() * $8)::numeric, $9)::float8 AS item_amount,  ob.created_at + (random() * INTERVAL $10) AS item_created_at,  CASE WHEN ob.refunded_at IS NOT NULL THEN ob.refunded_at + (random() * INTERVAL $11) ELSE $12 END AS item_refunded_at FROM orders_base ob CROSS JOIN LATERAL generate_series($13, $14 + (floor(random()*$15))::int) AS gs(i) ), order_totals AS ( SELECT order_id, user_id, tenant_id, MIN(item_created_at) AS created_at,  ROUND(SUM(item_amount)::numeric, $16)::float8 AS order_amount,  MAX(item_refunded_at) AS refunded_at FROM items_raw GROUP BY order_id, user_id, tenant_id ), ins_orders AS ( INSERT INTO copy_data.orders (id, user_id, tenant_id, amount, created_at, refunded_at) SELECT ot.order_id, ot.user_id, ot.tenant_id, ot.order_amount, ot.created_at, ot.refunded_at FROM order_totals ot RETURNING id ) INSERT INTO copy_data.order_items (user_id, tenant_id, order_id, amount, created_at, refunded_at) SELECT ir.user_id, ir.tenant_id, ir.order_id, ir.item_amount, ir.item_created_at, ir.item_refunded_at FROM items_raw ir	pending-target	b09a420ab8e3d7d5c3cb1e288c6e1cb96d4da83c26b4647bf5ebd13390f27552		reference error 25P02: current transaction is aborted, commands ignored until end of transaction block	
aed0e4cbd20d4e5b	query	dynamic:resharding	select count(*) from tasks	pending-target	7f724e2ce7fedebf031ac5bfc19dd4952a586ff6e681923d851abf59a742d403			
afd56769478fe56f	query	dynamic:pgbench	truncate pgbench_history	pending-target	a1a2d3bd503ab98c2c495ad2a27283bccca86b57310681d521e532168db2fdbd			
b0abd433836b8717	query	dynamic:data_sync	INSERT INTO copy_data.log_actions (tenant_id, user_id, action) SELECT tenant_id, id, $1 FROM copy_data.users WHERE id <= $2	pending-target	18371be3843905da198617eb108f099645ed403609fdadb8c39b4ca459e564f5			
b241ec56cc969a4f	query	dynamic:schema_sync	INSERT INTO inventory.brands (brand_name, brand_slug, description, is_active) VALUES ($1, $2, $3, $4), ($5, $6, $7, $8), ($9, $10, $11, $12)	pending-target	ed19188ba476f3918402ae1bc66fd5a69ddebd535ffd2da6b8f9bb40b820b7a5		reference error 23502: null value in column "brand_name" of relation "brands" violates not-null constraint	
b5598151decb6321	query	dynamic:baseline	SELECT * FROM events WHERE id = $1	pending-target	a6895f81b87b6f8783317dcca4159adac87c586229e03c8ad08ebfcfeb4afc9f			
b83e2eea699ea5e4	query	dynamic:data_sync	INSERT INTO copy_data.currencies (code, name, symbol) VALUES ($1, $2, $3), ($4, $5, $6), ($7, $8, $9), ($10, $11, $12), ($13, $14, $15), ($16, $17, $18), ($19, $20, $21), ($22, $23, $24), ($25, $26, $27), ($28, $29, $30)	pending-target	ed19188ba476f3918402ae1bc66fd5a69ddebd535ffd2da6b8f9bb40b820b7a5		reference error 23502: null value in column "code" of relation "currencies" violates not-null constraint	
b8f2cdf0bec70702	query	dynamic:pgbench	UPDATE pgbench_accounts SET abalance = abalance + $1 WHERE aid = $2	pending-target	f79075cb546e716fc44b07fb083b17681b784769f14b5e46663bf9aa3f129fc3			
bb806eb4449b0c60	query	dynamic:data_sync	UPDATE "copy_data"."event_types" SET "code" = $4, "label" = $5, "description" = $6 WHERE (tableoid, ctid) = (SELECT tableoid, ctid FROM "copy_data"."event_types" WHERE "code" IS NOT DISTINCT FROM $1 AND "label" IS NOT DISTINCT FROM $2 AND "description" IS NOT DISTINCT FROM $3 LIMIT $7)	pending-target	9f8c07c5942b44db54cae6eb4ce2d453b1b595ca692a8322241e22991f6ec973			
c0520b2ff734dd6c	query	dynamic:pgbench	SELECT COUNT(*) FROM copy_test_types	pending-target	90ed9cadd6e5d30c319d0cbbf069c2a9a01418f445744f881c15165ee8d07505		reference error 42P01: relation "copy_test_types" does not exist	
c4858d31804c33fd	query	dynamic:schema_sync	INSERT INTO core.users (email, username, password_hash, first_name, last_name, phone, date_of_birth, status, roles) VALUES ($1, $2, $3, $4, $5, $6, $7, $8, ARRAY[$9]::core.user_role[]), ($10, $11, $12, $13, $14, $15, $16, $17, ARRAY[$18, $19]::core.user_role[]), ($20, $21, $22, $23, $24, $25, $26, $27, ARRAY[$28]::core.user_role[])	pending-target	ed19188ba476f3918402ae1bc66fd5a69ddebd535ffd2da6b8f9bb40b820b7a5		reference error 23502: null value in column "email" of relation "users" violates not-null constraint	
c991903ec747fbc1	query	dynamic:data_sync	CREATE DATABASE pgdog2	pending-target	78186084207196762097e93063b80dae6b31f341a375988bb9c03a45ac365de6		volatile on the reference: compared by shape	
d0fc4b7e72bf7be0	query	dynamic:resharding	SELECT $1 FROM pg_database WHERE datname = $2	pending-target	c3213785786c3456b78f8ed8d29acb5fbcda2f9ced0fc3000cb0d1c19b1af32c			
d6fb0953f26584f3	query	dynamic:pgbench	vacuum analyze pgbench_tellers	pending-target	a1a2d3bd503ab98c2c495ad2a27283bccca86b57310681d521e532168db2fdbd			
d8482bb2419227fe	query	dynamic:data_sync	LOCK TABLE pgdog.validator_bigint, copy_data.categories, copy_data.countries, copy_data.currencies, copy_data.event_types, copy_data.full_identity_events, copy_data.log_actions, copy_data.order_items, copy_data.orders, copy_data.posts, copy_data.settings, copy_data.users, copy_data.users_0, copy_data.users_1, copy_data.with_identity, pgdog.config, pgdog.pgbench_accounts, pgdog.pgbench_branches, pgdog.pgbench_history, pgdog.pgbench_tellers, pgdog.validator_uuid, public.sharded, public.sharded_list, public.sharded_list_deprecated, public.sharded_list_uuid, public.sharded_mapping_hierarchy, public.sharded_omni, public.sharded_range, public.sharded_range_deprecated, public.sharded_uuid, public.sharded_varchar IN ACCESS SHARE MODE	pending-target	a1a2d3bd503ab98c2c495ad2a27283bccca86b57310681d521e532168db2fdbd			
d988c7dd884d8196	query	dynamic:pgbench	INSERT INTO pgbench_history (tid, bid, aid, delta, mtime) VALUES ($1, $2, $3, $4, CURRENT_TIMESTAMP)	pending-target	1400749237be6a9a5d944537b55050df7e3ea3f8a737744af3887ab98bf04247			
d98db33345107ca3	query	dynamic:data_sync	INSERT INTO copy_data.full_identity_events (tenant_id, seq, label, body) SELECT ((gs.id - $1) % $2) + $3         AS tenant_id, gs.id                           AS seq, $4 || gs.id               AS label, repeat(md5(gs.id::text), $5)  AS body FROM generate_series($6, $7) AS gs(id)	pending-target	c53b1796ac4030affbabb42c6b59e20d107d814ddc641bd50917762e45d31ffe		reference error 42725: function generate_series(unknown, unknown) is not unique	
da601c27c8bde621	query	dynamic:baseline	SELECT * FROM events ORDER BY id LIMIT $1	pending-target	a6895f81b87b6f8783317dcca4159adac87c586229e03c8ad08ebfcfeb4afc9f			
dbc6fb894bacf1c0	query	dynamic:two_pc	INSERT INTO omnisharded_two_pc (id, value) VALUES ($1, $2)	pending-target	ed19188ba476f3918402ae1bc66fd5a69ddebd535ffd2da6b8f9bb40b820b7a5		reference error 23502: null value in column "id" of relation "omnisharded_two_pc" violates not-null constraint	
dbda14d96d7ace4f	query	dynamic:baseline	INSERT INTO events (id, kind, amount) VALUES ($1, $2, $3), ($4, $5, $6), ($7, $8, $9), ($10, $11, $12)	pending-target	ed19188ba476f3918402ae1bc66fd5a69ddebd535ffd2da6b8f9bb40b820b7a5		reference error 23502: null value in column "id" of relation "events" violates not-null constraint	
dea759b66e769f40	query	dynamic:data_sync	UPDATE copy_data.event_types SET label = $1 WHERE code = $2	pending-target	c13868e150a3cf0c95a758bdcf94df8ed164b40b4ee3f32eb507fb02f90553d3			
e0e75f561ad22900	query	dynamic:data_sync	UPDATE copy_data.full_identity_events SET label = $1 WHERE ctid = (SELECT ctid FROM copy_data.full_identity_events WHERE seq = $2 AND label = $3 LIMIT $4)	pending-target	70d0445f4f86cd205487345b5bed9b7ab15baa974b4fde25585300d986a946fa			
e2bb95953f6bbeb2	query	dynamic:pgbench	INSERT INTO copy_test_types ( int_col, bigint_col, smallint_col, real_col, double_col, numeric_col, bool_col, char_col, varchar_col, text_col, bytea_col, date_col, time_col, timetz_col, timestamp_col, timestamptz_col, interval_col, uuid_col, json_col, jsonb_col, inet_col, cidr_col, macaddr_col, int_array, text_array ) SELECT i, i * $1::BIGINT, (i % $2)::SMALLINT, (i * $3)::REAL, (i * $4)::DOUBLE PRECISION, (i * $5)::NUMERIC(15, 4), (i % $6 = $7), LPAD(i::TEXT, $8, $9), $10 || i::TEXT, $11 || i::TEXT || $12, ($13 || LPAD(TO_HEX(i), $14, $15))::BYTEA, DATE $16 + (i % $17), TIME $18 + (i || $19)::INTERVAL, TIMETZ $20 + (i || $21)::INTERVAL, TIMESTAMP $22 + (i || $23)::INTERVAL, TIMESTAMPTZ $24 + (i || $25)::INTERVAL, (i || $26 || (i % $27) || $28)::INTERVAL, uuid_generate_v5(uuid_nil(), i::TEXT), ($29 || i || $30 || i || $31)::JSON, ($32 || i || $33)::JSONB, ($34 || (i % $35) || $36 || ((i / $37) % $38))::INET, ($39 || (i % $40) || $41)::CIDR, ($42 || LPAD(TO_HEX((i / $43) % $44), $45, $46) || $47 || LPAD(TO_HEX((i / $48) % $49), $50, $51) || $52 || LPAD(TO_HEX(i % $53), $54, $55))::MACADDR, ARRAY[i, i+$56, i+$57], ARRAY[$58 || i, $59 || (i % $60)] FROM generate_series($61, $62) AS i	pending-target	b09a420ab8e3d7d5c3cb1e288c6e1cb96d4da83c26b4647bf5ebd13390f27552		reference error 25P02: current transaction is aborted, commands ignored until end of transaction block	
e3ebc8a91df049e6	query	dynamic:data_sync	DROP DATABASE IF EXISTS pgdog2	pending-target	a1a2d3bd503ab98c2c495ad2a27283bccca86b57310681d521e532168db2fdbd			
e47b935c04f59233	query	dynamic:pgbench	INSERT INTO sharded (id, value, created_at) VALUES ($1, $2, $3) RETURNING *	pending-target	ed19188ba476f3918402ae1bc66fd5a69ddebd535ffd2da6b8f9bb40b820b7a5		reference error 23502: null value in column "id" of relation "sharded" violates not-null constraint	
e5a55272a97ace0e	query	dynamic:pgbench	vacuum analyze pgbench_accounts	pending-target	a1a2d3bd503ab98c2c495ad2a27283bccca86b57310681d521e532168db2fdbd			
e61b7ef4cdeeb4ae	query	dynamic:pgbench	truncate table pgbench_accounts, pgbench_branches, pgbench_history, pgbench_tellers	pending-target	a1a2d3bd503ab98c2c495ad2a27283bccca86b57310681d521e532168db2fdbd			
e8a781663b982aa5	query	dynamic:pgbench	select count(*) from pgbench_branches	pending-target	7f724e2ce7fedebf031ac5bfc19dd4952a586ff6e681923d851abf59a742d403			
ee3ff605b23c534e	query	dynamic:data_sync	DROP DATABASE IF EXISTS pgdog1	pending-target	a1a2d3bd503ab98c2c495ad2a27283bccca86b57310681d521e532168db2fdbd			
f0468908d623fc1b	query	dynamic:data_sync	INSERT INTO copy_data.full_identity_events (tenant_id, seq, label, body) VALUES ($1, $2, $3, repeat(md5($4), $5)), ($6, $7, $8, repeat(md5($9), $10))	pending-target	ed19188ba476f3918402ae1bc66fd5a69ddebd535ffd2da6b8f9bb40b820b7a5		reference error 23502: null value in column "tenant_id" of relation "full_identity_events" violates not-null constraint	
f8566c8e8818729a	query	dynamic:pgbench	SELECT abalance FROM pgbench_accounts WHERE aid = $1	pending-target	7791a6a943cf5f8f66257eacafda92333ddd1ca6f7b8be6170c9e2fb057a0850			
f972a5d30ec67201	query	dynamic:baseline	SELECT count(*) FROM events	pending-target	7f724e2ce7fedebf031ac5bfc19dd4952a586ff6e681923d851abf59a742d403			
07c9c11348e26ac5	replication	dynamic:data_sync (replicated-schema DDL, kind ALTER TABLE: 3 of 5 kept)	ALTER TABLE copy_data.full_identity_events REPLICA IDENTITY FULL	pending-target	a1a2d3bd503ab98c2c495ad2a27283bccca86b57310681d521e532168db2fdbd			
1f5580e7b6dadc7e	replication	dynamic:data_sync;dynamic:resharding	SELECT pg_current_wal_lsn() - confirmed_flush_lsn FROM pg_replication_slots WHERE slot_name = $1	pending-target	e1b3a375bfb2e7803c0d6bd72115e3e018e351810ce73f7fa6def2ea6326404f			
3899e534e4bac3a4	replication	dynamic:data_sync (replicated-schema DDL, kind ALTER TABLE: 3 of 5 kept)	ALTER TABLE copy_data.order_items REPLICA IDENTITY FULL	pending-target	a1a2d3bd503ab98c2c495ad2a27283bccca86b57310681d521e532168db2fdbd			
49fb3bf76c4b4c69	replication	pgdog/src/backend/replication/logical/publisher/slot.rs:208	CREATE_REPLICATION_SLOT loams_inv_slot TEMPORARY LOGICAL pgoutput	pending-target	eb513640dc701b2ea40b7728ac578f1c30dc3c25a5d29f257d8a374ea86033d7		volatile on the reference: compared by shape	
6890fa5356d41db2	replication	dynamic:data_sync (server log)	CREATE PUBLICATION loams_inv_pub FOR ALL TABLES ;; CREATE_REPLICATION_SLOT loams_inv_slot TEMPORARY LOGICAL pgoutput ;; START_REPLICATION SLOT loams_inv_slot LOGICAL 0/0 (proto_version '1', publication_names 'loams_inv_pub')	pending-target	22e7e3b80992fd0a87af62f84bb015ff33010a767d462dfa0ced38f76c75dca3			
73307af94eefcda0	replication	dynamic:data_sync;dynamic:resharding;dynamic:schema_sync	SELECT tableoid, oid, pnpubid, pnnspid FROM pg_catalog.pg_publication_namespace	pending-target	76307e88cbc1bf51e5d421e4ddb9fb29d22a4ba0a49be7486cc0c2e4c5b84c39			
73c5200109ee6e25	replication	dynamic:data_sync;dynamic:resharding;dynamic:schema_sync	SELECT s.tableoid, s.oid, s.subname, s.subowner, s.subconninfo, s.subslotname, s.subsynccommit, s.subpublications, s.subbinary, s.substream, s.subtwophasestate, s.subdisableonerr, s.subpasswordrequired, s.subrunasowner, s.suborigin, $1 AS suboriginremotelsn, $2 AS subenabled, s.subfailover FROM pg_subscription s WHERE s.subdbid = (SELECT oid FROM pg_database WHERE datname = current_database())	pending-target	a4aebc99240f3624d47fe90212e7faae1923933b4e75a53b0aa8f82fca8c856c			
74a887a51c42ebb8	replication	dynamic:data_sync (server log)	CREATE_REPLICATION_SLOT loams_inv_slot TEMPORARY LOGICAL pgoutput	pending-target	eb513640dc701b2ea40b7728ac578f1c30dc3c25a5d29f257d8a374ea86033d7		volatile on the reference: compared by shape	
7bc1ba518a993324	replication	dynamic:data_sync	SELECT pg_drop_replication_slot(slot_name) FROM pg_replication_slots WHERE database = current_database() AND NOT active	pending-target	a1a2d3bd503ab98c2c495ad2a27283bccca86b57310681d521e532168db2fdbd			
7fab4c433d59aafa	replication	dynamic:data_sync;dynamic:resharding;dynamic:schema_sync	SELECT DISTINCT n.nspname, c.relname, gpt.attrs, COALESCE(pn.nspname::text, $1) AS parent_schema, COALESCE(p.relname::text, $2)  AS parent_table FROM pg_class c JOIN pg_namespace n ON n.oid = c.relnamespace JOIN ( SELECT (pg_get_publication_tables(VARIADIC array_agg(pubname::text))).* FROM pg_publication WHERE pubname IN ($3) ) AS gpt ON gpt.relid = c.oid LEFT JOIN pg_inherits i     ON i.inhrelid = c.oid LEFT JOIN pg_class    p     ON p.oid = i.inhparent LEFT JOIN pg_namespace pn   ON pn.oid = p.relnamespace ORDER BY n.nspname, c.relname	pending-target	87c65693d823140f8daa6cd200e591be08e9014231230997f07199fce41c4c1f			
926c2406dc4b1b93	replication	pgdog/src/backend/replication/logical/publisher/replication_stream.rs:362;pgdog/src/backend/replication/logical/publisher/slot.rs:318;pgdog/src/backend/replication/logical/publisher/slot.rs:530	CREATE_REPLICATION_SLOT loams_inv_slot TEMPORARY LOGICAL pgoutput ;; DROP_REPLICATION_SLOT loams_inv_slot	pending-target	6f24009df1891939049727ee84fb0c2e53441689fcf07a72cb4c6c2eb691a8ea		volatile on the reference: compared by shape	
b16f87ea5ff71824	replication	dynamic:data_sync	SELECT EXISTS (SELECT $1 FROM pg_replication_slots s JOIN pg_stat_replication r ON r.pid = s.active_pid WHERE s.slot_name = $2 AND r.state IN ($3, $4))	pending-target	c40853b2eb1e4794a3c8c09ac79221299a0d7c1e4c26a08e48336015661f3ced			
bfdf214a8175bb38	replication	dynamic:data_sync (server log)	CREATE_REPLICATION_SLOT loams_inv_slot TEMPORARY LOGICAL pgoutput	pending-target	eb513640dc701b2ea40b7728ac578f1c30dc3c25a5d29f257d8a374ea86033d7		volatile on the reference: compared by shape	
c179c7e818f03768	replication	dynamic:data_sync;dynamic:resharding;dynamic:schema_sync	SELECT tableoid, oid, prpubid, prrelid, pg_catalog.pg_get_expr(prqual, prrelid) AS prrelqual, (CASE WHEN pr.prattrs IS NOT NULL THEN (SELECT array_agg(attname) FROM pg_catalog.generate_series($1, pg_catalog.array_upper(pr.prattrs::pg_catalog.int2[], $2)) s, pg_catalog.pg_attribute WHERE attrelid = pr.prrelid AND attnum = prattrs[s]) ELSE $3 END) prattrs FROM pg_catalog.pg_publication_rel pr	pending-target	ea39319cadcf446f5d1ae4144b9bfc8823ea6ae48a237f62e99e079dfd96e29d			
cc38fe5d8a2ece98	replication	dynamic:data_sync;dynamic:resharding;dynamic:schema_sync	SELECT p.tableoid, p.oid, p.pubname, p.pubowner, p.puballtables, p.pubinsert, p.pubupdate, p.pubdelete, p.pubtruncate, p.pubviaroot, $1 AS pubgencols FROM pg_publication p	pending-target	f2dad5571240bc050bc935d77d75e71ccf7e14f159d169815b6938e620112b63			
d2db125c99e21a9e	replication	pgdog/src/backend/replication/logical/data_sync.rs:104;pgdog/src/backend/replication/logical/publisher/replication_stream.rs:103;pgdog/src/backend/replication/logical/publisher/slot.rs:207;pgdog/src/backend/replication/logical/publisher/slot.rs:232;pgdog/src/backend/replication/logical/publisher/slot.rs:325;+3 more	CREATE PUBLICATION loams_inv_pub FOR ALL TABLES ;; CREATE_REPLICATION_SLOT loams_inv_slot TEMPORARY LOGICAL pgoutput ;; START_REPLICATION SLOT loams_inv_slot LOGICAL 0/0 (proto_version '1', publication_names 'loams_inv_pub')	pending-target	22e7e3b80992fd0a87af62f84bb015ff33010a767d462dfa0ced38f76c75dca3			
f0ae242f2219f331	replication	pgdog/src/backend/replication/logical/publisher/replication_stream.rs:362;pgdog/src/backend/replication/logical/publisher/replication_stream.rs:441;pgdog/src/backend/replication/logical/publisher/replication_stream.rs:480	SELECT slot_name, plugin, slot_type, active, confirmed_flush_lsn FROM pg_replication_slots ORDER BY slot_name	pending-target	a1a2d3bd503ab98c2c495ad2a27283bccca86b57310681d521e532168db2fdbd			
0001ecdd1b1ea225	schema-sync	dynamic:schema_sync (replicated-schema DDL, kind ALTER SEQUENCE: 3 of 27 kept)	ALTER SEQUENCE sales.product_reviews_review_id_seq OWNED BY sales.product_reviews.review_id	pending-target	a1a2d3bd503ab98c2c495ad2a27283bccca86b57310681d521e532168db2fdbd			
009c357930270477	schema-sync	dynamic:schema_sync	SELECT fk."shipping_address_id" FROM ONLY "sales"."orders_2026_q1" fk LEFT OUTER JOIN ONLY "core"."addresses" pk ON ( pk."address_id" OPERATOR(pg_catalog.=) fk."shipping_address_id") WHERE pk."address_id" IS NULL AND (fk."shipping_address_id" IS NOT NULL)	pending-target	a1a2d3bd503ab98c2c495ad2a27283bccca86b57310681d521e532168db2fdbd			
00a4b90886aa4d30	schema-sync	dynamic:schema_sync (replicated-schema DDL, kind ALTER TABLE ONLY: 3 of 183 kept)	ALTER TABLE ONLY sales.shipments ADD CONSTRAINT shipments_warehouse_id_fkey FOREIGN KEY (warehouse_id) REFERENCES inventory.warehouses(warehouse_id) NOT VALID	pending-target	103b80de3e586ecdcf8e0d807dfb429efbb341281864c1d4ead17aac509b7409		replayed in an empty database: the object exists in the captured schema; reference error 3F000: schema "sales" does not exist	
00aa867f3fc691e3	schema-sync	dynamic:schema_sync (replicated-schema DDL, kind CREATE TABLE: 3 of 144 kept)	CREATE TABLE IF NOT EXISTS inventory.stock_movements_2026_q1 (movement_id bigint DEFAULT nextval('inventory.stock_movements_movement_id_seq'::regclass) NOT NULL, warehouse_id bigint NOT NULL, product_id bigint, variant_id bigint, movement_type inventory.stock_movement_type NOT NULL, quantity int NOT NULL, reference_type varchar(50), reference_id bigint, notes text, performed_by bigint, movement_date timestamp with time zone DEFAULT now() NOT NULL, CONSTRAINT movement_product_or_variant CHECK ((product_id IS NOT NULL AND variant_id IS NULL) OR (product_id IS NULL AND variant_id IS NOT NULL)))	pending-target	a1a2d3bd503ab98c2c495ad2a27283bccca86b57310681d521e532168db2fdbd			
015a17cc2d66f915	schema-sync	dynamic:schema_sync (replicated-schema DDL, kind DROP INDEX: 3 of 198 kept)	DROP INDEX IF EXISTS "inventory"."price_history_cat_200_300_product_id_idx"	pending-target	9fb724d11bcee09402c9eada28a7cfd5a0f844c545201a38dd67ed4b3fb07e3d		reference error 2BP01: cannot drop index inventory.price_history_cat_200_300_product_id_idx because index inventory.idx_price_history_product requires it	
019259e3fc88f6c5	schema-sync	dynamic:schema_sync (replicated-schema DDL, kind CREATE TYPE: 3 of 33 kept)	CREATE TYPE sales.order_status AS ENUM ( 'pending', 'confirmed', 'processing', 'shipped', 'delivered', 'cancelled', 'refunded' )	pending-target	103b80de3e586ecdcf8e0d807dfb429efbb341281864c1d4ead17aac509b7409		replayed in an empty database: the object exists in the captured schema; reference error 3F000: schema "sales" does not exist	
0192e74bb93b93bd	schema-sync	dynamic:schema_sync	SELECT fk."warehouse_id" FROM ONLY "inventory"."stock_movements_2025_q4" fk LEFT OUTER JOIN ONLY "inventory"."warehouses" pk ON ( pk."warehouse_id" OPERATOR(pg_catalog.=) fk."warehouse_id") WHERE pk."warehouse_id" IS NULL AND (fk."warehouse_id" IS NOT NULL)	pending-target	a1a2d3bd503ab98c2c495ad2a27283bccca86b57310681d521e532168db2fdbd			
01ca50604afc2bbc	schema-sync	dynamic:schema_sync (replicated-schema DDL, kind ALTER INDEX: 3 of 152 kept)	ALTER INDEX inventory.stock_movements_pkey ATTACH PARTITION inventory.stock_movements_2025_q4_pkey	pending-target	a1a2d3bd503ab98c2c495ad2a27283bccca86b57310681d521e532168db2fdbd			
022ca08c688f4b1b	schema-sync	dynamic:data_sync (replicated-schema DDL, kind CREATE TABLE: 3 of 38 kept)	CREATE TABLE IF NOT EXISTS copy_data.countries (id bigint NOT NULL, code varchar NOT NULL, name varchar NOT NULL)	pending-target	a1a2d3bd503ab98c2c495ad2a27283bccca86b57310681d521e532168db2fdbd			
022d6749e4ed405c	schema-sync	dynamic:schema_sync (replicated-schema DDL, kind DROP INDEX: 3 of 198 kept)	DROP INDEX IF EXISTS "inventory"."price_history_cat_0_100_product_id_idx"	pending-target	9fb724d11bcee09402c9eada28a7cfd5a0f844c545201a38dd67ed4b3fb07e3d		reference error 2BP01: cannot drop index inventory.price_history_cat_0_100_product_id_idx because index inventory.idx_price_history_product requires it	
02398defd7d90dd6	schema-sync	dynamic:schema_sync (replicated-schema DDL, kind CREATE TABLE: 3 of 144 kept)	CREATE TABLE IF NOT EXISTS sales.orders_2025_q4 (order_id bigint DEFAULT nextval('sales.orders_order_id_seq'::regclass) NOT NULL, order_number varchar(50) NOT NULL, user_id bigint NOT NULL, status sales.order_status DEFAULT ('pending'::sales.order_status) NOT NULL, billing_address_id bigint, shipping_address_id bigint, currency_code char(3) DEFAULT ('USD'::bpchar) NOT NULL, subtotal_amount numeric(12, 2) NOT NULL, discount_amount numeric(12, 2) DEFAULT 0 NOT NULL, tax_amount numeric(12, 2) DEFAULT 0 NOT NULL, shipping_amount numeric(12, 2) DEFAULT 0 NOT NULL, total_amount numeric(12, 2) NOT NULL, discount_percentage numeric(5, 2) GENERATED ALWAYS AS (CASE WHEN subtotal_amount > 0::numeric THEN (discount_amount / subtotal_amount) * 100::numeric ELSE 0::numeric END) STORED, effective_tax_rate numeric(5, 2) GENERATED ALWAYS AS (CASE WHEN subtotal_amount > 0::numeric THEN (tax_amount / subtotal_amount) * 100::numeric ELSE 0::numeric END) STORED, coupon_code varchar(50), notes text, ip_address inet, user_agent text, metadata jsonb DEFAULT ('{}'::jsonb), created_at timestamp with time zone DEFAULT now() NOT NULL, updated_at timestamp with time zone DEFAULT now() NOT NULL, confirmed_at timestamp with time zone, shipped_at timestamp with time zone, delivered_at timestamp with time zone, cancelled_at timestamp with time zone, CONSTRAINT orders_amounts_positive CHECK (subtotal_amount >= 0::numeric AND discount_amount >= 0::numeric AND tax_amount >= 0::numeric AND shipping_amount >= 0::numeric AND total_amount >= 0::numeric))	pending-target	a1a2d3bd503ab98c2c495ad2a27283bccca86b57310681d521e532168db2fdbd			
023a21c54f4f2233	schema-sync	dynamic:schema_sync (replicated-schema DDL, kind CREATE TABLE: 3 of 144 kept)	CREATE TABLE audit.security_events ( ip_address INET, user_agent TEXT, severity VARCHAR(20) NOT NULL DEFAULT 'info', was_blocked BOOLEAN NOT NULL DEFAULT FALSE ) INHERITS (audit.events)	pending-target	103b80de3e586ecdcf8e0d807dfb429efbb341281864c1d4ead17aac509b7409		replayed in an empty database: the object exists in the captured schema; reference error 3F000: schema "audit" does not exist	
0249835b4c9a0949	schema-sync	dynamic:schema_sync (replicated-schema DDL, kind ALTER INDEX: 3 of 152 kept)	ALTER INDEX sales.idx_orders_user ATTACH PARTITION sales.orders_2025_q2_user_id_created_at_idx	pending-target	a1a2d3bd503ab98c2c495ad2a27283bccca86b57310681d521e532168db2fdbd			
02916e639e70a1fa	schema-sync	dynamic:schema_sync (replicated-schema DDL, kind ALTER TABLE ONLY: 3 of 183 kept)	ALTER TABLE ONLY audit.events ALTER COLUMN event_id SET DEFAULT nextval('audit.events_event_id_seq'::regclass)	pending-target	a1a2d3bd503ab98c2c495ad2a27283bccca86b57310681d521e532168db2fdbd			
029607efa4ae9ddd	schema-sync	dynamic:schema_sync (replicated-schema DDL, kind ALTER INDEX: 3 of 152 kept)	ALTER INDEX inventory.idx_movements_product ATTACH PARTITION inventory.stock_movements_2025_q1_product_id_movement_date_idx	pending-target	a1a2d3bd503ab98c2c495ad2a27283bccca86b57310681d521e532168db2fdbd			
02b4f79f9baae9c8	schema-sync	dynamic:schema_sync	COMMENT ON TABLE core.users IS 'User accounts with role-based access control'	pending-target	a1a2d3bd503ab98c2c495ad2a27283bccca86b57310681d521e532168db2fdbd			
02c75e8c7ee73d6a	schema-sync	dynamic:schema_sync (replicated-schema DDL, kind CREATE INDEX: 3 of 258 kept)	CREATE INDEX idx_product_performance_revenue ON analytics.product_performance(total_revenue DESC NULLS LAST)	pending-target	103b80de3e586ecdcf8e0d807dfb429efbb341281864c1d4ead17aac509b7409		replayed in an empty database: the object exists in the captured schema; reference error 3F000: schema "analytics" does not exist	
02caeafceeaa8828	schema-sync	dynamic:schema_sync (replicated-schema DDL, kind ALTER FUNCTION: 3 of 179 kept)	ALTER FUNCTION gbt_enum_same(gbtreekey8, gbtreekey8, internal) PARALLEL SAFE	pending-target	a1a2d3bd503ab98c2c495ad2a27283bccca86b57310681d521e532168db2fdbd			
02f720a4e7bc7b33	schema-sync	dynamic:data_sync (replicated-schema DDL, kind ALTER TABLE ONLY: 3 of 33 kept)	ALTER TABLE ONLY copy_data.countries ADD CONSTRAINT countries_pkey PRIMARY KEY (id)	pending-target	336505d171d76af7b4875c3e9191d0f17be074de6f2ceb1d18bfe4de0eaea2d5		reference error 42P16: multiple primary keys for table "countries" are not allowed	
02fff49bff5591d2	schema-sync	dynamic:schema_sync (replicated-schema DDL, kind CREATE SCHEMA: 3 of 10 kept)	CREATE SCHEMA IF NOT EXISTS sales	pending-target	a1a2d3bd503ab98c2c495ad2a27283bccca86b57310681d521e532168db2fdbd			
0302d68041ef40c9	schema-sync	dynamic:schema_sync (replicated-schema DDL, kind CREATE INDEX: 3 of 258 kept)	CREATE INDEX CONCURRENTLY IF NOT EXISTS session_data_p0_expires_at_idx ON core.session_data_p0 USING btree (expires_at)	pending-target	a1a2d3bd503ab98c2c495ad2a27283bccca86b57310681d521e532168db2fdbd			
03153e006a00c4a0	schema-sync	dynamic:schema_sync (replicated-schema DDL, kind ALTER TABLE ONLY: 3 of 183 kept)	ALTER TABLE ONLY core.settings ALTER COLUMN setting_id SET DEFAULT nextval('core.settings_setting_id_seq'::regclass)	pending-target	a1a2d3bd503ab98c2c495ad2a27283bccca86b57310681d521e532168db2fdbd			
0316cd9398be1f79	schema-sync	dynamic:schema_sync (replicated-schema DDL, kind ALTER FUNCTION: 3 of 179 kept)	ALTER FUNCTION float8_dist(double precision, double precision) PARALLEL SAFE	pending-target	a1a2d3bd503ab98c2c495ad2a27283bccca86b57310681d521e532168db2fdbd			
031914f8d6c90738	schema-sync	dynamic:schema_sync (replicated-schema DDL, kind CREATE SEQUENCE: 3 of 27 kept)	CREATE SEQUENCE IF NOT EXISTS core.notifications_notification_id_seq AS int START 1 INCREMENT 1 NO MINVALUE NO MAXVALUE CACHE 1	pending-target	a1a2d3bd503ab98c2c495ad2a27283bccca86b57310681d521e532168db2fdbd			
031c005ceee311b3	schema-sync	dynamic:resharding (replicated-schema DDL, kind CREATE TABLE: 3 of 16 kept)	CREATE TABLE tenants ( id BIGSERIAL PRIMARY KEY, name TEXT NOT NULL, billing_email TEXT NOT NULL, created_at TIMESTAMPTZ NOT NULL DEFAULT now() )	pending-target	a1a2d3bd503ab98c2c495ad2a27283bccca86b57310681d521e532168db2fdbd		replayed in an empty database: the object exists in the captured schema	
031d823c888e97aa	schema-sync	pgdog/src/backend/schema/columns.sql:50;pgdog/src/backend/schema/foreign_keys.sql:29;pgdog/src/backend/schema/foreign_keys.sql:30;pgdog/src/backend/schema/setup.sql:164;pgdog/src/backend/schema/setup.sql:334	SELECT a.attname, a.atttypid::regtype::text FROM pg_attribute a WHERE a.attrelid = 'pg_class'::regclass AND a.attnum > 0 AND NOT a.attisdropped ORDER BY a.attnum LIMIT 5	pending-target	cba8b0d2c74f6be40f2ea006ba94e8477a50cb5d7210fd53e7def0783ed7b35b			
038c6da92f441a86	schema-sync	dynamic:data_sync (replicated-schema DDL, kind ALTER TABLE ONLY: 3 of 33 kept)	ALTER TABLE ONLY copy_data.log_actions ALTER COLUMN id SET DEFAULT nextval('copy_data.log_actions_id_seq'::regclass)	pending-target	a1a2d3bd503ab98c2c495ad2a27283bccca86b57310681d521e532168db2fdbd			
040019c40911fa1d	schema-sync	dynamic:schema_sync (replicated-schema DDL, kind CREATE INDEX: 3 of 258 kept)	CREATE INDEX CONCURRENTLY IF NOT EXISTS idx_users_roles ON core.users USING gin (roles)	pending-target	a1a2d3bd503ab98c2c495ad2a27283bccca86b57310681d521e532168db2fdbd			
04136264cbf67e0c	schema-sync	dynamic:data_sync (replicated-schema DDL, kind CREATE TABLE: 3 of 38 kept)	CREATE TABLE IF NOT EXISTS copy_data.categories ( id BIGSERIAL PRIMARY KEY, name VARCHAR NOT NULL, parent_id INT )	pending-target	a1a2d3bd503ab98c2c495ad2a27283bccca86b57310681d521e532168db2fdbd			
0421bd1a7e264602	schema-sync	dynamic:resharding (replicated-schema DDL, kind CREATE INDEX: 3 of 16 kept)	CREATE INDEX CONCURRENTLY IF NOT EXISTS idx_task_comments_task ON public.task_comments USING btree (tenant_id, task_id)	pending-target	a1a2d3bd503ab98c2c495ad2a27283bccca86b57310681d521e532168db2fdbd			
047ea9337d34b423	schema-sync	dynamic:schema_sync (replicated-schema DDL, kind CREATE TYPE: 3 of 33 kept)	CREATE TYPE core.geo_point AS ( latitude NUMERIC(9,6), longitude NUMERIC(9,6) )	pending-target	103b80de3e586ecdcf8e0d807dfb429efbb341281864c1d4ead17aac509b7409		replayed in an empty database: the object exists in the captured schema; reference error 3F000: schema "core" does not exist	
061adc9489478c08	schema-sync	dynamic:schema_sync (replicated-schema DDL, kind DROP INDEX: 3 of 198 kept)	DROP INDEX IF EXISTS "inventory"."idx_stock_product"	pending-target	a1a2d3bd503ab98c2c495ad2a27283bccca86b57310681d521e532168db2fdbd			
061dbfe91ccc3eb4	schema-sync	dynamic:schema_sync (replicated-schema DDL, kind CREATE UNIQUE: 3 of 22 kept)	CREATE UNIQUE INDEX idx_feature_flag_usage_pk ON analytics.feature_flag_usage(flag_id)	pending-target	103b80de3e586ecdcf8e0d807dfb429efbb341281864c1d4ead17aac509b7409		replayed in an empty database: the object exists in the captured schema; reference error 3F000: schema "analytics" does not exist	
06700c0fd0409b99	schema-sync	dynamic:pgbench (replicated-schema DDL, kind CREATE TABLE: 3 of 5 kept)	create table pgbench_tellers(tid int not null,bid int,tbalance int,filler char(84)) with (fillfactor=100)	pending-target	a1a2d3bd503ab98c2c495ad2a27283bccca86b57310681d521e532168db2fdbd		replayed in an empty database: the object exists in the captured schema	
06cde37629b2b7ea	schema-sync	dynamic:schema_sync (replicated-schema DDL, kind CREATE SEQUENCE: 3 of 27 kept)	CREATE SEQUENCE IF NOT EXISTS core.session_data_session_id_seq AS int START 1 INCREMENT 1 NO MINVALUE NO MAXVALUE CACHE 1	pending-target	a1a2d3bd503ab98c2c495ad2a27283bccca86b57310681d521e532168db2fdbd			
07612a33c19ce248	schema-sync	dynamic:schema_sync (replicated-schema DDL, kind CREATE SEQUENCE: 3 of 27 kept)	CREATE SEQUENCE IF NOT EXISTS inventory.stock_levels_stock_id_seq START 1 INCREMENT 1 NO MINVALUE NO MAXVALUE CACHE 1	pending-target	a1a2d3bd503ab98c2c495ad2a27283bccca86b57310681d521e532168db2fdbd			
07b580075d250a58	schema-sync	dynamic:resharding (replicated-schema DDL, kind CREATE TABLE: 3 of 16 kept)	CREATE TABLE IF NOT EXISTS public.settings (id bigint NOT NULL, name varchar NOT NULL, value varchar NOT NULL, created_at timestamp with time zone DEFAULT now() NOT NULL)	pending-target	a1a2d3bd503ab98c2c495ad2a27283bccca86b57310681d521e532168db2fdbd			
07b8b03ba4a73cb5	schema-sync	dynamic:data_sync;dynamic:resharding;dynamic:schema_sync	SELECT pg_catalog.current_schemas($1)	pending-target	bd954876e653e3328bc7f94edbcf01db7d7bd7b4d23ca650a2b39130c12ad35e			
085f9d01f0a7d512	schema-sync	dynamic:resharding (replicated-schema DDL, kind ALTER TABLE ONLY: 3 of 28 kept)	ALTER TABLE ONLY public.accounts ALTER COLUMN id SET DEFAULT nextval('public.accounts_id_seq'::regclass)	pending-target	a1a2d3bd503ab98c2c495ad2a27283bccca86b57310681d521e532168db2fdbd			
087c849c1358c2a0	schema-sync	dynamic:schema_sync (replicated-schema DDL, kind CREATE UNIQUE: 3 of 22 kept)	CREATE UNIQUE INDEX idx_product_performance ON analytics.product_performance(product_id)	pending-target	103b80de3e586ecdcf8e0d807dfb429efbb341281864c1d4ead17aac509b7409		replayed in an empty database: the object exists in the captured schema; reference error 3F000: schema "analytics" does not exist	
0984beb2f966a978	schema-sync	dynamic:data_sync (replicated-schema DDL, kind CREATE TABLE: 3 of 38 kept)	CREATE TABLE IF NOT EXISTS copy_data.users_0 (id bigint NOT NULL, tenant_id bigint NOT NULL, email varchar NOT NULL, created_at timestamp with time zone DEFAULT now() NOT NULL, settings jsonb DEFAULT ('{}'::jsonb) NOT NULL)	pending-target	a1a2d3bd503ab98c2c495ad2a27283bccca86b57310681d521e532168db2fdbd			
0ad0a6d3be30c491	schema-sync	dynamic:data_sync	DROP INDEX IF EXISTS "copy_data"."event_types_code_idx"	pending-target	a1a2d3bd503ab98c2c495ad2a27283bccca86b57310681d521e532168db2fdbd			
0b497bb12bbb4a16	schema-sync	dynamic:data_sync (replicated-schema DDL, kind ALTER TABLE ONLY: 3 of 33 kept)	ALTER TABLE ONLY copy_data.currencies ADD CONSTRAINT currencies_code_key UNIQUE (code)	pending-target	103b80de3e586ecdcf8e0d807dfb429efbb341281864c1d4ead17aac509b7409		replayed in an empty database: the object exists in the captured schema; reference error 3F000: schema "copy_data" does not exist	
0b746fb14c50a230	schema-sync	dynamic:schema_sync (replicated-schema DDL, kind CREATE TYPE: 3 of 33 kept)	CREATE TYPE gbtreekey8 ( INTERNALLENGTH = 8, INPUT  = gbtreekey8_in, OUTPUT = gbtreekey8_out )	pending-target	5b4909a6a07f18017c56a557a114fd43338d7fbf0f0ba1d472a433c398a001b5		replayed in an empty database: the object exists in the captured schema; reference error 42710: type "gbtreekey8" does not exist	
0ba19a4669c73db0	schema-sync	dynamic:schema_sync	SELECT fk."product_id" FROM ONLY "inventory"."stock_movements_2025_q2" fk LEFT OUTER JOIN ONLY "inventory"."products" pk ON ( pk."product_id" OPERATOR(pg_catalog.=) fk."product_id") WHERE pk."product_id" IS NULL AND (fk."product_id" IS NOT NULL)	pending-target	a1a2d3bd503ab98c2c495ad2a27283bccca86b57310681d521e532168db2fdbd			
0cf9e743170f1704	schema-sync	dynamic:schema_sync (replicated-schema DDL, kind CREATE UNIQUE: 3 of 22 kept)	CREATE UNIQUE INDEX CONCURRENTLY IF NOT EXISTS orders_2024_q4_order_number_created_at_idx ON sales.orders_2024_q4 USING btree (order_number, created_at)	pending-target	9bdb1ae8f1312f5747788ebabd64e5224a651b79f8b8b6715878d5933cc3ebdc		reference error 25001: CREATE INDEX CONCURRENTLY cannot run inside a transaction block	
0d228ce0c7766754	schema-sync	dynamic:schema_sync (replicated-schema DDL, kind CREATE MATERIALIZED: 3 of 14 kept)	CREATE MATERIALIZED VIEW IF NOT EXISTS analytics.document_summary AS SELECT d.document_id, d.title, d.created_by, u.username AS created_by_username, d.created_at, d.updated_at FROM core.documents d LEFT JOIN core.users u ON d.created_by = u.user_id  WITH NO DATA	pending-target	a1a2d3bd503ab98c2c495ad2a27283bccca86b57310681d521e532168db2fdbd			
0e130212f6410cdb	schema-sync	dynamic:resharding (replicated-schema DDL, kind CREATE TABLE: 3 of 16 kept)	CREATE TABLE IF NOT EXISTS public.omni_to_sharded (id bigint NOT NULL, org_id bigint NOT NULL, name varchar NOT NULL, value varchar NOT NULL, created_at timestamp with time zone DEFAULT now() NOT NULL)	pending-target	a1a2d3bd503ab98c2c495ad2a27283bccca86b57310681d521e532168db2fdbd			
0e2ecd07858065be	schema-sync	dynamic:data_sync	CREATE SCHEMA IF NOT EXISTS pgdog_shadow	pending-target	a1a2d3bd503ab98c2c495ad2a27283bccca86b57310681d521e532168db2fdbd			
0e88a3e4574aa183	schema-sync	dynamic:schema_sync	SELECT fk."billing_address_id" FROM ONLY "sales"."orders_2025_q1" fk LEFT OUTER JOIN ONLY "core"."addresses" pk ON ( pk."address_id" OPERATOR(pg_catalog.=) fk."billing_address_id") WHERE pk."address_id" IS NULL AND (fk."billing_address_id" IS NOT NULL)	pending-target	a1a2d3bd503ab98c2c495ad2a27283bccca86b57310681d521e532168db2fdbd			
0f5ff5be0c2ed563	schema-sync	dynamic:data_sync (replicated-schema DDL, kind CREATE SEQUENCE: 3 of 6 kept)	CREATE SEQUENCE IF NOT EXISTS copy_data.categories_id_seq START 1 INCREMENT 1 NO MINVALUE NO MAXVALUE CACHE 1	pending-target	a1a2d3bd503ab98c2c495ad2a27283bccca86b57310681d521e532168db2fdbd			
0fa8b88f93efde77	schema-sync	dynamic:schema_sync (replicated-schema DDL, kind CREATE MATERIALIZED: 3 of 14 kept)	CREATE MATERIALIZED VIEW IF NOT EXISTS analytics.customer_lifetime_value AS SELECT u.user_id, u.email, u.first_name, u.last_name, u.created_at AS customer_since, count(DISTINCT o.order_id) AS total_orders, sum(o.total_amount) AS lifetime_value, avg(o.total_amount) AS avg_order_value, max(o.created_at) AS last_order_date, min(o.created_at) AS first_order_date FROM core.users u LEFT JOIN sales.orders o ON u.user_id = o.user_id AND o.status <> ALL(ARRAY[$1::sales.order_status, $2::sales.order_status]) WHERE $3::core.user_role = ANY(u.roles) GROUP BY u.user_id, u.email, u.first_name, u.last_name, u.created_at  WITH NO DATA	pending-target	be885e90c8044d7d99e7469690b9572687d168dd0e2dff2515c159f73bc2babf		reference error 0A000: materialized views may not be defined using bound parameters	
115adcb86b8af190	schema-sync	dynamic:pgbench (replicated-schema DDL, kind CREATE TABLE: 3 of 5 kept)	create table pgbench_branches(bid int not null,bbalance int,filler char(88)) with (fillfactor=100)	pending-target	a1a2d3bd503ab98c2c495ad2a27283bccca86b57310681d521e532168db2fdbd		replayed in an empty database: the object exists in the captured schema	
11d4c676160738e8	schema-sync	dynamic:schema_sync (replicated-schema DDL, kind ALTER SEQUENCE: 3 of 27 kept)	ALTER SEQUENCE inventory.stock_levels_stock_id_seq OWNED BY inventory.stock_levels.stock_id	pending-target	a1a2d3bd503ab98c2c495ad2a27283bccca86b57310681d521e532168db2fdbd			
120d4d584249bc21	schema-sync	dynamic:resharding (replicated-schema DDL, kind ALTER TABLE ONLY: 3 of 28 kept)	ALTER TABLE ONLY public.tasks ADD CONSTRAINT tasks_tenant_id_project_id_fkey FOREIGN KEY (tenant_id, project_id) REFERENCES public.projects(tenant_id, id) NOT VALID	pending-target	90ed9cadd6e5d30c319d0cbbf069c2a9a01418f445744f881c15165ee8d07505		replayed in an empty database: the object exists in the captured schema; reference error 42P01: relation "public.tasks" does not exist	
148c4a4ae7e3d005	schema-sync	dynamic:schema_sync	SELECT fk."variant_id" FROM ONLY "inventory"."stock_levels_p2" fk LEFT OUTER JOIN ONLY "inventory"."product_variants" pk ON ( pk."variant_id" OPERATOR(pg_catalog.=) fk."variant_id") WHERE pk."variant_id" IS NULL AND (fk."variant_id" IS NOT NULL)	pending-target	a1a2d3bd503ab98c2c495ad2a27283bccca86b57310681d521e532168db2fdbd			
16b7541c3de6ad5a	schema-sync	dynamic:schema_sync	SELECT fk."performed_by" FROM ONLY "inventory"."stock_movements_2026_q1" fk LEFT OUTER JOIN ONLY "core"."users" pk ON ( pk."user_id" OPERATOR(pg_catalog.=) fk."performed_by") WHERE pk."user_id" IS NULL AND (fk."performed_by" IS NOT NULL)	pending-target	a1a2d3bd503ab98c2c495ad2a27283bccca86b57310681d521e532168db2fdbd			
181b18d444a31b9e	schema-sync	dynamic:resharding	SELECT $3 FROM ONLY "public"."accounts" x WHERE "tenant_id" OPERATOR(pg_catalog.=) $1 AND "id" OPERATOR(pg_catalog.=) $2 FOR KEY SHARE OF x	pending-target	65267f957b9f0b413d74a775d6195988da9f6862d3508dce4ef46bfd8cdda3be			
18ffdc9ad3fb34ab	schema-sync	dynamic:schema_sync (replicated-schema DDL, kind ALTER SEQUENCE: 3 of 27 kept)	ALTER SEQUENCE inventory.brands_brand_id_seq OWNED BY inventory.brands.brand_id	pending-target	a1a2d3bd503ab98c2c495ad2a27283bccca86b57310681d521e532168db2fdbd			
198207fc0a8ce07c	schema-sync	dynamic:schema_sync	ALTER OPERATOR FAMILY gist_trgm_ops USING gist ADD OPERATOR        7       %> (text, text), OPERATOR        8       <->> (text, text) FOR ORDER BY pg_catalog.float_ops	pending-target	bfd930627c4f2cab25d36eb99bf14cc734d9eb6292b1f703c38b5d26f2ef0f12		replayed in an empty database: the object exists in the captured schema; reference error 42704: operator family "gist_trgm_ops" does not exist for access method "gist"	
19ce099801ec1827	schema-sync	dynamic:data_sync (replicated-schema DDL, kind ALTER SEQUENCE: 3 of 6 kept)	ALTER SEQUENCE copy_data.orders_id_seq OWNED BY copy_data.orders.id	pending-target	a1a2d3bd503ab98c2c495ad2a27283bccca86b57310681d521e532168db2fdbd			
1b5b43e1093ead60	schema-sync	dynamic:pgbench	INSERT INTO sharded (id, value, created_at) VALUES ($1, $3, $2::pg_catalog.text::timestamptz) RETURNING *	pending-target	ed19188ba476f3918402ae1bc66fd5a69ddebd535ffd2da6b8f9bb40b820b7a5		reference error 23502: null value in column "id" of relation "sharded" violates not-null constraint	
1bdba73a0521f3be	schema-sync	dynamic:schema_sync (replicated-schema DDL, kind COMMENT ON SCHEMA: 3 of 4 kept)	COMMENT ON SCHEMA audit IS 'Activity logging and audit trails'	pending-target	a1a2d3bd503ab98c2c495ad2a27283bccca86b57310681d521e532168db2fdbd			
1c63df24b311440c	schema-sync	dynamic:data_sync (replicated-schema DDL, kind ALTER TABLE: 3 of 5 kept)	ALTER TABLE copy_data.full_identity_events ALTER COLUMN body SET STORAGE EXTERNAL	pending-target	a1a2d3bd503ab98c2c495ad2a27283bccca86b57310681d521e532168db2fdbd			
1cfc800515c90f20	schema-sync	dynamic:resharding (replicated-schema DDL, kind ALTER TABLE ONLY: 3 of 28 kept)	ALTER TABLE ONLY public.task_comments ADD CONSTRAINT task_comments_tenant_id_author_account_id_fkey FOREIGN KEY (tenant_id, author_account_id) REFERENCES public.accounts(tenant_id, id) NOT VALID	pending-target	90ed9cadd6e5d30c319d0cbbf069c2a9a01418f445744f881c15165ee8d07505		replayed in an empty database: the object exists in the captured schema; reference error 42P01: relation "public.task_comments" does not exist	
1d1f34e63e690cb2	schema-sync	dynamic:data_sync	GRANT ALL ON SCHEMA public TO pgdog3	pending-target	bfd930627c4f2cab25d36eb99bf14cc734d9eb6292b1f703c38b5d26f2ef0f12		reference error 42704: role "pgdog3" does not exist	
1d9013caa9ac85a6	schema-sync	dynamic:schema_sync (replicated-schema DDL, kind ALTER TABLE: 3 of 17 kept)	ALTER TABLE inventory.price_history ADD CONSTRAINT price_history_product_id_fkey FOREIGN KEY (product_id) REFERENCES inventory.products(product_id) ON DELETE CASCADE	pending-target	103b80de3e586ecdcf8e0d807dfb429efbb341281864c1d4ead17aac509b7409		replayed in an empty database: the object exists in the captured schema; reference error 3F000: schema "inventory" does not exist	
1daa82b67f7fc5c1	schema-sync	dynamic:data_sync	GRANT ALL ON SCHEMA public TO pgdog1	pending-target	bfd930627c4f2cab25d36eb99bf14cc734d9eb6292b1f703c38b5d26f2ef0f12		reference error 42704: role "pgdog1" does not exist	
1e471ddfe6b27128	schema-sync	dynamic:schema_sync (replicated-schema DDL, kind CREATE SCHEMA: 3 of 10 kept)	CREATE SCHEMA IF NOT EXISTS analytics	pending-target	a1a2d3bd503ab98c2c495ad2a27283bccca86b57310681d521e532168db2fdbd			
1e5f11611c8dfd0c	schema-sync	dynamic:schema_sync	ALTER OPERATOR FAMILY gin_trgm_ops USING gin ADD OPERATOR        3       pg_catalog.~~ (text, text), OPERATOR        4       pg_catalog.~~* (text, text)	pending-target	bfd930627c4f2cab25d36eb99bf14cc734d9eb6292b1f703c38b5d26f2ef0f12		replayed in an empty database: the object exists in the captured schema; reference error 42704: operator family "gin_trgm_ops" does not exist for access method "gin"	
1f7476b8309394f2	schema-sync	dynamic:data_sync;dynamic:resharding;dynamic:schema_sync	SELECT tableoid, oid, fdwname, fdwowner, fdwhandler::pg_catalog.regproc, fdwvalidator::pg_catalog.regproc, fdwacl, acldefault($1, fdwowner) AS acldefault, array_to_string(ARRAY(SELECT quote_ident(option_name) || $2 || quote_literal(option_value) FROM pg_options_to_table(fdwoptions) ORDER BY option_name), $3) AS fdwoptions FROM pg_foreign_data_wrapper	pending-target	77e28732a4708c4b86521b69af4fe12cdde3dc7a8563bc2155c703038a26ae83			
1f84c8db6b20aa1a	schema-sync	dynamic:schema_sync	ALTER TYPE lquery SET ( RECEIVE = lquery_recv, SEND = lquery_send )	pending-target	a1a2d3bd503ab98c2c495ad2a27283bccca86b57310681d521e532168db2fdbd			
20b517113f38954f	schema-sync	dynamic:data_sync	SELECT DISTINCT n.nspname, c.relname FROM pg_catalog.pg_index i JOIN pg_catalog.pg_class c ON c.oid = i.indrelid JOIN pg_catalog.pg_namespace n ON n.oid = c.relnamespace WHERE (n.nspname, c.relname) IN (($1, $2)) AND i.indisunique AND i.indisvalid AND i.indisready AND i.indislive AND i.indpred IS NULL AND i.indexprs IS NULL AND ( i.indnullsnotdistinct OR NOT EXISTS ( SELECT $3 FROM unnest(i.indkey) AS k(attnum) JOIN pg_catalog.pg_attribute a ON a.attrelid = i.indrelid AND a.attnum = k.attnum WHERE NOT a.attnotnull ) )	pending-target	b96a34dd53c26a5d20860ceccb8de2b4f016040587027d3fb7af858f7bf5de1d			
21699a45b9b155d8	schema-sync	dynamic:schema_sync	SELECT fk."user_id" FROM ONLY "sales"."orders_2025_q1" fk LEFT OUTER JOIN ONLY "core"."users" pk ON ( pk."user_id" OPERATOR(pg_catalog.=) fk."user_id") WHERE pk."user_id" IS NULL AND (fk."user_id" IS NOT NULL)	pending-target	a1a2d3bd503ab98c2c495ad2a27283bccca86b57310681d521e532168db2fdbd			
21a8e8e803f76eef	schema-sync	dynamic:resharding	SELECT $3 FROM ONLY "public"."tasks" x WHERE "tenant_id" OPERATOR(pg_catalog.=) $1 AND "id" OPERATOR(pg_catalog.=) $2 FOR KEY SHARE OF x	pending-target	65267f957b9f0b413d74a775d6195988da9f6862d3508dce4ef46bfd8cdda3be			
224fdc999c0ddf0a	schema-sync	dynamic:schema_sync	SELECT fk."warehouse_id" FROM ONLY "inventory"."stock_movements_2025_q3" fk LEFT OUTER JOIN ONLY "inventory"."warehouses" pk ON ( pk."warehouse_id" OPERATOR(pg_catalog.=) fk."warehouse_id") WHERE pk."warehouse_id" IS NULL AND (fk."warehouse_id" IS NOT NULL)	pending-target	a1a2d3bd503ab98c2c495ad2a27283bccca86b57310681d521e532168db2fdbd			
22dce50e98e91d53	schema-sync	dynamic:schema_sync	SELECT fk."warehouse_id" FROM ONLY "inventory"."stock_levels_p2" fk LEFT OUTER JOIN ONLY "inventory"."warehouses" pk ON ( pk."warehouse_id" OPERATOR(pg_catalog.=) fk."warehouse_id") WHERE pk."warehouse_id" IS NULL AND (fk."warehouse_id" IS NOT NULL)	pending-target	a1a2d3bd503ab98c2c495ad2a27283bccca86b57310681d521e532168db2fdbd			
23ec6d0ef2b90dde	schema-sync	dynamic:schema_sync	SELECT fk."performed_by" FROM ONLY "inventory"."stock_movements_2025_q2" fk LEFT OUTER JOIN ONLY "core"."users" pk ON ( pk."user_id" OPERATOR(pg_catalog.=) fk."performed_by") WHERE pk."user_id" IS NULL AND (fk."performed_by" IS NOT NULL)	pending-target	a1a2d3bd503ab98c2c495ad2a27283bccca86b57310681d521e532168db2fdbd			
24eab6076dafabb2	schema-sync	dynamic:schema_sync (replicated-schema DDL, kind ALTER TABLE: 3 of 17 kept)	ALTER TABLE inventory.stock_movements ADD CONSTRAINT stock_movements_performed_by_fkey FOREIGN KEY (performed_by) REFERENCES core.users(user_id)	pending-target	103b80de3e586ecdcf8e0d807dfb429efbb341281864c1d4ead17aac509b7409		replayed in an empty database: the object exists in the captured schema; reference error 3F000: schema "inventory" does not exist	
250e69eec4b931bd	schema-sync	dynamic:schema_sync	SELECT fk."shipping_address_id" FROM ONLY "sales"."orders_2025_q3" fk LEFT OUTER JOIN ONLY "core"."addresses" pk ON ( pk."address_id" OPERATOR(pg_catalog.=) fk."shipping_address_id") WHERE pk."address_id" IS NULL AND (fk."shipping_address_id" IS NOT NULL)	pending-target	a1a2d3bd503ab98c2c495ad2a27283bccca86b57310681d521e532168db2fdbd			
2555d9daebe4cb2a	schema-sync	dynamic:schema_sync	SELECT fk."assigned_to" FROM ONLY "sales"."ticket_queue_in_progress" fk LEFT OUTER JOIN ONLY "core"."users" pk ON ( pk."user_id" OPERATOR(pg_catalog.=) fk."assigned_to") WHERE pk."user_id" IS NULL AND (fk."assigned_to" IS NOT NULL)	pending-target	a1a2d3bd503ab98c2c495ad2a27283bccca86b57310681d521e532168db2fdbd			
2624db15fa67edf1	schema-sync	dynamic:schema_sync	ALTER OPERATOR FAMILY gin_trgm_ops USING gin ADD OPERATOR        5       pg_catalog.~ (text, text), OPERATOR        6       pg_catalog.~* (text, text)	pending-target	bfd930627c4f2cab25d36eb99bf14cc734d9eb6292b1f703c38b5d26f2ef0f12		replayed in an empty database: the object exists in the captured schema; reference error 42704: operator family "gin_trgm_ops" does not exist for access method "gin"	
26a1792752c429e9	schema-sync	dynamic:pgbench	alter table pgbench_accounts add primary key (aid)	pending-target	336505d171d76af7b4875c3e9191d0f17be074de6f2ceb1d18bfe4de0eaea2d5		reference error 42P16: multiple primary keys for table "pgbench_accounts" are not allowed	
26af59a6fa1a1203	schema-sync	dynamic:data_sync	CREATE UNIQUE INDEX CONCURRENTLY IF NOT EXISTS event_types_code_idx ON copy_data.event_types USING btree (code)	pending-target	9bdb1ae8f1312f5747788ebabd64e5224a651b79f8b8b6715878d5933cc3ebdc		reference error 25001: CREATE INDEX CONCURRENTLY cannot run inside a transaction block	
273fe9f3663c0648	schema-sync	dynamic:resharding (replicated-schema DDL, kind CREATE INDEX: 3 of 16 kept)	CREATE INDEX CONCURRENTLY IF NOT EXISTS idx_task_comments_tenant_id ON public.task_comments USING btree (tenant_id)	pending-target	a1a2d3bd503ab98c2c495ad2a27283bccca86b57310681d521e532168db2fdbd			
27e509d017b934ae	schema-sync	dynamic:data_sync;dynamic:resharding;dynamic:schema_sync	SELECT tableoid, oid, stxname, stxnamespace, stxowner, stxrelid, stxstattarget FROM pg_catalog.pg_statistic_ext	pending-target	a1a2d3bd503ab98c2c495ad2a27283bccca86b57310681d521e532168db2fdbd			
281e797f948fb0dc	schema-sync	dynamic:schema_sync (replicated-schema DDL, kind ALTER TABLE: 3 of 17 kept)	ALTER TABLE core.session_data ADD CONSTRAINT session_data_user_id_fkey FOREIGN KEY (user_id) REFERENCES core.users(user_id) ON DELETE CASCADE	pending-target	103b80de3e586ecdcf8e0d807dfb429efbb341281864c1d4ead17aac509b7409		replayed in an empty database: the object exists in the captured schema; reference error 3F000: schema "core" does not exist	
282e361409c9538a	schema-sync	dynamic:schema_sync	ALTER OPERATOR FAMILY gist_timestamp_ops USING gist ADD OPERATOR\t6\t<> (timestamp, timestamp) , OPERATOR\t15\t<-> (timestamp, timestamp) FOR ORDER BY pg_catalog.interval_ops , FUNCTION\t8 (timestamp, timestamp) gbt_ts_distance (internal, timestamp, int2, oid, internal) , FUNCTION\t9 (timestamp, timestamp) gbt_ts_fetch (internal)	pending-target	bfd930627c4f2cab25d36eb99bf14cc734d9eb6292b1f703c38b5d26f2ef0f12		replayed in an empty database: the object exists in the captured schema; reference error 42704: operator family "gist_timestamp_ops" does not exist for access method "gist"	
2a10baa5dd15ad63	schema-sync	dynamic:data_sync	DROP INDEX IF EXISTS "copy_data"."log_actions_user_idx"	pending-target	a1a2d3bd503ab98c2c495ad2a27283bccca86b57310681d521e532168db2fdbd			
2a46cbea92912203	schema-sync	dynamic:pgbench	alter table pgbench_branches add primary key (bid)	pending-target	336505d171d76af7b4875c3e9191d0f17be074de6f2ceb1d18bfe4de0eaea2d5		reference error 42P16: multiple primary keys for table "pgbench_branches" are not allowed	
2ba6e616830a66b7	schema-sync	dynamic:schema_sync	COMMENT ON TABLE sales.orders IS 'Customer orders partitioned by creation date'	pending-target	a1a2d3bd503ab98c2c495ad2a27283bccca86b57310681d521e532168db2fdbd			
2bfb411f4b18114c	schema-sync	dynamic:data_sync	SELECT $2 FROM ONLY "copy_data"."orders" x WHERE "id" OPERATOR(pg_catalog.=) $1 FOR KEY SHARE OF x	pending-target	c0526241fb6e6474e632a9596c486babffed2cbc7a8712f380b45b754c618b7e			
2d513d6b77053d95	schema-sync	dynamic:schema_sync	SELECT fk."product_id" FROM ONLY "inventory"."stock_levels_p3" fk LEFT OUTER JOIN ONLY "inventory"."products" pk ON ( pk."product_id" OPERATOR(pg_catalog.=) fk."product_id") WHERE pk."product_id" IS NULL AND (fk."product_id" IS NOT NULL)	pending-target	a1a2d3bd503ab98c2c495ad2a27283bccca86b57310681d521e532168db2fdbd			
2df84d4c47b81f68	schema-sync	dynamic:schema_sync (replicated-schema DDL, kind CREATE EXTENSION: 3 of 6 kept)	CREATE EXTENSION IF NOT EXISTS pg_trgm	pending-target	a1a2d3bd503ab98c2c495ad2a27283bccca86b57310681d521e532168db2fdbd			
30278593a43987f4	schema-sync	dynamic:resharding (replicated-schema DDL, kind ALTER SEQUENCE: 3 of 6 kept)	ALTER SEQUENCE public.task_comments_id_seq OWNED BY public.task_comments.id	pending-target	a1a2d3bd503ab98c2c495ad2a27283bccca86b57310681d521e532168db2fdbd			
307089fea4b16256	schema-sync	dynamic:data_sync	ALTER INDEX copy_data.users_pkey ATTACH PARTITION copy_data.users_1_pkey	pending-target	a1a2d3bd503ab98c2c495ad2a27283bccca86b57310681d521e532168db2fdbd			
3250e4f11afde646	schema-sync	dynamic:resharding (replicated-schema DDL, kind CREATE INDEX: 3 of 16 kept)	CREATE INDEX CONCURRENTLY IF NOT EXISTS idx_accounts_tenant_id ON public.accounts USING btree (tenant_id)	pending-target	a1a2d3bd503ab98c2c495ad2a27283bccca86b57310681d521e532168db2fdbd			
366e3b53d86e5aa1	schema-sync	dynamic:schema_sync	SELECT fk."user_id" FROM ONLY "audit"."user_activity_log_2025_q1" fk LEFT OUTER JOIN ONLY "core"."users" pk ON ( pk."user_id" OPERATOR(pg_catalog.=) fk."user_id") WHERE pk."user_id" IS NULL AND (fk."user_id" IS NOT NULL)	pending-target	a1a2d3bd503ab98c2c495ad2a27283bccca86b57310681d521e532168db2fdbd			
36ea1a328f76693d	schema-sync	dynamic:schema_sync	SELECT fk."product_id" FROM ONLY "inventory"."stock_movements_2026_q1" fk LEFT OUTER JOIN ONLY "inventory"."products" pk ON ( pk."product_id" OPERATOR(pg_catalog.=) fk."product_id") WHERE pk."product_id" IS NULL AND (fk."product_id" IS NOT NULL)	pending-target	a1a2d3bd503ab98c2c495ad2a27283bccca86b57310681d521e532168db2fdbd			
39d5421fc1d42751	schema-sync	dynamic:schema_sync	ALTER OPERATOR FAMILY gist_float4_ops USING gist ADD OPERATOR\t6\t<> (float4, float4) , OPERATOR\t15\t<-> (float4, float4) FOR ORDER BY pg_catalog.float_ops , FUNCTION\t8 (float4, float4) gbt_float4_distance (internal, float4, int2, oid, internal) , FUNCTION\t9 (float4, float4) gbt_float4_fetch (internal)	pending-target	bfd930627c4f2cab25d36eb99bf14cc734d9eb6292b1f703c38b5d26f2ef0f12		replayed in an empty database: the object exists in the captured schema; reference error 42704: operator family "gist_float4_ops" does not exist for access method "gist"	
3a381e9c7658abe5	schema-sync	dynamic:data_sync;dynamic:resharding;dynamic:schema_sync	SELECT a.tableoid, a.oid, adrelid, adnum, pg_catalog.pg_get_expr(adbin, adrelid) AS adsrc FROM unnest($1::pg_catalog.oid[]) AS src(tbloid) JOIN pg_catalog.pg_attrdef a ON (src.tbloid = a.adrelid) ORDER BY a.adrelid, a.adnum	pending-target	a5775ad9e52ae1d5fdbc4ef86d82932b208a61c220c366cad1173cba79b509a8			
3af7fe3ebc06a883	schema-sync	dynamic:schema_sync	ALTER OPERATOR FAMILY gist_trgm_ops USING gist ADD OPERATOR        2       <-> (text, text) FOR ORDER BY pg_catalog.float_ops, OPERATOR        3       pg_catalog.~~ (text, text), OPERATOR        4       pg_catalog.~~* (text, text), FUNCTION        8 (text, text)  gtrgm_distance (internal, text, smallint, oid, internal)	pending-target	bfd930627c4f2cab25d36eb99bf14cc734d9eb6292b1f703c38b5d26f2ef0f12		replayed in an empty database: the object exists in the captured schema; reference error 42704: operator family "gist_trgm_ops" does not exist for access method "gist"	
3b0d58b252fd6eb5	schema-sync	dynamic:schema_sync	ALTER OPERATOR FAMILY gist_trgm_ops USING gist ADD OPERATOR        9       %>> (text, text), OPERATOR        10       <->>> (text, text) FOR ORDER BY pg_catalog.float_ops	pending-target	bfd930627c4f2cab25d36eb99bf14cc734d9eb6292b1f703c38b5d26f2ef0f12		replayed in an empty database: the object exists in the captured schema; reference error 42704: operator family "gist_trgm_ops" does not exist for access method "gist"	
3c9f9a7b8188f8d5	schema-sync	dynamic:schema_sync	SELECT fk."user_id" FROM ONLY "core"."feature_flag_audit_2025_q3" fk LEFT OUTER JOIN ONLY "core"."users" pk ON ( pk."user_id" OPERATOR(pg_catalog.=) fk."user_id") WHERE pk."user_id" IS NULL AND (fk."user_id" IS NOT NULL)	pending-target	a1a2d3bd503ab98c2c495ad2a27283bccca86b57310681d521e532168db2fdbd			
3cf044becb238584	schema-sync	dynamic:schema_sync	SELECT fk."warehouse_id" FROM ONLY "inventory"."stock_movements_2024_q4" fk LEFT OUTER JOIN ONLY "inventory"."warehouses" pk ON ( pk."warehouse_id" OPERATOR(pg_catalog.=) fk."warehouse_id") WHERE pk."warehouse_id" IS NULL AND (fk."warehouse_id" IS NOT NULL)	pending-target	a1a2d3bd503ab98c2c495ad2a27283bccca86b57310681d521e532168db2fdbd			
3d6bb5c397aaaa95	schema-sync	dynamic:schema_sync	SELECT fk."performed_by" FROM ONLY "inventory"."stock_movements_2024_q4" fk LEFT OUTER JOIN ONLY "core"."users" pk ON ( pk."user_id" OPERATOR(pg_catalog.=) fk."performed_by") WHERE pk."user_id" IS NULL AND (fk."performed_by" IS NOT NULL)	pending-target	a1a2d3bd503ab98c2c495ad2a27283bccca86b57310681d521e532168db2fdbd			
3dae3566356d072a	schema-sync	dynamic:schema_sync	SELECT pg_catalog.pg_get_viewdef($1::pg_catalog.oid) AS viewdef	pending-target	f451e5428b4558422609c541b6bea68238b579450a0df65128bd2fdc8587b78a			
3f56020c2f734581	schema-sync	dynamic:schema_sync	ALTER OPERATOR FAMILY gist_interval_ops USING gist ADD OPERATOR\t6\t<> (interval, interval) , OPERATOR\t15\t<-> (interval, interval) FOR ORDER BY pg_catalog.interval_ops , FUNCTION\t8 (interval, interval) gbt_intv_distance (internal, interval, int2, oid, internal) , FUNCTION\t9 (interval, interval) gbt_intv_fetch (internal)	pending-target	bfd930627c4f2cab25d36eb99bf14cc734d9eb6292b1f703c38b5d26f2ef0f12		replayed in an empty database: the object exists in the captured schema; reference error 42704: operator family "gist_interval_ops" does not exist for access method "gist"	
3f5e15cf4a0a2b13	schema-sync	dynamic:schema_sync	SELECT fk."warehouse_id" FROM ONLY "inventory"."stock_levels_p3" fk LEFT OUTER JOIN ONLY "inventory"."warehouses" pk ON ( pk."warehouse_id" OPERATOR(pg_catalog.=) fk."warehouse_id") WHERE pk."warehouse_id" IS NULL AND (fk."warehouse_id" IS NOT NULL)	pending-target	a1a2d3bd503ab98c2c495ad2a27283bccca86b57310681d521e532168db2fdbd			
40ff7a9611aae063	schema-sync	dynamic:data_sync	CREATE SCHEMA IF NOT EXISTS copy_data	pending-target	a1a2d3bd503ab98c2c495ad2a27283bccca86b57310681d521e532168db2fdbd			
4103ec02e69026ee	schema-sync	dynamic:pgbench (replicated-schema DDL, kind CREATE TABLE: 3 of 5 kept)	create table pgbench_accounts(aid    int not null,bid int,abalance int,filler char(84)) with (fillfactor=100)	pending-target	a1a2d3bd503ab98c2c495ad2a27283bccca86b57310681d521e532168db2fdbd		replayed in an empty database: the object exists in the captured schema	
4228cfe14ca8ef37	schema-sync	dynamic:schema_sync (replicated-schema DDL, kind DROP SCHEMA: 3 of 5 kept)	DROP SCHEMA IF EXISTS inventory CASCADE	pending-target	a1a2d3bd503ab98c2c495ad2a27283bccca86b57310681d521e532168db2fdbd			
4277207b349d5640	schema-sync	dynamic:schema_sync	SELECT c.tableoid, c.oid, conrelid, conname, pg_catalog.pg_get_constraintdef(c.oid) AS consrc, conislocal, convalidated FROM unnest($1::pg_catalog.oid[]) AS src(tbloid) JOIN pg_catalog.pg_constraint c ON (src.tbloid = c.conrelid) WHERE contype = $2 ORDER BY c.conrelid, c.conname	pending-target	e6eb8a804b37481663f386c1b7d97d90feb3cabd501467792cfcbbfc71dc528d			
42f17a3867af5764	schema-sync	dynamic:data_sync;dynamic:resharding;dynamic:schema_sync	SELECT seqrelid, format_type(seqtypid, $1), seqstart, seqincrement, seqmax, seqmin, seqcache, seqcycle, $2, $3 FROM pg_catalog.pg_sequence ORDER BY seqrelid	pending-target	56e7781019496a199d3b1d240da698b38e030b9c52b3832cf531af003cbe75ca			
44b630f6fcccea5d	schema-sync	pgdog/src/backend/schema/columns.sql:12;pgdog/src/backend/schema/columns.sql:19;pgdog/src/backend/schema/columns.sql:21;pgdog/src/backend/schema/columns.sql:30;pgdog/src/backend/schema/columns.sql:34;+6 more	SELECT table_schema, table_name, table_type FROM information_schema.tables WHERE table_schema = 'public' ORDER BY 1, 2	pending-target	97164a7011427ecb3a8bc04e6aecb63227a9edd3c4b55bf1b2f115a8244b581e			
4559b0974d9f3d3b	schema-sync	dynamic:pgbench	drop table if exists pgbench_accounts, pgbench_branches, pgbench_history, pgbench_tellers	pending-target	a1a2d3bd503ab98c2c495ad2a27283bccca86b57310681d521e532168db2fdbd			
45a0b616a75ab9a7	schema-sync	dynamic:schema_sync	ALTER OPERATOR FAMILY gist_float8_ops USING gist ADD OPERATOR\t6\t<> (float8, float8) , OPERATOR\t15\t<-> (float8, float8) FOR ORDER BY pg_catalog.float_ops , FUNCTION\t8 (float8, float8) gbt_float8_distance (internal, float8, int2, oid, internal) , FUNCTION\t9 (float8, float8) gbt_float8_fetch (internal)	pending-target	bfd930627c4f2cab25d36eb99bf14cc734d9eb6292b1f703c38b5d26f2ef0f12		replayed in an empty database: the object exists in the captured schema; reference error 42704: operator family "gist_float8_ops" does not exist for access method "gist"	
46f380c83a6ff198	schema-sync	dynamic:data_sync (replicated-schema DDL, kind ALTER SEQUENCE: 3 of 6 kept)	ALTER SEQUENCE copy_data.categories_id_seq OWNED BY copy_data.categories.id	pending-target	a1a2d3bd503ab98c2c495ad2a27283bccca86b57310681d521e532168db2fdbd			
47d80ebd60352d02	schema-sync	dynamic:schema_sync	SELECT fk."shipping_address_id" FROM ONLY "sales"."orders_2025_q2" fk LEFT OUTER JOIN ONLY "core"."addresses" pk ON ( pk."address_id" OPERATOR(pg_catalog.=) fk."shipping_address_id") WHERE pk."address_id" IS NULL AND (fk."shipping_address_id" IS NOT NULL)	pending-target	a1a2d3bd503ab98c2c495ad2a27283bccca86b57310681d521e532168db2fdbd			
47e172e44e9fbfd0	schema-sync	dynamic:schema_sync (replicated-schema DDL, kind CREATE EXTENSION: 3 of 6 kept)	CREATE EXTENSION IF NOT EXISTS btree_gist SCHEMA public	pending-target	a1a2d3bd503ab98c2c495ad2a27283bccca86b57310681d521e532168db2fdbd			
4834c7011ebf3496	schema-sync	dynamic:schema_sync	PREPARE getDomainConstraints(pg_catalog.oid) AS SELECT tableoid, oid, conname, pg_catalog.pg_get_constraintdef(oid) AS consrc, convalidated, contype FROM pg_catalog.pg_constraint WHERE contypid = $1 AND contype IN ($2, $3) ORDER BY conname	pending-target	39a1ab179d2932d70f17a8af0be52de0415db6807c889ccbade0750c6a6dd235			
49b0ac69353a4731	schema-sync	dynamic:schema_sync	SELECT fk."product_id" FROM ONLY "inventory"."stock_movements_2025_q3" fk LEFT OUTER JOIN ONLY "inventory"."products" pk ON ( pk."product_id" OPERATOR(pg_catalog.=) fk."product_id") WHERE pk."product_id" IS NULL AND (fk."product_id" IS NOT NULL)	pending-target	a1a2d3bd503ab98c2c495ad2a27283bccca86b57310681d521e532168db2fdbd			
4a569548d164edff	schema-sync	dynamic:schema_sync	SELECT fk."user_id" FROM ONLY "core"."session_data_p0" fk LEFT OUTER JOIN ONLY "core"."users" pk ON ( pk."user_id" OPERATOR(pg_catalog.=) fk."user_id") WHERE pk."user_id" IS NULL AND (fk."user_id" IS NOT NULL)	pending-target	a1a2d3bd503ab98c2c495ad2a27283bccca86b57310681d521e532168db2fdbd			
4aa86a529a6fb7f1	schema-sync	dynamic:data_sync	DROP SCHEMA IF EXISTS copy_data CASCADE	pending-target	a1a2d3bd503ab98c2c495ad2a27283bccca86b57310681d521e532168db2fdbd			
4b29e571d6e8551c	schema-sync	dynamic:schema_sync (replicated-schema DDL, kind CREATE MATERIALIZED: 3 of 14 kept)	CREATE MATERIALIZED VIEW IF NOT EXISTS analytics.feature_flag_usage AS SELECT ff.flag_id, ff.flag_name, ff.is_enabled AS default_enabled, count(ufo.override_id) AS override_count, count(ufo.override_id) FILTER (WHERE ufo.is_enabled = $1) AS enabled_override_count, count(ufo.override_id) FILTER (WHERE ufo.is_enabled = $2) AS disabled_override_count FROM core.feature_flags ff LEFT JOIN core.user_feature_overrides ufo ON ff.flag_id = ufo.flag_id GROUP BY ff.flag_id, ff.flag_name, ff.is_enabled  WITH NO DATA	pending-target	be885e90c8044d7d99e7469690b9572687d168dd0e2dff2515c159f73bc2babf		reference error 0A000: materialized views may not be defined using bound parameters	
50e3e6109312f58c	schema-sync	dynamic:data_sync;dynamic:resharding;dynamic:schema_sync	SELECT oid, rolname FROM pg_catalog.pg_roles ORDER BY 1	pending-target	e1a1ab5258b600806ed1582adb47f39bb85762c4900e5ce9d7a27ea6f7fd3311			
518bba5fd8572961	schema-sync	dynamic:resharding (replicated-schema DDL, kind DROP INDEX: 3 of 8 kept)	DROP INDEX IF EXISTS "public"."idx_accounts_tenant_id"	pending-target	a1a2d3bd503ab98c2c495ad2a27283bccca86b57310681d521e532168db2fdbd			
52c2dc816b33e438	schema-sync	dynamic:data_sync	ALTER SCHEMA pgdog_shadow OWNER TO pgdog3	pending-target	bfd930627c4f2cab25d36eb99bf14cc734d9eb6292b1f703c38b5d26f2ef0f12		reference error 42704: role "pgdog3" does not exist	
52cd9ee4af55a76d	schema-sync	dynamic:resharding (replicated-schema DDL, kind DROP INDEX: 3 of 8 kept)	DROP INDEX IF EXISTS "public"."idx_projects_tenant_id"	pending-target	a1a2d3bd503ab98c2c495ad2a27283bccca86b57310681d521e532168db2fdbd			
52f0a3bf81dda4c4	schema-sync	dynamic:data_sync	GRANT USAGE ON SCHEMA pgdog_shadow TO PUBLIC	pending-target	a1a2d3bd503ab98c2c495ad2a27283bccca86b57310681d521e532168db2fdbd			
53424ae83ba72f58	schema-sync	dynamic:data_sync;dynamic:resharding;dynamic:schema_sync	SELECT n.tableoid, n.oid, n.nspname, n.nspowner, n.nspacl, acldefault($1, n.nspowner) AS acldefault FROM pg_namespace n	pending-target	33fafea475b25712be94e5b957c4e5c2d17fdcb80fe5dd6c475e8c6dd216fae0		reference error 42883: no binary output function available for type aclitem	
5456c23befaac297	schema-sync	dynamic:resharding (replicated-schema DDL, kind ALTER SEQUENCE: 3 of 6 kept)	ALTER SEQUENCE public.projects_id_seq OWNED BY public.projects.id	pending-target	a1a2d3bd503ab98c2c495ad2a27283bccca86b57310681d521e532168db2fdbd			
54a71badfb03cd7e	schema-sync	dynamic:schema_sync	SELECT fk."product_id" FROM ONLY "inventory"."stock_levels_p2" fk LEFT OUTER JOIN ONLY "inventory"."products" pk ON ( pk."product_id" OPERATOR(pg_catalog.=) fk."product_id") WHERE pk."product_id" IS NULL AND (fk."product_id" IS NOT NULL)	pending-target	a1a2d3bd503ab98c2c495ad2a27283bccca86b57310681d521e532168db2fdbd			
5514b6275a3e4b3f	schema-sync	dynamic:data_sync (function, trigger and PgDog-schema definitions; 588 statements, text not recorded)	CREATE SCHEMA loams_inv_s ;; CREATE TABLE loams_inv_s.cfg (shard bigint NOT NULL, shards bigint NOT NULL) ;; CREATE OR REPLACE FUNCTION loams_inv_s.f() RETURNS trigger LANGUAGE plpgsql AS $$ BEGIN RETURN NEW; END $$ ;; CREATE TRIGGER loams_inv_trg BEFORE INSERT ON loams_inv_s.cfg FOR EACH ROW EXECUTE FUNCTION loams_inv_s.f()	pending-target	12a0eb8a26456eb2c27ff9349f3fb15f014af56ae149f3c1f9e2e61af19a45be			
559f089aa1e73d6a	schema-sync	dynamic:schema_sync (replicated-schema DDL, kind COMMENT ON SCHEMA: 3 of 4 kept)	COMMENT ON SCHEMA core IS 'Core business entities including users, addresses, and authentication'	pending-target	a1a2d3bd503ab98c2c495ad2a27283bccca86b57310681d521e532168db2fdbd			
56786b25e9e29a75	schema-sync	pgdog/src/backend/pool/shard/oids.rs:127;pgdog/src/backend/schema/columns.sql:48;pgdog/src/backend/schema/foreign_keys.sql:24;pgdog/src/backend/schema/foreign_keys.sql:26;pgdog/src/backend/schema/invalid_index.sql:10;+3 more	SELECT nspname FROM pg_namespace WHERE nspname = 'public'	pending-target	efae4022b333bac5f48a8658f450c9b2c9d0d3a681056e97635c5614aae0122c			
56c6fb86300b68cd	schema-sync	dynamic:schema_sync	COMMENT ON EXTENSION ltree IS 'data type for hierarchical tree-like structures'	pending-target	a1a2d3bd503ab98c2c495ad2a27283bccca86b57310681d521e532168db2fdbd			
597a151e8e7a7de9	schema-sync	dynamic:schema_sync (replicated-schema DDL, kind CREATE VIEW: 3 of 5 kept)	CREATE VIEW analytics.order_summary AS SELECT o.order_id, o.order_number, o.status, o.created_at, u.user_id, u.email, u.first_name, u.last_name, o.subtotal_amount, o.discount_amount, o.tax_amount, o.shipping_amount, o.total_amount, o.currency_code, COUNT(oi.order_item_id) as item_count, SUM(oi.quantity) as total_quantity FROM sales.orders o JOIN core.users u ON o.user_id = u.user_id LEFT JOIN sales.order_items oi ON o.order_id = oi.order_id GROUP BY o.order_id, o.order_number, o.status, o.created_at, u.user_id, u.email, u.first_name, u.last_name, o.subtotal_amount, o.discount_amount, o.tax_amount, o.shipping_amount, o.total_amount, o.currency_code	pending-target	90ed9cadd6e5d30c319d0cbbf069c2a9a01418f445744f881c15165ee8d07505		replayed in an empty database: the object exists in the captured schema; reference error 42P01: relation "sales.orders" does not exist	
59b9f8cfc24fd38e	schema-sync	dynamic:resharding (replicated-schema DDL, kind CREATE SEQUENCE: 3 of 6 kept)	CREATE SEQUENCE IF NOT EXISTS public.projects_id_seq START 1 INCREMENT 1 NO MINVALUE NO MAXVALUE CACHE 1	pending-target	a1a2d3bd503ab98c2c495ad2a27283bccca86b57310681d521e532168db2fdbd			
5b2a89d93dabe3f5	schema-sync	dynamic:schema_sync (replicated-schema DDL, kind CREATE SCHEMA: 3 of 10 kept)	CREATE SCHEMA IF NOT EXISTS core	pending-target	a1a2d3bd503ab98c2c495ad2a27283bccca86b57310681d521e532168db2fdbd			
5b32f36b7b1c63b8	schema-sync	dynamic:data_sync	SELECT $3 FROM "copy_data"."users" x WHERE "id" OPERATOR(pg_catalog.=) $1 AND "tenant_id" OPERATOR(pg_catalog.=) $2 FOR KEY SHARE OF x	pending-target	65267f957b9f0b413d74a775d6195988da9f6862d3508dce4ef46bfd8cdda3be			
5b9c6a13ac4f94f0	schema-sync	dynamic:baseline	DROP TABLE IF EXISTS events	pending-target	a1a2d3bd503ab98c2c495ad2a27283bccca86b57310681d521e532168db2fdbd			
5c00b2540281ad6b	schema-sync	dynamic:schema_sync	SELECT * FROM pg_catalog.pg_rewrite WHERE ev_class = $1 AND rulename = $2	pending-target	1dce81215970b6aaf63eaff67592ffb430e2edeed5da50dee22253f328f24e96			
5c38871cd021edba	schema-sync	dynamic:schema_sync	SELECT oid FROM pg_catalog.pg_namespace n WHERE n.nspname OPERATOR(pg_catalog.~) $1 COLLATE pg_catalog.default	pending-target	3c8892afe349e2b102150adaf85c29b87f89ba485eb5865cd9486ebf6db2cbed			
5c490650ff1f4286	schema-sync	dynamic:schema_sync	SELECT fk."variant_id" FROM ONLY "inventory"."stock_movements_2025_q4" fk LEFT OUTER JOIN ONLY "inventory"."product_variants" pk ON ( pk."variant_id" OPERATOR(pg_catalog.=) fk."variant_id") WHERE pk."variant_id" IS NULL AND (fk."variant_id" IS NOT NULL)	pending-target	a1a2d3bd503ab98c2c495ad2a27283bccca86b57310681d521e532168db2fdbd			
5fd31cf6c15a210c	schema-sync	dynamic:resharding (replicated-schema DDL, kind CREATE SEQUENCE: 3 of 6 kept)	CREATE SEQUENCE IF NOT EXISTS public.settings_id_seq START 1 INCREMENT 1 NO MINVALUE NO MAXVALUE CACHE 1	pending-target	a1a2d3bd503ab98c2c495ad2a27283bccca86b57310681d521e532168db2fdbd			
612a438eeca3a70c	schema-sync	dynamic:data_sync;dynamic:resharding;dynamic:schema_sync	PREPARE dumpFunc(pg_catalog.oid) AS SELECT proretset, prosrc, probin, provolatile, proisstrict, prosecdef, lanname, proconfig, procost, prorows, pg_catalog.pg_get_function_arguments(p.oid) AS funcargs, pg_catalog.pg_get_function_identity_arguments(p.oid) AS funciargs, pg_catalog.pg_get_function_result(p.oid) AS funcresult, proleakproof, array_to_string(protrftypes, $2) AS protrftypes, proparallel, prokind, prosupport, pg_get_function_sqlbody(p.oid) AS prosqlbody FROM pg_catalog.pg_proc p, pg_catalog.pg_language l WHERE p.oid = $1 AND l.oid = p.prolang	pending-target	39a1ab179d2932d70f17a8af0be52de0415db6807c889ccbade0750c6a6dd235			
614942e809dca0d7	schema-sync	dynamic:baseline;dynamic:data_sync;dynamic:pgbench;dynamic:resharding;dynamic:schema_sync;dynamic:two_pc	SELECT DISTINCT n.nspname::text AS source_schema, c.relname::text AS source_table, a.attname::text AS source_column, rn.nspname::text AS ref_schema, rc.relname::text AS ref_table, ra.attname::text AS ref_column, CASE con.confdeltype WHEN $1 THEN $2 WHEN $3 THEN $4 WHEN $5 THEN $6 WHEN $7 THEN $8 WHEN $9 THEN $10 END AS on_delete, CASE con.confupdtype WHEN $11 THEN $12 WHEN $13 THEN $14 WHEN $15 THEN $16 WHEN $17 THEN $18 WHEN $19 THEN $20 END AS on_update FROM pg_constraint con JOIN pg_class c ON c.oid = con.conrelid JOIN pg_namespace n ON n.oid = c.relnamespace JOIN pg_class rc ON rc.oid = con.confrelid JOIN pg_namespace rn ON rn.oid = rc.relnamespace JOIN LATERAL unnest(con.conkey) WITH ORDINALITY AS src(attnum, ord) ON $21 JOIN LATERAL unnest(con.confkey) WITH ORDINALITY AS dst(attnum, ord) ON src.ord = dst.ord JOIN pg_attribute a ON a.attrelid = con.conrelid AND a.attnum = src.attnum JOIN pg_attribute ra ON ra.attrelid = con.confrelid AND ra.attnum = dst.attnum WHERE con.contype = $22 AND n.nspname NOT IN ($23, $24) ORDER BY source_schema, source_table, source_column	pending-target	4a9d62465978b0677465b9e78df54a0b095e277cd87981bad698851b88f7d797			
61e93562a2b34d42	schema-sync	dynamic:schema_sync	PREPARE dumpDomain(pg_catalog.oid) AS SELECT t.typnotnull, pg_catalog.format_type(t.typbasetype, t.typtypmod) AS typdefn, pg_catalog.pg_get_expr(t.typdefaultbin, $2::pg_catalog.regclass) AS typdefaultbin, t.typdefault, CASE WHEN t.typcollation <> u.typcollation THEN t.typcollation ELSE $3 END AS typcollation FROM pg_catalog.pg_type t LEFT JOIN pg_catalog.pg_type u ON (t.typbasetype = u.oid) WHERE t.oid = $1	pending-target	39a1ab179d2932d70f17a8af0be52de0415db6807c889ccbade0750c6a6dd235			
622abdaa99ed67df	schema-sync	dynamic:data_sync;dynamic:resharding	SELECT c.reltuples::bigint, pg_relation_size(c.oid) + CASE WHEN c.reltoastrelid <> $1 THEN pg_total_relation_size(c.reltoastrelid) ELSE $2 END FROM pg_class c WHERE c.oid = $3::regclass	pending-target	c2d73fc01e7f2671eb5507aae4a6de5d84c61690a4102cb383f8bbc346d685d0			
65c35d5663100ed7	schema-sync	dynamic:data_sync	ALTER INDEX copy_data.users_pkey ATTACH PARTITION copy_data.users_0_pkey	pending-target	a1a2d3bd503ab98c2c495ad2a27283bccca86b57310681d521e532168db2fdbd			
66204974fc97c74b	schema-sync	dynamic:schema_sync (replicated-schema DDL, kind CREATE EXTENSION: 3 of 6 kept)	CREATE EXTENSION IF NOT EXISTS pg_trgm SCHEMA public	pending-target	a1a2d3bd503ab98c2c495ad2a27283bccca86b57310681d521e532168db2fdbd			
671e98fc3d741881	schema-sync	dynamic:data_sync	GRANT ALL ON SCHEMA public TO pgdog2	pending-target	bfd930627c4f2cab25d36eb99bf14cc734d9eb6292b1f703c38b5d26f2ef0f12		reference error 42704: role "pgdog2" does not exist	
69a5d1bc3d52b010	schema-sync	dynamic:schema_sync	SELECT fk."user_id" FROM ONLY "sales"."orders_2026_q1" fk LEFT OUTER JOIN ONLY "core"."users" pk ON ( pk."user_id" OPERATOR(pg_catalog.=) fk."user_id") WHERE pk."user_id" IS NULL AND (fk."user_id" IS NOT NULL)	pending-target	a1a2d3bd503ab98c2c495ad2a27283bccca86b57310681d521e532168db2fdbd			
6add8ab9e201d106	schema-sync	dynamic:schema_sync	SELECT fk."product_id" FROM ONLY "inventory"."price_history_cat_300_plus" fk LEFT OUTER JOIN ONLY "inventory"."products" pk ON ( pk."product_id" OPERATOR(pg_catalog.=) fk."product_id") WHERE pk."product_id" IS NULL AND (fk."product_id" IS NOT NULL)	pending-target	a1a2d3bd503ab98c2c495ad2a27283bccca86b57310681d521e532168db2fdbd			
6cad208d36bfcc3c	schema-sync	dynamic:schema_sync	SELECT fk."warehouse_id" FROM ONLY "inventory"."stock_levels_p1" fk LEFT OUTER JOIN ONLY "inventory"."warehouses" pk ON ( pk."warehouse_id" OPERATOR(pg_catalog.=) fk."warehouse_id") WHERE pk."warehouse_id" IS NULL AND (fk."warehouse_id" IS NOT NULL)	pending-target	a1a2d3bd503ab98c2c495ad2a27283bccca86b57310681d521e532168db2fdbd			
6ebcd396a0204cce	schema-sync	dynamic:data_sync;dynamic:resharding	SELECT a.attnum, a.attname, a.atttypid, a.attnum = ANY(i.indkey) FROM pg_catalog.pg_attribute a LEFT JOIN pg_catalog.pg_index i ON (i.indexrelid = pg_get_replica_identity_index($1)) WHERE a.attnum > $2::pg_catalog.int2 AND NOT a.attisdropped AND a.attgenerated = $3 AND a.attrelid = $4 ORDER BY a.attnum	pending-target	c358820f1931cc8bba6bd3cd73feee5729337703f8ad4c4fc4a44aeac774b94c			
7178a26e062ecd0a	schema-sync	dynamic:schema_sync	SELECT fk."shipping_address_id" FROM ONLY "sales"."orders_2025_q1" fk LEFT OUTER JOIN ONLY "core"."addresses" pk ON ( pk."address_id" OPERATOR(pg_catalog.=) fk."shipping_address_id") WHERE pk."address_id" IS NULL AND (fk."shipping_address_id" IS NOT NULL)	pending-target	a1a2d3bd503ab98c2c495ad2a27283bccca86b57310681d521e532168db2fdbd			
720531f3b4e6358a	schema-sync	dynamic:schema_sync (replicated-schema DDL, kind CREATE VIEW: 3 of 5 kept)	CREATE VIEW analytics.category_revenue_monthly AS SELECT DATE_TRUNC('month', o.created_at) as month, c.category_id, c.category_name, COUNT(DISTINCT o.order_id) as order_count, SUM(oi.quantity) as units_sold, SUM(oi.total_price) as total_revenue FROM sales.orders o JOIN sales.order_items oi ON o.order_id = oi.order_id LEFT JOIN inventory.products p ON oi.product_id = p.product_id LEFT JOIN inventory.categories c ON p.category_id = c.category_id WHERE o.status NOT IN ('cancelled', 'refunded') AND o.created_at >= CURRENT_DATE - INTERVAL '24 months' GROUP BY DATE_TRUNC('month', o.created_at), c.category_id, c.category_name	pending-target	90ed9cadd6e5d30c319d0cbbf069c2a9a01418f445744f881c15165ee8d07505		replayed in an empty database: the object exists in the captured schema; reference error 42P01: relation "sales.orders" does not exist	
72f6b13ec9ae2018	schema-sync	dynamic:schema_sync	SELECT fk."variant_id" FROM ONLY "inventory"."stock_levels_p3" fk LEFT OUTER JOIN ONLY "inventory"."product_variants" pk ON ( pk."variant_id" OPERATOR(pg_catalog.=) fk."variant_id") WHERE pk."variant_id" IS NULL AND (fk."variant_id" IS NOT NULL)	pending-target	a1a2d3bd503ab98c2c495ad2a27283bccca86b57310681d521e532168db2fdbd			
73b8f83d5041f929	schema-sync	dynamic:schema_sync	ALTER OPERATOR FAMILY gist_trgm_ops USING gist ADD OPERATOR        5       pg_catalog.~ (text, text), OPERATOR        6       pg_catalog.~* (text, text)	pending-target	bfd930627c4f2cab25d36eb99bf14cc734d9eb6292b1f703c38b5d26f2ef0f12		replayed in an empty database: the object exists in the captured schema; reference error 42704: operator family "gist_trgm_ops" does not exist for access method "gist"	
75db9b32181697c2	schema-sync	dynamic:schema_sync	SELECT fk."billing_address_id" FROM ONLY "sales"."orders_2025_q3" fk LEFT OUTER JOIN ONLY "core"."addresses" pk ON ( pk."address_id" OPERATOR(pg_catalog.=) fk."billing_address_id") WHERE pk."address_id" IS NULL AND (fk."billing_address_id" IS NOT NULL)	pending-target	a1a2d3bd503ab98c2c495ad2a27283bccca86b57310681d521e532168db2fdbd			
78f4e0141ba6e8d5	schema-sync	dynamic:schema_sync	SELECT fk."variant_id" FROM ONLY "inventory"."stock_movements_2026_q1" fk LEFT OUTER JOIN ONLY "inventory"."product_variants" pk ON ( pk."variant_id" OPERATOR(pg_catalog.=) fk."variant_id") WHERE pk."variant_id" IS NULL AND (fk."variant_id" IS NOT NULL)	pending-target	a1a2d3bd503ab98c2c495ad2a27283bccca86b57310681d521e532168db2fdbd			
7a5f38d5c46a793f	schema-sync	pgdog/src/backend/replication/logical/publisher/queries.rs:159;pgdog/src/backend/schema/columns.sql:30;pgdog/src/backend/schema/columns.sql:42;pgdog/src/backend/schema/columns.sql:46;pgdog/src/backend/schema/columns.sql:48;+15 more	SELECT nspname FROM pg_catalog.pg_namespace WHERE nspname NOT LIKE 'pg_%' AND nspname <> 'information_schema' ORDER BY 1	pending-target	efae4022b333bac5f48a8658f450c9b2c9d0d3a681056e97635c5614aae0122c			
7a6b930c4e3cd4ec	schema-sync	dynamic:schema_sync	SELECT fk."user_id" FROM ONLY "core"."session_data_p3" fk LEFT OUTER JOIN ONLY "core"."users" pk ON ( pk."user_id" OPERATOR(pg_catalog.=) fk."user_id") WHERE pk."user_id" IS NULL AND (fk."user_id" IS NOT NULL)	pending-target	a1a2d3bd503ab98c2c495ad2a27283bccca86b57310681d521e532168db2fdbd			
7c0da7ecf2a5a5ef	schema-sync	dynamic:data_sync (replicated-schema DDL, kind ALTER SEQUENCE: 3 of 6 kept)	ALTER SEQUENCE copy_data.currencies_id_seq OWNED BY copy_data.currencies.id	pending-target	a1a2d3bd503ab98c2c495ad2a27283bccca86b57310681d521e532168db2fdbd			
7cb04bdf5387a761	schema-sync	dynamic:schema_sync	SELECT fk."user_id" FROM ONLY "core"."session_data_p1" fk LEFT OUTER JOIN ONLY "core"."users" pk ON ( pk."user_id" OPERATOR(pg_catalog.=) fk."user_id") WHERE pk."user_id" IS NULL AND (fk."user_id" IS NOT NULL)	pending-target	a1a2d3bd503ab98c2c495ad2a27283bccca86b57310681d521e532168db2fdbd			
7d1c6e49a0b1135e	schema-sync	dynamic:schema_sync	SELECT fk."user_id" FROM ONLY "audit"."user_activity_log_2025_q2" fk LEFT OUTER JOIN ONLY "core"."users" pk ON ( pk."user_id" OPERATOR(pg_catalog.=) fk."user_id") WHERE pk."user_id" IS NULL AND (fk."user_id" IS NOT NULL)	pending-target	a1a2d3bd503ab98c2c495ad2a27283bccca86b57310681d521e532168db2fdbd			
7d56496dafec1a9a	schema-sync	dynamic:schema_sync (replicated-schema DDL, kind DROP SCHEMA: 3 of 5 kept)	DROP SCHEMA IF EXISTS sales CASCADE	pending-target	a1a2d3bd503ab98c2c495ad2a27283bccca86b57310681d521e532168db2fdbd			
7d8dfef50997ab14	schema-sync	dynamic:resharding (replicated-schema DDL, kind DROP INDEX: 3 of 8 kept)	DROP INDEX IF EXISTS "public"."idx_task_comments_task"	pending-target	a1a2d3bd503ab98c2c495ad2a27283bccca86b57310681d521e532168db2fdbd			
7defc434e0e2ced6	schema-sync	dynamic:schema_sync	SELECT fk."product_id" FROM ONLY "inventory"."price_history_cat_0_100" fk LEFT OUTER JOIN ONLY "inventory"."products" pk ON ( pk."product_id" OPERATOR(pg_catalog.=) fk."product_id") WHERE pk."product_id" IS NULL AND (fk."product_id" IS NOT NULL)	pending-target	a1a2d3bd503ab98c2c495ad2a27283bccca86b57310681d521e532168db2fdbd			
7e2ef211d64754d5	schema-sync	dynamic:schema_sync	PREPARE dumpCompositeType(pg_catalog.oid) AS SELECT a.attname, a.attnum, pg_catalog.format_type(a.atttypid, a.atttypmod) AS atttypdefn, a.attlen, a.attalign, a.attisdropped, CASE WHEN a.attcollation <> at.typcollation THEN a.attcollation ELSE $2 END AS attcollation FROM pg_catalog.pg_type ct JOIN pg_catalog.pg_attribute a ON a.attrelid = ct.typrelid LEFT JOIN pg_catalog.pg_type at ON at.oid = a.atttypid WHERE ct.oid = $1 ORDER BY a.attnum	pending-target	39a1ab179d2932d70f17a8af0be52de0415db6807c889ccbade0750c6a6dd235			
7ee15884fcfd63f3	schema-sync	dynamic:schema_sync	SELECT fk."product_id" FROM ONLY "inventory"."price_history_cat_200_300" fk LEFT OUTER JOIN ONLY "inventory"."products" pk ON ( pk."product_id" OPERATOR(pg_catalog.=) fk."product_id") WHERE pk."product_id" IS NULL AND (fk."product_id" IS NOT NULL)	pending-target	a1a2d3bd503ab98c2c495ad2a27283bccca86b57310681d521e532168db2fdbd			
7f3726d965a2e7c3	schema-sync	dynamic:schema_sync	SELECT fk."shipping_address_id" FROM ONLY "sales"."orders_2024_q4" fk LEFT OUTER JOIN ONLY "core"."addresses" pk ON ( pk."address_id" OPERATOR(pg_catalog.=) fk."shipping_address_id") WHERE pk."address_id" IS NULL AND (fk."shipping_address_id" IS NOT NULL)	pending-target	a1a2d3bd503ab98c2c495ad2a27283bccca86b57310681d521e532168db2fdbd			
806b41a0ae8b6d58	schema-sync	dynamic:pgbench	DROP TABLE IF EXISTS copy_test_types	pending-target	a1a2d3bd503ab98c2c495ad2a27283bccca86b57310681d521e532168db2fdbd			
80aa798118f31258	schema-sync	dynamic:schema_sync	ALTER OPERATOR FAMILY gist_timestamptz_ops USING gist ADD OPERATOR\t6\t<> (timestamptz, timestamptz) , OPERATOR\t15\t<-> (timestamptz, timestamptz) FOR ORDER BY pg_catalog.interval_ops , FUNCTION\t8 (timestamptz, timestamptz) gbt_tstz_distance (internal, timestamptz, int2, oid, internal) , FUNCTION\t9 (timestamptz, timestamptz) gbt_ts_fetch (internal)	pending-target	bfd930627c4f2cab25d36eb99bf14cc734d9eb6292b1f703c38b5d26f2ef0f12		replayed in an empty database: the object exists in the captured schema; reference error 42704: operator family "gist_timestamptz_ops" does not exist for access method "gist"	
815f7d5e4bdba2b2	schema-sync	pgdog/src/backend/schema/foreign_keys.sql:22	SELECT conname, contype FROM pg_constraint WHERE conrelid = 'pg_class'::regclass ORDER BY 1	pending-target	675b1a1d3bd6ad768881dd19b7b02a392fc91f2b2b4373e9a263cb999783fe6c			
84e3f074bed86218	schema-sync	dynamic:schema_sync	SELECT fk."warehouse_id" FROM ONLY "inventory"."stock_movements_2025_q1" fk LEFT OUTER JOIN ONLY "inventory"."warehouses" pk ON ( pk."warehouse_id" OPERATOR(pg_catalog.=) fk."warehouse_id") WHERE pk."warehouse_id" IS NULL AND (fk."warehouse_id" IS NOT NULL)	pending-target	a1a2d3bd503ab98c2c495ad2a27283bccca86b57310681d521e532168db2fdbd			
855599f5cdf2cc91	schema-sync	dynamic:data_sync;dynamic:resharding;dynamic:schema_sync	SELECT pg_catalog.set_config($1, $2, $3)	pending-target	d71037e1ee3754cd5c94a2c0831c01c325fc338a2a6f7740bebfe510f5f2f45d		reference error 22004: SET requires parameter name	
859a4b0219104812	schema-sync	dynamic:schema_sync	COMMENT ON SCHEMA inventory IS 'Product catalog and inventory management'	pending-target	a1a2d3bd503ab98c2c495ad2a27283bccca86b57310681d521e532168db2fdbd			
86d2d7cbb2bd2718	schema-sync	dynamic:baseline;dynamic:data_sync;dynamic:pgbench;dynamic:resharding;dynamic:schema_sync;dynamic:two_pc	SELECT c.table_catalog::text, c.table_schema::text, c.table_name::text, c.column_name::text, COALESCE(c.column_default, CASE WHEN c.is_identity = $1 THEN $2 || lower(c.identity_generation) || $3 ELSE $4 END)::text AS column_default, (c.is_nullable != $5)::text AS is_nullable, c.data_type::text, c.ordinal_position::int, (pk.column_name IS NOT NULL)::text AS is_primary_key FROM information_schema.columns c LEFT JOIN ( SELECT kcu.table_schema, kcu.table_name, kcu.column_name FROM information_schema.table_constraints tc JOIN information_schema.key_column_usage kcu ON tc.constraint_name = kcu.constraint_name AND tc.table_schema = kcu.table_schema WHERE tc.constraint_type = $6 ) pk ON c.table_schema = pk.table_schema AND c.table_name = pk.table_name AND c.column_name = pk.column_name WHERE c.table_schema NOT IN ($7, $8)  UNION ALL   SELECT current_database()::text AS table_catalog, n.nspname::text AS table_schema, cls.relname::text AS table_name, a.attname::text AS column_name, pg_get_expr(d.adbin, d.adrelid)::text AS column_default, (NOT a.attnotnull)::text AS is_nullable, pg_catalog.format_type(a.atttypid, a.atttypmod)::text AS data_type, a.attnum::int AS ordinal_position, $9::text AS is_primary_key FROM pg_catalog.pg_class cls JOIN pg_catalog.pg_namespace n ON n.oid = cls.relnamespace JOIN pg_catalog.pg_attribute a ON a.attrelid = cls.oid LEFT JOIN pg_catalog.pg_attrdef d ON d.adrelid = cls.oid AND d.adnum = a.attnum WHERE cls.relkind = $10 AND a.attnum > $11 AND NOT a.attisdropped AND n.nspname NOT IN ($12, $13)  ORDER BY table_schema, table_name, ordinal_position	pending-target	83df9350beed5d083e6e828b59c8820cb8c4c775843819ba871f5d9c326eff03			
8796b952742291f6	schema-sync	dynamic:schema_sync	ALTER OPERATOR FAMILY gist_time_ops USING gist ADD OPERATOR\t6\t<> (time, time) , OPERATOR\t15\t<-> (time, time) FOR ORDER BY pg_catalog.interval_ops , FUNCTION\t8 (time, time) gbt_time_distance (internal, time, int2, oid, internal) , FUNCTION\t9 (time, time) gbt_time_fetch (internal)	pending-target	bfd930627c4f2cab25d36eb99bf14cc734d9eb6292b1f703c38b5d26f2ef0f12		replayed in an empty database: the object exists in the captured schema; reference error 42704: operator family "gist_time_ops" does not exist for access method "gist"	
8adb599805f4066a	schema-sync	dynamic:schema_sync	SELECT fk."user_id" FROM ONLY "sales"."orders_2025_q2" fk LEFT OUTER JOIN ONLY "core"."users" pk ON ( pk."user_id" OPERATOR(pg_catalog.=) fk."user_id") WHERE pk."user_id" IS NULL AND (fk."user_id" IS NOT NULL)	pending-target	a1a2d3bd503ab98c2c495ad2a27283bccca86b57310681d521e532168db2fdbd			
8e9a6bfd14945c86	schema-sync	dynamic:schema_sync	ALTER OPERATOR FAMILY gist_date_ops USING gist ADD OPERATOR\t6\t<> (date, date) , OPERATOR\t15\t<-> (date, date) FOR ORDER BY pg_catalog.integer_ops , FUNCTION\t8 (date, date) gbt_date_distance (internal, date, int2, oid, internal) , FUNCTION\t9 (date, date) gbt_date_fetch (internal)	pending-target	bfd930627c4f2cab25d36eb99bf14cc734d9eb6292b1f703c38b5d26f2ef0f12		replayed in an empty database: the object exists in the captured schema; reference error 42704: operator family "gist_date_ops" does not exist for access method "gist"	
8f902b1ed9f39481	schema-sync	dynamic:schema_sync	PREPARE dumpEnumType(pg_catalog.oid) AS SELECT oid, enumlabel FROM pg_catalog.pg_enum WHERE enumtypid = $1 ORDER BY enumsortorder	pending-target	39a1ab179d2932d70f17a8af0be52de0415db6807c889ccbade0750c6a6dd235			
8fe04f2a925fbe52	schema-sync	dynamic:schema_sync	SELECT fk."user_id" FROM ONLY "core"."feature_flag_audit_2025_q1" fk LEFT OUTER JOIN ONLY "core"."users" pk ON ( pk."user_id" OPERATOR(pg_catalog.=) fk."user_id") WHERE pk."user_id" IS NULL AND (fk."user_id" IS NOT NULL)	pending-target	a1a2d3bd503ab98c2c495ad2a27283bccca86b57310681d521e532168db2fdbd			
90721d0dc22bc63b	schema-sync	dynamic:data_sync;dynamic:resharding;dynamic:schema_sync	SELECT DISTINCT attrelid FROM pg_attribute WHERE attacl IS NOT NULL	pending-target	02cf8d5cc5a0cb67c8fd0655458dc6889904b8578905fab3bb060924f1af7d29			
91701fcc74a3ff40	schema-sync	dynamic:data_sync;dynamic:resharding;dynamic:schema_sync	SELECT description, classoid, objoid, objsubid FROM pg_catalog.pg_description ORDER BY classoid, objoid, objsubid	pending-target	0186715b2d7cdbfc7f382ab85755d8c30f79fb4f1ba5be99646ed7cec979579f			
93660f356ff428ed	schema-sync	dynamic:schema_sync	SELECT fk."user_id" FROM ONLY "audit"."user_activity_log_2025_q3" fk LEFT OUTER JOIN ONLY "core"."users" pk ON ( pk."user_id" OPERATOR(pg_catalog.=) fk."user_id") WHERE pk."user_id" IS NULL AND (fk."user_id" IS NOT NULL)	pending-target	a1a2d3bd503ab98c2c495ad2a27283bccca86b57310681d521e532168db2fdbd			
94b54cd7c67b680a	schema-sync	dynamic:data_sync	CREATE UNIQUE INDEX ON copy_data.event_types (code)	pending-target	a1a2d3bd503ab98c2c495ad2a27283bccca86b57310681d521e532168db2fdbd			
94f4fe7688e21ce8	schema-sync	dynamic:baseline;dynamic:data_sync;dynamic:pgbench;dynamic:resharding;dynamic:schema_sync;dynamic:two_pc	SELECT n.nspname                                                 AS "schema", c.relname                                                  AS "name", CASE c.relkind WHEN $1 THEN $2 WHEN $3 THEN $4 WHEN $5 THEN $6 WHEN $7 THEN $8 WHEN $9 THEN $10 WHEN $11 THEN $12 WHEN $13 THEN $14 WHEN $15 THEN $16 WHEN $17 THEN $18 end                                                        AS "type", pg_catalog.pg_get_userbyid(c.relowner)                     AS "owner", CASE c.relpersistence WHEN $19 THEN $20 WHEN $21 THEN $22 WHEN $23 THEN $24 end                                                        AS "persistence", am.amname                                                  AS "access_method", pg_catalog.obj_description(c.oid, $25)              AS "description", c.oid::integer                                             AS "oid", parent_ns.nspname                                          AS "parent_table_schema", parent_c.relname                                           AS "parent_table_name" FROM   pg_catalog.pg_class c LEFT JOIN pg_catalog.pg_namespace n ON n.oid = c.relnamespace LEFT JOIN pg_catalog.pg_am am ON am.oid = c.relam LEFT JOIN pg_catalog.pg_inherits inh ON inh.inhrelid = c.oid LEFT JOIN pg_catalog.pg_class parent_c ON parent_c.oid = inh.inhparent LEFT JOIN pg_catalog.pg_namespace parent_ns ON parent_ns.oid = parent_c.relnamespace WHERE  c.relkind IN ( $26, $27, $28, $29, $30, $31, $32 ) AND n.nspname <> $33 AND n.nspname !~ $34 AND n.nspname <> $35  ORDER  BY 1, 2	pending-target	8e3d4a566bf341a539dc5f7b483100114a30db01284e91170a2b0c1fd7524c0e			
9598c377a7ff202b	schema-sync	pgdog/src/backend/replication/logical/data_sync.rs:131;pgdog/src/backend/schema/columns.sql:46;pgdog/src/backend/schema/foreign_keys.sql:23;pgdog/src/backend/schema/foreign_keys.sql:25;pgdog/src/backend/schema/invalid_index.sql:8;+8 more	SELECT c.relname, c.relkind FROM pg_class c JOIN pg_namespace n ON n.oid = c.relnamespace WHERE n.nspname = 'public' ORDER BY 1	pending-target	90583621d5a81c4ed4fe59245a6134c74fd9e3b2b7c168a5ddc30b1dc1a7bb8f			
96032c6e07f2c047	schema-sync	dynamic:schema_sync	ALTER OPERATOR FAMILY gist_trgm_ops USING gist ADD OPERATOR        11       pg_catalog.= (text, text)	pending-target	bfd930627c4f2cab25d36eb99bf14cc734d9eb6292b1f703c38b5d26f2ef0f12		replayed in an empty database: the object exists in the captured schema; reference error 42704: operator family "gist_trgm_ops" does not exist for access method "gist"	
963c9a19ac9739d7	schema-sync	dynamic:schema_sync	SELECT fk."product_id" FROM ONLY "inventory"."stock_movements_2025_q4" fk LEFT OUTER JOIN ONLY "inventory"."products" pk ON ( pk."product_id" OPERATOR(pg_catalog.=) fk."product_id") WHERE pk."product_id" IS NULL AND (fk."product_id" IS NOT NULL)	pending-target	a1a2d3bd503ab98c2c495ad2a27283bccca86b57310681d521e532168db2fdbd			
9677050e6bc89388	schema-sync	dynamic:resharding	SELECT $3 FROM ONLY "public"."projects" x WHERE "tenant_id" OPERATOR(pg_catalog.=) $1 AND "id" OPERATOR(pg_catalog.=) $2 FOR KEY SHARE OF x	pending-target	65267f957b9f0b413d74a775d6195988da9f6862d3508dce4ef46bfd8cdda3be			
968b8eba5807ae14	schema-sync	dynamic:schema_sync	SELECT $2 FROM ONLY "inventory"."categories" x WHERE "category_id" OPERATOR(pg_catalog.=) $1 FOR KEY SHARE OF x	pending-target	c0526241fb6e6474e632a9596c486babffed2cbc7a8712f380b45b754c618b7e			
977dce1da62c4b4c	schema-sync	dynamic:schema_sync	SELECT fk."variant_id" FROM ONLY "inventory"."stock_levels_p1" fk LEFT OUTER JOIN ONLY "inventory"."product_variants" pk ON ( pk."variant_id" OPERATOR(pg_catalog.=) fk."variant_id") WHERE pk."variant_id" IS NULL AND (fk."variant_id" IS NOT NULL)	pending-target	a1a2d3bd503ab98c2c495ad2a27283bccca86b57310681d521e532168db2fdbd			
97c3f8e0bc9ae4d0	schema-sync	dynamic:schema_sync	SELECT fk."assigned_to" FROM ONLY "sales"."ticket_queue_open" fk LEFT OUTER JOIN ONLY "core"."users" pk ON ( pk."user_id" OPERATOR(pg_catalog.=) fk."assigned_to") WHERE pk."user_id" IS NULL AND (fk."assigned_to" IS NOT NULL)	pending-target	a1a2d3bd503ab98c2c495ad2a27283bccca86b57310681d521e532168db2fdbd			
986aeb7d3b57e9a2	schema-sync	dynamic:resharding (replicated-schema DDL, kind CREATE SEQUENCE: 3 of 6 kept)	CREATE SEQUENCE IF NOT EXISTS public.tenants_id_seq START 1 INCREMENT 1 NO MINVALUE NO MAXVALUE CACHE 1	pending-target	a1a2d3bd503ab98c2c495ad2a27283bccca86b57310681d521e532168db2fdbd			
98c8fe183fe81960	schema-sync	dynamic:data_sync;dynamic:resharding;dynamic:schema_sync	SELECT pol.oid, pol.tableoid, pol.polrelid, pol.polname, pol.polcmd, pol.polpermissive, CASE WHEN pol.polroles = $1 THEN $2 ELSE    pg_catalog.array_to_string(ARRAY(SELECT pg_catalog.quote_ident(rolname) from pg_catalog.pg_roles WHERE oid = ANY(pol.polroles)), $3) END AS polroles, pg_catalog.pg_get_expr(pol.polqual, pol.polrelid) AS polqual, pg_catalog.pg_get_expr(pol.polwithcheck, pol.polrelid) AS polwithcheck FROM unnest($4::pg_catalog.oid[]) AS src(tbloid) JOIN pg_catalog.pg_policy pol ON (src.tbloid = pol.polrelid)	pending-target	ae5d5c936479d9993aad85477918f41bfef9420d857a195f8767f019b2862b6a			
9935b7a8ac4e7c65	schema-sync	dynamic:schema_sync	SELECT fk."flag_id" FROM ONLY "core"."feature_flag_audit_2025_q1" fk LEFT OUTER JOIN ONLY "core"."feature_flags" pk ON ( pk."flag_id" OPERATOR(pg_catalog.=) fk."flag_id") WHERE pk."flag_id" IS NULL AND (fk."flag_id" IS NOT NULL)	pending-target	a1a2d3bd503ab98c2c495ad2a27283bccca86b57310681d521e532168db2fdbd			
9b3393d98235d989	schema-sync	dynamic:pgbench	DROP TABLE copy_test_types	pending-target	90ed9cadd6e5d30c319d0cbbf069c2a9a01418f445744f881c15165ee8d07505		reference error 42P01: table "copy_test_types" does not exist	
9c5ccfd1c197064e	schema-sync	dynamic:schema_sync	SELECT fk."user_id" FROM ONLY "sales"."orders_2024_q4" fk LEFT OUTER JOIN ONLY "core"."users" pk ON ( pk."user_id" OPERATOR(pg_catalog.=) fk."user_id") WHERE pk."user_id" IS NULL AND (fk."user_id" IS NOT NULL)	pending-target	a1a2d3bd503ab98c2c495ad2a27283bccca86b57310681d521e532168db2fdbd			
9cf020fbf8e1f8e0	schema-sync	dynamic:schema_sync	SELECT fk."variant_id" FROM ONLY "inventory"."stock_movements_2025_q2" fk LEFT OUTER JOIN ONLY "inventory"."product_variants" pk ON ( pk."variant_id" OPERATOR(pg_catalog.=) fk."variant_id") WHERE pk."variant_id" IS NULL AND (fk."variant_id" IS NOT NULL)	pending-target	a1a2d3bd503ab98c2c495ad2a27283bccca86b57310681d521e532168db2fdbd			
9eefdb980bacfc30	schema-sync	dynamic:data_sync;dynamic:resharding;dynamic:schema_sync	SELECT x.tableoid, x.oid, x.extname, n.nspname, x.extrelocatable, x.extversion, x.extconfig, x.extcondition FROM pg_extension x JOIN pg_namespace n ON n.oid = x.extnamespace	pending-target	cf8fa2f8b69211008d865daa24e215d26a0be65d7500303c79efb12514a0b0e2			
9f2810abb7244cf6	schema-sync	dynamic:resharding	SELECT $2 FROM ONLY "public"."tenants" x WHERE "id" OPERATOR(pg_catalog.=) $1 FOR KEY SHARE OF x	pending-target	c0526241fb6e6474e632a9596c486babffed2cbc7a8712f380b45b754c618b7e			
a10f8229d0d70f50	schema-sync	dynamic:schema_sync (replicated-schema DDL, kind CREATE VIEW: 3 of 5 kept)	CREATE VIEW analytics.timezone_dates AS SELECT id, ((summary ->> 'ts')::timestamptz AT TIME ZONE ((summary -> 'stop') ->> 'tz'))::date AS d FROM core.timezone_source	pending-target	90ed9cadd6e5d30c319d0cbbf069c2a9a01418f445744f881c15165ee8d07505		replayed in an empty database: the object exists in the captured schema; reference error 42P01: relation "core.timezone_source" does not exist	
a16ff3c4c24ad2b2	schema-sync	dynamic:data_sync;dynamic:resharding;dynamic:schema_sync	SELECT tableoid, oid, amname, amtype, amhandler::pg_catalog.regproc AS amhandler FROM pg_am	pending-target	48c79752ccca1154399bd7a551a6c15d98ddbed20cfc5d01c731f4d4f45643c5			
a3430b6ef7d882d8	schema-sync	dynamic:schema_sync	SELECT fk."variant_id" FROM ONLY "inventory"."stock_movements_2024_q4" fk LEFT OUTER JOIN ONLY "inventory"."product_variants" pk ON ( pk."variant_id" OPERATOR(pg_catalog.=) fk."variant_id") WHERE pk."variant_id" IS NULL AND (fk."variant_id" IS NOT NULL)	pending-target	a1a2d3bd503ab98c2c495ad2a27283bccca86b57310681d521e532168db2fdbd			
a3d97bddf7d6da4e	schema-sync	dynamic:baseline	CREATE INDEX events_kind_idx ON events (kind)	pending-target	90ed9cadd6e5d30c319d0cbbf069c2a9a01418f445744f881c15165ee8d07505		replayed in an empty database: the object exists in the captured schema; reference error 42P01: relation "events" does not exist	
a3fbd2087dff5eea	schema-sync	dynamic:data_sync	CREATE INDEX CONCURRENTLY IF NOT EXISTS log_actions_user_idx ON copy_data.log_actions USING btree (user_id, tenant_id)	pending-target	a1a2d3bd503ab98c2c495ad2a27283bccca86b57310681d521e532168db2fdbd			
a490a112c236b593	schema-sync	pgdog/src/backend/schema/invalid_index.sql:7;pgdog/src/backend/schema/invalid_index.sql:22;pgdog/src/backend/schema/setup.sql:163	SELECT indexrelid::regclass::text, indisprimary FROM pg_index WHERE indrelid = 'pg_class'::regclass ORDER BY 1	pending-target	abbff6c4141f432cabd1062d7f10625f3c2831bdb6993435dc546f8aedac4dc3			
a4cf752323371a76	schema-sync	dynamic:schema_sync	COMMENT ON EXTENSION pg_trgm IS 'text similarity measurement and index searching based on trigrams'	pending-target	a1a2d3bd503ab98c2c495ad2a27283bccca86b57310681d521e532168db2fdbd			
a4eb4fb86b001aea	schema-sync	dynamic:schema_sync	SELECT fk."variant_id" FROM ONLY "inventory"."stock_movements_2025_q1" fk LEFT OUTER JOIN ONLY "inventory"."product_variants" pk ON ( pk."variant_id" OPERATOR(pg_catalog.=) fk."variant_id") WHERE pk."variant_id" IS NULL AND (fk."variant_id" IS NOT NULL)	pending-target	a1a2d3bd503ab98c2c495ad2a27283bccca86b57310681d521e532168db2fdbd			
a50a874874bb5391	schema-sync	dynamic:data_sync;dynamic:resharding;dynamic:schema_sync	SELECT conrelid, confrelid FROM pg_constraint JOIN pg_depend ON (objid = confrelid) WHERE contype = $1 AND refclassid = $2::regclass AND classid = $3::regclass	pending-target	a2478771fc0f039b285221b91478bf3dc727566a8eeeda8c50de69421c90b01a			
a54b4b314d0b3cae	schema-sync	dynamic:schema_sync	SELECT fk."user_id" FROM ONLY "sales"."orders_2025_q4" fk LEFT OUTER JOIN ONLY "core"."users" pk ON ( pk."user_id" OPERATOR(pg_catalog.=) fk."user_id") WHERE pk."user_id" IS NULL AND (fk."user_id" IS NOT NULL)	pending-target	a1a2d3bd503ab98c2c495ad2a27283bccca86b57310681d521e532168db2fdbd			
a6dbfd18a126a1ec	schema-sync	dynamic:schema_sync	SELECT fk."variant_id" FROM ONLY "inventory"."stock_levels_p0" fk LEFT OUTER JOIN ONLY "inventory"."product_variants" pk ON ( pk."variant_id" OPERATOR(pg_catalog.=) fk."variant_id") WHERE pk."variant_id" IS NULL AND (fk."variant_id" IS NOT NULL)	pending-target	a1a2d3bd503ab98c2c495ad2a27283bccca86b57310681d521e532168db2fdbd			
a75cd247e8f07427	schema-sync	dynamic:schema_sync	ALTER OPERATOR FAMILY gist_cash_ops USING gist ADD OPERATOR\t6\t<> (money, money) , OPERATOR\t15\t<-> (money, money) FOR ORDER BY pg_catalog.money_ops , FUNCTION\t8 (money, money) gbt_cash_distance (internal, money, int2, oid, internal) , FUNCTION\t9 (money, money) gbt_cash_fetch (internal)	pending-target	bfd930627c4f2cab25d36eb99bf14cc734d9eb6292b1f703c38b5d26f2ef0f12		replayed in an empty database: the object exists in the captured schema; reference error 42704: operator family "gist_cash_ops" does not exist for access method "gist"	
a773137522d00974	schema-sync	dynamic:data_sync	CREATE UNIQUE INDEX IF NOT EXISTS event_types_code_idx ON copy_data.event_types (code)	pending-target	a1a2d3bd503ab98c2c495ad2a27283bccca86b57310681d521e532168db2fdbd			
a959948376b868ad	schema-sync	dynamic:data_sync (replicated-schema DDL, kind CREATE SEQUENCE: 3 of 6 kept)	CREATE SEQUENCE IF NOT EXISTS copy_data.settings_id_seq START 1 INCREMENT 1 NO MINVALUE NO MAXVALUE CACHE 1	pending-target	a1a2d3bd503ab98c2c495ad2a27283bccca86b57310681d521e532168db2fdbd			
aa33ad3432598d3d	schema-sync	dynamic:schema_sync	SELECT fk."user_id" FROM ONLY "core"."feature_flag_audit_2025_q2" fk LEFT OUTER JOIN ONLY "core"."users" pk ON ( pk."user_id" OPERATOR(pg_catalog.=) fk."user_id") WHERE pk."user_id" IS NULL AND (fk."user_id" IS NOT NULL)	pending-target	a1a2d3bd503ab98c2c495ad2a27283bccca86b57310681d521e532168db2fdbd			
aa5567dc2a9eeba6	schema-sync	dynamic:baseline	CREATE TABLE events (id bigint PRIMARY KEY, kind text NOT NULL, amount numeric(12,2) DEFAULT 0, at timestamptz DEFAULT now())	pending-target	a1a2d3bd503ab98c2c495ad2a27283bccca86b57310681d521e532168db2fdbd		replayed in an empty database: the object exists in the captured schema	
aad969e27ccc9b14	schema-sync	dynamic:pgbench	alter table pgbench_tellers add primary key (tid)	pending-target	336505d171d76af7b4875c3e9191d0f17be074de6f2ceb1d18bfe4de0eaea2d5		reference error 42P16: multiple primary keys for table "pgbench_tellers" are not allowed	
ab7a823a0863f294	schema-sync	dynamic:schema_sync (replicated-schema DDL, kind COMMENT ON SCHEMA: 3 of 4 kept)	COMMENT ON SCHEMA sales IS 'Orders, payments, and transaction processing'	pending-target	a1a2d3bd503ab98c2c495ad2a27283bccca86b57310681d521e532168db2fdbd			
ac120a898c587bbf	schema-sync	dynamic:data_sync;dynamic:resharding;dynamic:schema_sync	SELECT label, provider, classoid, objoid, objsubid FROM pg_catalog.pg_seclabels ORDER BY classoid, objoid, objsubid	pending-target	a1a2d3bd503ab98c2c495ad2a27283bccca86b57310681d521e532168db2fdbd			
acbd710abe283a13	schema-sync	dynamic:data_sync;dynamic:resharding;dynamic:schema_sync	SELECT t.tableoid, t.oid, i.indrelid, t.relname AS indexname, t.relpages, t.reltuples, t.relallvisible, $1 AS relallfrozen, pg_catalog.pg_get_indexdef(i.indexrelid) AS indexdef, i.indkey, i.indisclustered, c.contype, c.conname, c.condeferrable, c.condeferred, c.tableoid AS contableoid, c.oid AS conoid, pg_catalog.pg_get_constraintdef(c.oid, $2) AS condef, CASE WHEN i.indexprs IS NOT NULL THEN (SELECT pg_catalog.array_agg(attname ORDER BY attnum)  FROM pg_catalog.pg_attribute   WHERE attrelid = i.indexrelid) ELSE $3 END AS indattnames, (SELECT spcname FROM pg_catalog.pg_tablespace s WHERE s.oid = t.reltablespace) AS tablespace, t.reloptions AS indreloptions, i.indisreplident, inh.inhparent AS parentidx, i.indnkeyatts AS indnkeyatts, i.indnatts AS indnatts, (SELECT pg_catalog.array_agg(attnum ORDER BY attnum)   FROM pg_catalog.pg_attribute   WHERE attrelid = i.indexrelid AND     attstattarget >= $4) AS indstatcols, (SELECT pg_catalog.array_agg(attstattarget ORDER BY attnum)   FROM pg_catalog.pg_attribute   WHERE attrelid = i.indexrelid AND     attstattarget >= $5) AS indstatvals, i.indnullsnotdistinct, $6 AS conperiod FROM unnest($7::pg_catalog.oid[]) AS src(tbloid) JOIN pg_catalog.pg_index i ON (src.tbloid = i.indrelid) JOIN pg_catalog.pg_class t ON (t.oid = i.indexrelid) JOIN pg_catalog.pg_class t2 ON (t2.oid = i.indrelid) LEFT JOIN pg_catalog.pg_constraint c ON (i.indrelid = c.conrelid AND i.indexrelid = c.conindid AND c.contype IN ($8,$9,$10)) LEFT JOIN pg_catalog.pg_inherits inh ON (inh.inhrelid = indexrelid) WHERE (i.indisvalid OR t2.relkind = $11) AND i.indisready ORDER BY i.indrelid, indexname	pending-target	8099e0614c972d272c11ab68fde1f8d020c67e626338cc784a2d9354fd9d4921			
ad04945aef874224	schema-sync	dynamic:schema_sync (replicated-schema DDL, kind DROP SCHEMA: 3 of 5 kept)	DROP SCHEMA IF EXISTS analytics CASCADE	pending-target	a1a2d3bd503ab98c2c495ad2a27283bccca86b57310681d521e532168db2fdbd			
ad3d4d709f8c38bc	schema-sync	dynamic:data_sync;dynamic:resharding;dynamic:schema_sync	SELECT c.tableoid, c.oid, conrelid, conname, confrelid, conindid, pg_catalog.pg_get_constraintdef(c.oid) AS condef FROM unnest($1::pg_catalog.oid[]) AS src(tbloid) JOIN pg_catalog.pg_constraint c ON (src.tbloid = c.conrelid) WHERE contype = $2 AND conparentid = $3 ORDER BY conrelid, conname	pending-target	59226775ec57ecdc2d51e1de64d8f796ce84526f3c254ec5b5ed22f348ef5f1d			
adfc488331bfa281	schema-sync	dynamic:schema_sync	SELECT fk."user_id" FROM ONLY "sales"."orders_2025_q3" fk LEFT OUTER JOIN ONLY "core"."users" pk ON ( pk."user_id" OPERATOR(pg_catalog.=) fk."user_id") WHERE pk."user_id" IS NULL AND (fk."user_id" IS NOT NULL)	pending-target	a1a2d3bd503ab98c2c495ad2a27283bccca86b57310681d521e532168db2fdbd			
ae911796ca847448	schema-sync	dynamic:schema_sync	COMMENT ON TABLE inventory.products IS 'Product catalog with full-text search capabilities'	pending-target	a1a2d3bd503ab98c2c495ad2a27283bccca86b57310681d521e532168db2fdbd			
b2534c2c0921bf08	schema-sync	dynamic:baseline;dynamic:data_sync;dynamic:pgbench;dynamic:resharding;dynamic:schema_sync;dynamic:two_pc	SELECT * FROM pg_catalog.unnest($1) WITH ORDINALITY	pending-target	c53b1796ac4030affbabb42c6b59e20d107d814ddc641bd50917762e45d31ffe		reference error 42725: function pg_catalog.unnest(unknown) is not unique	
b3c3bd2717db4e67	schema-sync	dynamic:data_sync (replicated-schema DDL, kind CREATE SEQUENCE: 3 of 6 kept)	CREATE SEQUENCE IF NOT EXISTS copy_data.log_actions_id_seq START 1 INCREMENT 1 NO MINVALUE NO MAXVALUE CACHE 1	pending-target	a1a2d3bd503ab98c2c495ad2a27283bccca86b57310681d521e532168db2fdbd			
b43caae7dfbaa13c	schema-sync	dynamic:schema_sync	ALTER TYPE ltree SET ( RECEIVE = ltree_recv, SEND = ltree_send )	pending-target	a1a2d3bd503ab98c2c495ad2a27283bccca86b57310681d521e532168db2fdbd			
b6ad93c27d4883f3	schema-sync	dynamic:schema_sync	SELECT fk."variant_id" FROM ONLY "inventory"."stock_movements_2025_q3" fk LEFT OUTER JOIN ONLY "inventory"."product_variants" pk ON ( pk."variant_id" OPERATOR(pg_catalog.=) fk."variant_id") WHERE pk."variant_id" IS NULL AND (fk."variant_id" IS NOT NULL)	pending-target	a1a2d3bd503ab98c2c495ad2a27283bccca86b57310681d521e532168db2fdbd			
b8a0503b99dc817a	schema-sync	dynamic:schema_sync	SELECT fk."user_id" FROM ONLY "sales"."ticket_queue_resolved" fk LEFT OUTER JOIN ONLY "core"."users" pk ON ( pk."user_id" OPERATOR(pg_catalog.=) fk."user_id") WHERE pk."user_id" IS NULL AND (fk."user_id" IS NOT NULL)	pending-target	a1a2d3bd503ab98c2c495ad2a27283bccca86b57310681d521e532168db2fdbd			
ba1e9452bc42962a	schema-sync	dynamic:pgbench	select o.n, p.partstrat, pg_catalog.count(i.inhparent) from pg_catalog.pg_class as c join pg_catalog.pg_namespace as n on (n.oid = c.relnamespace) cross join lateral (select pg_catalog.array_position(pg_catalog.current_schemas($1), n.nspname)) as o(n) left join pg_catalog.pg_partitioned_table as p on (p.partrelid = c.oid) left join pg_catalog.pg_inherits as i on (c.oid = i.inhparent) where c.relname = $2 and o.n is not null group by 1, 2 order by 1 asc limit $3	pending-target	6275d20525b5ede37dcd278df9fdeb2792c9f8f6231b252d906d6036c40f1e5c			
bcf771a318d86b61	schema-sync	dynamic:data_sync;dynamic:schema_sync	PREPARE dumpTableAttach(pg_catalog.oid) AS SELECT pg_get_expr(c.relpartbound, c.oid) FROM pg_class c WHERE c.oid = $1	pending-target	39a1ab179d2932d70f17a8af0be52de0415db6807c889ccbade0750c6a6dd235			
bdc4d4d60b70c226	schema-sync	dynamic:schema_sync	SELECT fk."product_id" FROM ONLY "inventory"."stock_levels_p0" fk LEFT OUTER JOIN ONLY "inventory"."products" pk ON ( pk."product_id" OPERATOR(pg_catalog.=) fk."product_id") WHERE pk."product_id" IS NULL AND (fk."product_id" IS NOT NULL)	pending-target	a1a2d3bd503ab98c2c495ad2a27283bccca86b57310681d521e532168db2fdbd			
be27e58fc9c3922b	schema-sync	dynamic:schema_sync	ALTER OPERATOR FAMILY gist_oid_ops USING gist ADD OPERATOR\t6\t<> (oid, oid) , OPERATOR\t15\t<-> (oid, oid) FOR ORDER BY pg_catalog.oid_ops , FUNCTION\t8 (oid, oid) gbt_oid_distance (internal, oid, int2, oid, internal) ,  FUNCTION\t9 (oid, oid) gbt_oid_fetch (internal)	pending-target	bfd930627c4f2cab25d36eb99bf14cc734d9eb6292b1f703c38b5d26f2ef0f12		replayed in an empty database: the object exists in the captured schema; reference error 42704: operator family "gist_oid_ops" does not exist for access method "gist"	
be507c7a85d45f49	schema-sync	dynamic:schema_sync	SELECT fk."user_id" FROM ONLY "core"."feature_flag_audit_2025_q4" fk LEFT OUTER JOIN ONLY "core"."users" pk ON ( pk."user_id" OPERATOR(pg_catalog.=) fk."user_id") WHERE pk."user_id" IS NULL AND (fk."user_id" IS NOT NULL)	pending-target	a1a2d3bd503ab98c2c495ad2a27283bccca86b57310681d521e532168db2fdbd			
beecb885f154501c	schema-sync	dynamic:resharding (replicated-schema DDL, kind ALTER SEQUENCE: 3 of 6 kept)	ALTER SEQUENCE public.settings_id_seq OWNED BY public.settings.id	pending-target	a1a2d3bd503ab98c2c495ad2a27283bccca86b57310681d521e532168db2fdbd			
bf17e995ab49d3ee	schema-sync	dynamic:schema_sync	SELECT fk."product_id" FROM ONLY "inventory"."stock_levels_p1" fk LEFT OUTER JOIN ONLY "inventory"."products" pk ON ( pk."product_id" OPERATOR(pg_catalog.=) fk."product_id") WHERE pk."product_id" IS NULL AND (fk."product_id" IS NOT NULL)	pending-target	a1a2d3bd503ab98c2c495ad2a27283bccca86b57310681d521e532168db2fdbd			
c00b71924d767db6	schema-sync	dynamic:schema_sync	SELECT $2 FROM ONLY "inventory"."brands" x WHERE "brand_id" OPERATOR(pg_catalog.=) $1 FOR KEY SHARE OF x	pending-target	c0526241fb6e6474e632a9596c486babffed2cbc7a8712f380b45b754c618b7e			
c18ccc47d0540f9c	schema-sync	dynamic:data_sync;dynamic:resharding;dynamic:schema_sync	SELECT a.attrelid, a.attnum, a.attname, a.attstattarget, a.attstorage, t.typstorage, a.atthasdef, a.attisdropped, a.attlen, a.attalign, a.attislocal, pg_catalog.format_type(t.oid, a.atttypmod) AS atttypname, array_to_string(a.attoptions, $1) AS attoptions, CASE WHEN a.attcollation <> t.typcollation THEN a.attcollation ELSE $2 END AS attcollation, pg_catalog.array_to_string(ARRAY(SELECT pg_catalog.quote_ident(option_name) || $3 || pg_catalog.quote_literal(option_value) FROM pg_catalog.pg_options_to_table(attfdwoptions) ORDER BY option_name), $4) AS attfdwoptions, CASE WHEN a.attnotnull THEN $5 ELSE $6 END AS notnull_name, $7 AS notnull_comment, $8 AS notnull_invalidoid, $9 AS notnull_noinherit, CASE WHEN a.attislocal THEN $10 WHEN a.attnotnull AND NOT a.attislocal THEN $11 ELSE $12 END AS notnull_islocal, a.attcompression AS attcompression, a.attidentity, CASE WHEN a.atthasmissing AND NOT a.attisdropped THEN a.attmissingval ELSE $13 END AS attmissingval, a.attgenerated FROM unnest($14::pg_catalog.oid[]) AS src(tbloid) JOIN pg_catalog.pg_attribute a ON (src.tbloid = a.attrelid) LEFT JOIN pg_catalog.pg_type t ON (a.atttypid = t.oid) WHERE a.attnum > $15::pg_catalog.int2 ORDER BY a.attrelid, a.attnum	pending-target	e247b41c4edebf6d18952b96b78e2970aab2c91e93800fb8344e2e5d7a50e031			
c237b44c0cc10db2	schema-sync	dynamic:schema_sync	SELECT fk."billing_address_id" FROM ONLY "sales"."orders_2025_q4" fk LEFT OUTER JOIN ONLY "core"."addresses" pk ON ( pk."address_id" OPERATOR(pg_catalog.=) fk."billing_address_id") WHERE pk."address_id" IS NULL AND (fk."billing_address_id" IS NOT NULL)	pending-target	a1a2d3bd503ab98c2c495ad2a27283bccca86b57310681d521e532168db2fdbd			
c2b0fa94a6fe1c36	schema-sync	dynamic:pgbench	CREATE EXTENSION IF NOT EXISTS "uuid-ossp"	pending-target	a1a2d3bd503ab98c2c495ad2a27283bccca86b57310681d521e532168db2fdbd			
c430841be4367e15	schema-sync	dynamic:schema_sync	COMMENT ON TABLE inventory.stock_levels IS 'Inventory levels partitioned by warehouse'	pending-target	a1a2d3bd503ab98c2c495ad2a27283bccca86b57310681d521e532168db2fdbd			
c5cb353fc96abfbd	schema-sync	dynamic:schema_sync	SELECT fk."user_id" FROM ONLY "audit"."user_activity_log_2025_q4" fk LEFT OUTER JOIN ONLY "core"."users" pk ON ( pk."user_id" OPERATOR(pg_catalog.=) fk."user_id") WHERE pk."user_id" IS NULL AND (fk."user_id" IS NOT NULL)	pending-target	a1a2d3bd503ab98c2c495ad2a27283bccca86b57310681d521e532168db2fdbd			
c66f4a636f0c10b1	schema-sync	dynamic:schema_sync	SELECT fk."flag_id" FROM ONLY "core"."feature_flag_audit_2025_q2" fk LEFT OUTER JOIN ONLY "core"."feature_flags" pk ON ( pk."flag_id" OPERATOR(pg_catalog.=) fk."flag_id") WHERE pk."flag_id" IS NULL AND (fk."flag_id" IS NOT NULL)	pending-target	a1a2d3bd503ab98c2c495ad2a27283bccca86b57310681d521e532168db2fdbd			
c820d4716922d95c	schema-sync	dynamic:data_sync;dynamic:schema_sync	SELECT pg_get_partkeydef($1)	pending-target	709134914577dfa2ac7a2ce7b9e20213f0faa50a2741859d1ce21dd75e9d2d8f			
c9ace47ed5f72970	schema-sync	dynamic:schema_sync	COMMENT ON EXTENSION btree_gist IS 'support for indexing common datatypes in GiST'	pending-target	a1a2d3bd503ab98c2c495ad2a27283bccca86b57310681d521e532168db2fdbd			
c9fd36379f97b78b	schema-sync	dynamic:data_sync	COMMENT ON EXTENSION "uuid-ossp" IS 'generate universally unique identifiers (UUIDs)'	pending-target	a1a2d3bd503ab98c2c495ad2a27283bccca86b57310681d521e532168db2fdbd			
ca08aba319398d94	schema-sync	dynamic:schema_sync	SELECT fk."product_id" FROM ONLY "inventory"."stock_movements_2024_q4" fk LEFT OUTER JOIN ONLY "inventory"."products" pk ON ( pk."product_id" OPERATOR(pg_catalog.=) fk."product_id") WHERE pk."product_id" IS NULL AND (fk."product_id" IS NOT NULL)	pending-target	a1a2d3bd503ab98c2c495ad2a27283bccca86b57310681d521e532168db2fdbd			
cbd8bfcc8761fb48	schema-sync	dynamic:schema_sync	ALTER TYPE ltxtquery SET ( RECEIVE = ltxtq_recv, SEND = ltxtq_send )	pending-target	a1a2d3bd503ab98c2c495ad2a27283bccca86b57310681d521e532168db2fdbd			
d08a5f9a4d4f1cfb	schema-sync	dynamic:schema_sync	ALTER OPERATOR FAMILY gist_int4_ops USING gist ADD OPERATOR\t6\t<> (int4, int4) , OPERATOR\t15\t<-> (int4, int4) FOR ORDER BY pg_catalog.integer_ops , FUNCTION\t8 (int4, int4) gbt_int4_distance (internal, int4, int2, oid, internal) , FUNCTION\t9 (int4, int4) gbt_int4_fetch (internal)	pending-target	bfd930627c4f2cab25d36eb99bf14cc734d9eb6292b1f703c38b5d26f2ef0f12		replayed in an empty database: the object exists in the captured schema; reference error 42704: operator family "gist_int4_ops" does not exist for access method "gist"	
d2a0ec2eefe21e2a	schema-sync	dynamic:schema_sync	SELECT fk."user_id" FROM ONLY "sales"."ticket_queue_in_progress" fk LEFT OUTER JOIN ONLY "core"."users" pk ON ( pk."user_id" OPERATOR(pg_catalog.=) fk."user_id") WHERE pk."user_id" IS NULL AND (fk."user_id" IS NOT NULL)	pending-target	a1a2d3bd503ab98c2c495ad2a27283bccca86b57310681d521e532168db2fdbd			
d326346abea67262	schema-sync	dynamic:schema_sync	SELECT fk."performed_by" FROM ONLY "inventory"."stock_movements_2025_q3" fk LEFT OUTER JOIN ONLY "core"."users" pk ON ( pk."user_id" OPERATOR(pg_catalog.=) fk."performed_by") WHERE pk."user_id" IS NULL AND (fk."performed_by" IS NOT NULL)	pending-target	a1a2d3bd503ab98c2c495ad2a27283bccca86b57310681d521e532168db2fdbd			
d33ca3a5dcb5ee0b	schema-sync	dynamic:schema_sync	SELECT fk."performed_by" FROM ONLY "inventory"."stock_movements_2025_q4" fk LEFT OUTER JOIN ONLY "core"."users" pk ON ( pk."user_id" OPERATOR(pg_catalog.=) fk."performed_by") WHERE pk."user_id" IS NULL AND (fk."performed_by" IS NOT NULL)	pending-target	a1a2d3bd503ab98c2c495ad2a27283bccca86b57310681d521e532168db2fdbd			
d502427387822b0d	schema-sync	dynamic:schema_sync	SELECT fk."flag_id" FROM ONLY "core"."feature_flag_audit_2025_q3" fk LEFT OUTER JOIN ONLY "core"."feature_flags" pk ON ( pk."flag_id" OPERATOR(pg_catalog.=) fk."flag_id") WHERE pk."flag_id" IS NULL AND (fk."flag_id" IS NOT NULL)	pending-target	a1a2d3bd503ab98c2c495ad2a27283bccca86b57310681d521e532168db2fdbd			
d62c96ece9cf1bbb	schema-sync	dynamic:schema_sync	SELECT fk."flag_id" FROM ONLY "core"."feature_flag_audit_2025_q4" fk LEFT OUTER JOIN ONLY "core"."feature_flags" pk ON ( pk."flag_id" OPERATOR(pg_catalog.=) fk."flag_id") WHERE pk."flag_id" IS NULL AND (fk."flag_id" IS NOT NULL)	pending-target	a1a2d3bd503ab98c2c495ad2a27283bccca86b57310681d521e532168db2fdbd			
d792ce84b82c04c0	schema-sync	dynamic:data_sync;dynamic:resharding;dynamic:schema_sync	SELECT p.tableoid, p.oid, p.proname, p.prolang, p.pronargs, p.proargtypes, p.prorettype, p.proacl, acldefault($1, p.proowner) AS acldefault, p.pronamespace, p.proowner FROM pg_proc p LEFT JOIN pg_init_privs pip ON (p.oid = pip.objoid AND pip.classoid = $2::regclass AND pip.objsubid = $3) WHERE p.prokind <> $4 AND NOT EXISTS (SELECT $5 FROM pg_depend WHERE classid = $6::regclass AND objid = p.oid AND deptype = $7) AND ( pronamespace != (SELECT oid FROM pg_namespace WHERE nspname = $8) OR EXISTS (SELECT $9 FROM pg_cast WHERE pg_cast.oid > $10 AND p.oid = pg_cast.castfunc) OR EXISTS (SELECT $11 FROM pg_transform WHERE pg_transform.oid > $12 AND (p.oid = pg_transform.trffromsql OR p.oid = pg_transform.trftosql)) OR p.proacl IS DISTINCT FROM pip.initprivs)	pending-target	21b19513fc6bb9e59744fdb3c2298f5a8a21f85df67c5a8521a543bf72dab8e3			
d887de4f3434a438	schema-sync	dynamic:schema_sync	SELECT fk."shipping_address_id" FROM ONLY "sales"."orders_2025_q4" fk LEFT OUTER JOIN ONLY "core"."addresses" pk ON ( pk."address_id" OPERATOR(pg_catalog.=) fk."shipping_address_id") WHERE pk."address_id" IS NULL AND (fk."shipping_address_id" IS NOT NULL)	pending-target	a1a2d3bd503ab98c2c495ad2a27283bccca86b57310681d521e532168db2fdbd			
d8b20daafcbbacb9	schema-sync	dynamic:data_sync;dynamic:resharding;dynamic:schema_sync	SELECT pg_catalog.pg_is_in_recovery()	pending-target	4d762497f83c5da9c5be11426eae247ed36d21aaca52556f321c6de4dcc7e581			
dd2bd744a84034fe	schema-sync	dynamic:schema_sync	SELECT fk."user_id" FROM ONLY "core"."session_data_p2" fk LEFT OUTER JOIN ONLY "core"."users" pk ON ( pk."user_id" OPERATOR(pg_catalog.=) fk."user_id") WHERE pk."user_id" IS NULL AND (fk."user_id" IS NOT NULL)	pending-target	a1a2d3bd503ab98c2c495ad2a27283bccca86b57310681d521e532168db2fdbd			
ddb768f6911d9b8d	schema-sync	dynamic:schema_sync	SELECT fk."assigned_to" FROM ONLY "sales"."ticket_queue_resolved" fk LEFT OUTER JOIN ONLY "core"."users" pk ON ( pk."user_id" OPERATOR(pg_catalog.=) fk."assigned_to") WHERE pk."user_id" IS NULL AND (fk."assigned_to" IS NOT NULL)	pending-target	a1a2d3bd503ab98c2c495ad2a27283bccca86b57310681d521e532168db2fdbd			
de25396ff2d318a7	schema-sync	dynamic:schema_sync	SELECT fk."product_id" FROM ONLY "inventory"."price_history_cat_100_200" fk LEFT OUTER JOIN ONLY "inventory"."products" pk ON ( pk."product_id" OPERATOR(pg_catalog.=) fk."product_id") WHERE pk."product_id" IS NULL AND (fk."product_id" IS NOT NULL)	pending-target	a1a2d3bd503ab98c2c495ad2a27283bccca86b57310681d521e532168db2fdbd			
e2c8e4927a74d12e	schema-sync	dynamic:schema_sync	SELECT fk."user_id" FROM ONLY "sales"."ticket_queue_closed" fk LEFT OUTER JOIN ONLY "core"."users" pk ON ( pk."user_id" OPERATOR(pg_catalog.=) fk."user_id") WHERE pk."user_id" IS NULL AND (fk."user_id" IS NOT NULL)	pending-target	a1a2d3bd503ab98c2c495ad2a27283bccca86b57310681d521e532168db2fdbd			
e3dff6bb1e0e689f	schema-sync	dynamic:data_sync;dynamic:resharding;dynamic:schema_sync	SELECT tableoid, oid, typname, typnamespace, typacl, acldefault($1, typowner) AS acldefault, typowner, typelem, typrelid, typarray, CASE WHEN typrelid = $2 THEN $3::"char" ELSE (SELECT relkind FROM pg_class WHERE oid = typrelid) END AS typrelkind, typtype, typisdefined, typname[$4] = $5 AND typelem != $6 AND (SELECT typarray FROM pg_type te WHERE oid = pg_type.typelem) = oid AS isarray FROM pg_type	pending-target	f912eb894e96ab30a8901de6692769cde107fbaff2d4418acf1445d2b90a65aa			
e4249b7ae08c6131	schema-sync	dynamic:schema_sync	SELECT fk."warehouse_id" FROM ONLY "inventory"."stock_levels_p0" fk LEFT OUTER JOIN ONLY "inventory"."warehouses" pk ON ( pk."warehouse_id" OPERATOR(pg_catalog.=) fk."warehouse_id") WHERE pk."warehouse_id" IS NULL AND (fk."warehouse_id" IS NOT NULL)	pending-target	a1a2d3bd503ab98c2c495ad2a27283bccca86b57310681d521e532168db2fdbd			
e75eb06dbd6a5b6b	schema-sync	dynamic:schema_sync	SELECT fk."assigned_to" FROM ONLY "sales"."ticket_queue_closed" fk LEFT OUTER JOIN ONLY "core"."users" pk ON ( pk."user_id" OPERATOR(pg_catalog.=) fk."assigned_to") WHERE pk."user_id" IS NULL AND (fk."assigned_to" IS NOT NULL)	pending-target	a1a2d3bd503ab98c2c495ad2a27283bccca86b57310681d521e532168db2fdbd			
e9c8a5d969da9759	schema-sync	dynamic:schema_sync	SELECT fk."billing_address_id" FROM ONLY "sales"."orders_2025_q2" fk LEFT OUTER JOIN ONLY "core"."addresses" pk ON ( pk."address_id" OPERATOR(pg_catalog.=) fk."billing_address_id") WHERE pk."address_id" IS NULL AND (fk."billing_address_id" IS NOT NULL)	pending-target	a1a2d3bd503ab98c2c495ad2a27283bccca86b57310681d521e532168db2fdbd			
ea456e9e57fcf559	schema-sync	dynamic:data_sync;dynamic:resharding;dynamic:schema_sync	SELECT p.tableoid, p.oid, p.proname AS aggname, p.pronamespace AS aggnamespace, p.pronargs, p.proargtypes, p.proowner, p.proacl AS aggacl, acldefault($1, p.proowner) AS acldefault FROM pg_proc p LEFT JOIN pg_init_privs pip ON (p.oid = pip.objoid AND pip.classoid = $2::regclass AND pip.objsubid = $3) WHERE p.prokind = $4 AND (p.pronamespace != (SELECT oid FROM pg_namespace WHERE nspname = $5) OR p.proacl IS DISTINCT FROM pip.initprivs)	pending-target	c55d95475ec2d6c5e12686b676ac6736b7eba8be501b96dd1f0d42aacba39017			
eb6daa57d72cd72a	schema-sync	dynamic:schema_sync	SELECT fk."product_id" FROM ONLY "inventory"."stock_movements_2025_q1" fk LEFT OUTER JOIN ONLY "inventory"."products" pk ON ( pk."product_id" OPERATOR(pg_catalog.=) fk."product_id") WHERE pk."product_id" IS NULL AND (fk."product_id" IS NOT NULL)	pending-target	a1a2d3bd503ab98c2c495ad2a27283bccca86b57310681d521e532168db2fdbd			
eb77855be3a62231	schema-sync	dynamic:schema_sync	ALTER OPERATOR FAMILY gin_trgm_ops USING gin ADD OPERATOR        11       pg_catalog.= (text, text)	pending-target	bfd930627c4f2cab25d36eb99bf14cc734d9eb6292b1f703c38b5d26f2ef0f12		replayed in an empty database: the object exists in the captured schema; reference error 42704: operator family "gin_trgm_ops" does not exist for access method "gin"	
ee950a15d0383e15	schema-sync	dynamic:data_sync;dynamic:resharding;dynamic:schema_sync	SELECT pg_catalog.format_type($1::pg_catalog.oid, $2)	pending-target	34c49765ab6e439b948e337b716898f1274946287b65d532a84168501c3e89d2			
efcd132385bf396b	schema-sync	dynamic:schema_sync	SELECT fk."warehouse_id" FROM ONLY "inventory"."stock_movements_2025_q2" fk LEFT OUTER JOIN ONLY "inventory"."warehouses" pk ON ( pk."warehouse_id" OPERATOR(pg_catalog.=) fk."warehouse_id") WHERE pk."warehouse_id" IS NULL AND (fk."warehouse_id" IS NOT NULL)	pending-target	a1a2d3bd503ab98c2c495ad2a27283bccca86b57310681d521e532168db2fdbd			
eff991cd9e686997	schema-sync	dynamic:schema_sync	ALTER OPERATOR FAMILY gist_int2_ops USING gist ADD OPERATOR\t6\t<> (int2, int2) , OPERATOR\t15\t<-> (int2, int2) FOR ORDER BY pg_catalog.integer_ops , FUNCTION\t8 (int2, int2) gbt_int2_distance (internal, int2, int2, oid, internal) , FUNCTION\t9 (int2, int2) gbt_int2_fetch (internal)	pending-target	bfd930627c4f2cab25d36eb99bf14cc734d9eb6292b1f703c38b5d26f2ef0f12		replayed in an empty database: the object exists in the captured schema; reference error 42704: operator family "gist_int2_ops" does not exist for access method "gist"	
f0d487d0124c60da	schema-sync	dynamic:data_sync	CREATE INDEX log_actions_user_idx ON copy_data.log_actions (user_id, tenant_id)	pending-target	103b80de3e586ecdcf8e0d807dfb429efbb341281864c1d4ead17aac509b7409		replayed in an empty database: the object exists in the captured schema; reference error 3F000: schema "copy_data" does not exist	
f1eb6dc949d2b35f	schema-sync	dynamic:data_sync;dynamic:resharding;dynamic:schema_sync	PREPARE getColumnACLs(pg_catalog.oid) AS SELECT at.attname, at.attacl, $2 AS acldefault, pip.privtype, pip.initprivs FROM pg_catalog.pg_attribute at LEFT JOIN pg_catalog.pg_init_privs pip ON (at.attrelid = pip.objoid AND pip.classoid = $3::pg_catalog.regclass AND at.attnum = pip.objsubid) WHERE at.attrelid = $1 AND NOT at.attisdropped AND (at.attacl IS NOT NULL OR pip.initprivs IS NOT NULL) ORDER BY at.attnum	pending-target	39a1ab179d2932d70f17a8af0be52de0415db6807c889ccbade0750c6a6dd235			
f288a1faf58c102d	schema-sync	dynamic:schema_sync	SELECT fk."user_id" FROM ONLY "sales"."ticket_queue_open" fk LEFT OUTER JOIN ONLY "core"."users" pk ON ( pk."user_id" OPERATOR(pg_catalog.=) fk."user_id") WHERE pk."user_id" IS NULL AND (fk."user_id" IS NOT NULL)	pending-target	a1a2d3bd503ab98c2c495ad2a27283bccca86b57310681d521e532168db2fdbd			
f50d0c25139afae5	schema-sync	dynamic:schema_sync	SELECT fk."performed_by" FROM ONLY "inventory"."stock_movements_2025_q1" fk LEFT OUTER JOIN ONLY "core"."users" pk ON ( pk."user_id" OPERATOR(pg_catalog.=) fk."performed_by") WHERE pk."user_id" IS NULL AND (fk."performed_by" IS NOT NULL)	pending-target	a1a2d3bd503ab98c2c495ad2a27283bccca86b57310681d521e532168db2fdbd			
f5d8e6f12cff511e	schema-sync	dynamic:two_pc	CREATE TABLE IF NOT EXISTS omnisharded_two_pc ( id BIGINT PRIMARY KEY, value VARCHAR )	pending-target	a1a2d3bd503ab98c2c495ad2a27283bccca86b57310681d521e532168db2fdbd			
f6b3db84ce96f571	schema-sync	dynamic:schema_sync	SELECT fk."billing_address_id" FROM ONLY "sales"."orders_2026_q1" fk LEFT OUTER JOIN ONLY "core"."addresses" pk ON ( pk."address_id" OPERATOR(pg_catalog.=) fk."billing_address_id") WHERE pk."address_id" IS NULL AND (fk."billing_address_id" IS NOT NULL)	pending-target	a1a2d3bd503ab98c2c495ad2a27283bccca86b57310681d521e532168db2fdbd			
f7089cc2ecca0e15	schema-sync	dynamic:data_sync;dynamic:resharding;dynamic:schema_sync	SELECT t.tgrelid, t.tgname, pg_catalog.pg_get_triggerdef(t.oid, $1) AS tgdef, t.tgenabled, t.tableoid, t.oid, t.tgparentid <> $2 AS tgispartition FROM unnest($3::pg_catalog.oid[]) AS src(tbloid) JOIN pg_catalog.pg_trigger t ON (src.tbloid = t.tgrelid) LEFT JOIN pg_catalog.pg_trigger u ON (u.oid = t.tgparentid) WHERE ((NOT t.tgisinternal AND t.tgparentid = $4) OR t.tgenabled != u.tgenabled) ORDER BY t.tgrelid, t.tgname	pending-target	1578f3cd2b35603d1c1e8971ac5f2c32bdc874b7d83751ada7ac0d5f2b5434c4			
f865817db54f6657	schema-sync	dynamic:data_sync;dynamic:resharding	SELECT c.oid, c.relreplident, c.relkind FROM pg_catalog.pg_class c INNER JOIN pg_catalog.pg_namespace n ON (c.relnamespace = n.oid) WHERE n.nspname = $1 AND c.relname = $2	pending-target	9cce9deea5335004c62ffaca148dec25de28df259554777a3511af47a573a32c			
f91f4a4aa1e2dc61	schema-sync	dynamic:schema_sync	SELECT $2 FROM ONLY "core"."countries" x WHERE "country_code" OPERATOR(pg_catalog.=) $1 FOR KEY SHARE OF x	pending-target	f51d40273f01718325d514ef9554c9517e8c6e56d62bcfe1784074489c558cf6			
fbe3293644dfce69	schema-sync	dynamic:schema_sync	SELECT fk."billing_address_id" FROM ONLY "sales"."orders_2024_q4" fk LEFT OUTER JOIN ONLY "core"."addresses" pk ON ( pk."address_id" OPERATOR(pg_catalog.=) fk."billing_address_id") WHERE pk."address_id" IS NULL AND (fk."billing_address_id" IS NOT NULL)	pending-target	a1a2d3bd503ab98c2c495ad2a27283bccca86b57310681d521e532168db2fdbd			
fcd64bfc48a08a98	schema-sync	dynamic:data_sync;dynamic:resharding;dynamic:schema_sync	SELECT c.tableoid, c.oid, c.relname, c.relnamespace, c.relkind, c.reltype, c.relowner, c.relchecks, c.relhasindex, c.relhasrules, c.relpages, c.reltuples, c.relallvisible, $1 AS relallfrozen, c.relhastriggers, c.relpersistence, c.reloftype, c.relacl, acldefault(CASE WHEN c.relkind = $2 THEN $3::"char" ELSE $4::"char" END, c.relowner) AS acldefault, CASE WHEN c.relkind = $5 THEN (SELECT ftserver FROM pg_catalog.pg_foreign_table WHERE ftrelid = c.oid) ELSE $6 END AS foreignserver, c.relfrozenxid, tc.relfrozenxid AS tfrozenxid, tc.oid AS toid, tc.relpages AS toastpages, tc.reloptions AS toast_reloptions, d.refobjid AS owning_tab, d.refobjsubid AS owning_col, tsp.spcname AS reltablespace, $7 AS relhasoids, c.relispopulated, c.relreplident, c.relrowsecurity, c.relforcerowsecurity, c.relminmxid, tc.relminmxid AS tminmxid, array_remove(array_remove(c.reloptions,$8),$9) AS reloptions, CASE WHEN $10 = ANY (c.reloptions) THEN $11::text WHEN $12 = ANY (c.reloptions) THEN $13::text ELSE $14 END AS checkoption, am.amname, (d.deptype = $15) IS TRUE AS is_identity_sequence, c.relispartition AS ispartition FROM pg_class c LEFT JOIN pg_depend d ON (c.relkind = $16 AND d.classid = $17::regclass AND d.objid = c.oid AND d.objsubid = $18 AND d.refclassid = $19::regclass AND d.deptype IN ($20, $21)) LEFT JOIN pg_tablespace tsp ON (tsp.oid = c.reltablespace) LEFT JOIN pg_am am ON (c.relam = am.oid) LEFT JOIN pg_class tc ON (c.reltoastrelid = tc.oid AND tc.relkind = $22 AND c.relkind <> $23) WHERE c.relkind IN ($24, $25, $26, $27, $28, $29, $30) ORDER BY c.oid	pending-target	0daa0b50c9ea185284925e9235a63026318939476a5fbd23551f2b12ae0d0ebc			
fce3288ed4187f97	schema-sync	dynamic:schema_sync	SELECT fk."warehouse_id" FROM ONLY "inventory"."stock_movements_2026_q1" fk LEFT OUTER JOIN ONLY "inventory"."warehouses" pk ON ( pk."warehouse_id" OPERATOR(pg_catalog.=) fk."warehouse_id") WHERE pk."warehouse_id" IS NULL AND (fk."warehouse_id" IS NOT NULL)	pending-target	a1a2d3bd503ab98c2c495ad2a27283bccca86b57310681d521e532168db2fdbd			
fd3c027c65c5b682	schema-sync	dynamic:schema_sync	ALTER OPERATOR FAMILY gist_int8_ops USING gist ADD OPERATOR\t6\t<> (int8, int8) , OPERATOR\t15\t<-> (int8, int8) FOR ORDER BY pg_catalog.integer_ops , FUNCTION\t8 (int8, int8) gbt_int8_distance (internal, int8, int2, oid, internal) , FUNCTION\t9 (int8, int8) gbt_int8_fetch (internal)	pending-target	bfd930627c4f2cab25d36eb99bf14cc734d9eb6292b1f703c38b5d26f2ef0f12		replayed in an empty database: the object exists in the captured schema; reference error 42704: operator family "gist_int8_ops" does not exist for access method "gist"	
