digest	component	source	example	class	ref_hash	target_hash	note	issue
041edf7d79044468	2pc	go/vt/vttablet/tabletserver/twopc.go:135	insert into %s.dt_state(dtid, state, time_created) values (%a, %a, %a)	same	b757b267368150584b6fd9b194ac0d3c0a9b1d2f6eea2a6f3ce700917ada0f8e	b757b267368150584b6fd9b194ac0d3c0a9b1d2f6eea2a6f3ce700917ada0f8e		C-2
0877c3dcff21997a	2pc	dynamic:vitess;dynamic:bringup;dynamic:sidecar	show create table _vt.dt_participant	differs	410ebdefdea505baf6727270822eb409a99eff69b6acc14132b49798ebd28588	ecc0ea38588efca97ab7477ce3657dd8baac7b22f53442f45fd8671906db7c0f	row values differ	C-1,C-2,C-6
0abf8dc011ebea93	2pc	go/vt/vttablet/tabletserver/twopc.go:138	insert into %s.dt_participant(dtid, id, keyspace, shard) values %a	same	b757b267368150584b6fd9b194ac0d3c0a9b1d2f6eea2a6f3ce700917ada0f8e	b757b267368150584b6fd9b194ac0d3c0a9b1d2f6eea2a6f3ce700917ada0f8e		C-2
0e54e37df4c68326	2pc	dynamic:vitess;dynamic:bringup;dynamic:reshard	CREATE TABLE IF NOT EXISTS `_vt_customer`.`redo_statement` (\n\t`dtid` varbinary(512) NOT NULL,\n\t`id` bigint NOT NULL,\n\t`statement` mediumblob NOT NULL,\n\tPRIMARY KEY (`dtid`, `id`)\n) ENGINE InnoDB,\n  CHARSET utf8mb4	differs	867a1b8ab78a0a10659dc5ee884b635299118dc67ab6d9ae858d365c7a52c401	3e4bef602d77d32d0ec67c93f2129199d658a8f8a93d747797444f873e472aa0	warnings differ	C-1,C-2
1da21e165d1b5673	2pc	go/vt/vttablet/tabletserver/twopc.go:121	update %s.redo_state set state = %a, message = %a where dtid = %a	same	b757b267368150584b6fd9b194ac0d3c0a9b1d2f6eea2a6f3ce700917ada0f8e	b757b267368150584b6fd9b194ac0d3c0a9b1d2f6eea2a6f3ce700917ada0f8e		C-2
237e8e375a401cfa	2pc	go/vt/vttablet/tabletserver/twopc.go:153	select keyspace, shard from %s.dt_participant where dtid = %a	same	b757b267368150584b6fd9b194ac0d3c0a9b1d2f6eea2a6f3ce700917ada0f8e	b757b267368150584b6fd9b194ac0d3c0a9b1d2f6eea2a6f3ce700917ada0f8e		C-2
24680549941a8a49	2pc	dynamic:vitess;dynamic:bringup;dynamic:reshard	select t.dtid, t.state, t.time_created, s.statement, t.message\n\tfrom _vt_customer.redo_state t\n    join _vt_customer.redo_statement s on t.dtid = s.dtid\n\torder by t.dtid, s.id	same	695640184d3d7c7559a82131dc50e425ec9df62ee58feb3d1b2a2e0ed3ed6ef9	695640184d3d7c7559a82131dc50e425ec9df62ee58feb3d1b2a2e0ed3ed6ef9		C-2
29e21b1c52f43395	2pc	dynamic:vitess;dynamic:bringup;dynamic:reshard	show create table _vt_customer.redo_state	differs	426334e90d4199869e64e4522064993e6ec48789ead215f59146ad4d9ea6feb2	52db738341acf476ac28fe82505dc0669a0d5fe0833f82d5ed674a55393de03e	row values differ	C-1,C-2,C-6
30a69cf046b3ce06	2pc	dynamic:vitess;dynamic:bringup;dynamic:reshard	show create table _vt_customer.redo_statement	differs	119cb6a16f8de92ade721effa1fe8f522132df6650040bc2b83693283cfd8aec	8f2dba4ce79280cc140f462c98c7ec354465b86da24e48fa1f29e5e505280660	row values differ	C-1,C-2,C-6
33124808e8e17908	2pc	dynamic:vitess;dynamic:bringup;dynamic:reshard	CREATE TABLE IF NOT EXISTS `_vt_customer`.`redo_state` (\n\t`dtid` varbinary(512) NOT NULL,\n\t`state` bigint NOT NULL,\n\t`time_created` bigint NOT NULL,\n\t`message` text,\n\tPRIMARY KEY (`dtid`)\n) ENGINE InnoDB,\n  CHARSET utf8mb4	differs	867a1b8ab78a0a10659dc5ee884b635299118dc67ab6d9ae858d365c7a52c401	3e4bef602d77d32d0ec67c93f2129199d658a8f8a93d747797444f873e472aa0	warnings differ	C-1,C-2
368cc0d4e3a9cfd2	2pc	dynamic:vitess;dynamic:bringup;dynamic:sidecar	select t.dtid, t.state, t.time_created, s.statement, t.message\n\tfrom _vt.redo_state t\n    join _vt.redo_statement s on t.dtid = s.dtid\n\torder by t.dtid, s.id	same	695640184d3d7c7559a82131dc50e425ec9df62ee58feb3d1b2a2e0ed3ed6ef9	695640184d3d7c7559a82131dc50e425ec9df62ee58feb3d1b2a2e0ed3ed6ef9		C-2
3ea81f6e1b4cc40e	2pc	go/vt/vttablet/tabletserver/twopc.go:147	delete from %s.dt_participant where dtid = %a	same	b757b267368150584b6fd9b194ac0d3c0a9b1d2f6eea2a6f3ce700917ada0f8e	b757b267368150584b6fd9b194ac0d3c0a9b1d2f6eea2a6f3ce700917ada0f8e		C-2
53882c2edf3102a9	2pc	dynamic:vitess;dynamic:bringup;dynamic:reshard	show create table _vt_customer.dt_state	differs	32d61abfca6956658f24ce6bec49fc67c3f037f5ece263360da9987c0f9fc32b	279c7f9e733b7d3673488fa7c0386e7dcb14cd3cfae73d0634ded83bd7af6258	row values differ	C-1,C-2,C-6
574d2381ed86d6fa	2pc	go/vt/vttablet/tabletserver/twopc.go:51	select t.dtid, t.state, t.time_created, s.statement, t.message from %s.redo_state t join %s.redo_statement s on t.dtid = s.dtid order by t.dtid, s.id	same	b757b267368150584b6fd9b194ac0d3c0a9b1d2f6eea2a6f3ce700917ada0f8e	b757b267368150584b6fd9b194ac0d3c0a9b1d2f6eea2a6f3ce700917ada0f8e		C-2
643080cdc0444af7	2pc	go/vt/vttablet/tabletserver/twopc.go:112	select state, time_created, message from %s.redo_state where dtid = %a	same	b757b267368150584b6fd9b194ac0d3c0a9b1d2f6eea2a6f3ce700917ada0f8e	b757b267368150584b6fd9b194ac0d3c0a9b1d2f6eea2a6f3ce700917ada0f8e		C-2
64f08f4b253b6d5a	2pc	dynamic:vitess;dynamic:2pc	delete from _vt_customer.redo_statement where dtid = _binary'commerce:0:1790914006666368363'	same	0f444752ba32ebf169f55f78a7bd9ac9f75cd15e3f615ce1f6c156bdefbba6d3	0f444752ba32ebf169f55f78a7bd9ac9f75cd15e3f615ce1f6c156bdefbba6d3		C-2
746eeaa1b91f9182	2pc	go/vt/vttablet/tabletserver/twopc.go:150	select dtid, state, time_created from %s.dt_state where dtid = %a	same	b757b267368150584b6fd9b194ac0d3c0a9b1d2f6eea2a6f3ce700917ada0f8e	b757b267368150584b6fd9b194ac0d3c0a9b1d2f6eea2a6f3ce700917ada0f8e		C-2
755c15a5df05b8fc	2pc	dynamic:vitess;dynamic:bringup;dynamic:reshard	show create table _vt_customer.dt_participant	differs	410ebdefdea505baf6727270822eb409a99eff69b6acc14132b49798ebd28588	ecc0ea38588efca97ab7477ce3657dd8baac7b22f53442f45fd8671906db7c0f	row values differ	C-1,C-2,C-6
769d3d9194de2f1e	2pc	go/vt/vttablet/tabletserver/twopc.go:131	select count(*) from %s.redo_state where time_created < %a	same	b757b267368150584b6fd9b194ac0d3c0a9b1d2f6eea2a6f3ce700917ada0f8e	b757b267368150584b6fd9b194ac0d3c0a9b1d2f6eea2a6f3ce700917ada0f8e		C-2
7fb097652ecad9d2	2pc	dynamic:vitess;dynamic:2pc	delete from _vt.dt_state where dtid = _binary'commerce:0:1790914006666368363'	same	0f444752ba32ebf169f55f78a7bd9ac9f75cd15e3f615ce1f6c156bdefbba6d3	0f444752ba32ebf169f55f78a7bd9ac9f75cd15e3f615ce1f6c156bdefbba6d3		C-2
85416b2067ce3d7b	2pc	go/vt/vttablet/tabletserver/twopc.go:65	select t.dtid, t.state, t.time_created, p.keyspace, p.shard from %s.dt_state t join %s.dt_participant p on t.dtid = p.dtid where time_created < %a order by t.state desc, t.dtid	same	b757b267368150584b6fd9b194ac0d3c0a9b1d2f6eea2a6f3ce700917ada0f8e	b757b267368150584b6fd9b194ac0d3c0a9b1d2f6eea2a6f3ce700917ada0f8e		C-2
879378f70f324663	2pc	go/vt/vttablet/tabletserver/twopc.go:127	delete from %s.redo_statement where dtid = %a	same	b757b267368150584b6fd9b194ac0d3c0a9b1d2f6eea2a6f3ce700917ada0f8e	b757b267368150584b6fd9b194ac0d3c0a9b1d2f6eea2a6f3ce700917ada0f8e		C-2
8d30ea772b1f3617	2pc	dynamic:vitess;dynamic:bringup;dynamic:sidecar	show create table _vt.redo_state	differs	426334e90d4199869e64e4522064993e6ec48789ead215f59146ad4d9ea6feb2	52db738341acf476ac28fe82505dc0669a0d5fe0833f82d5ed674a55393de03e	row values differ	C-1,C-2,C-6
91c4fafad0575fb3	2pc	dynamic:vitess;dynamic:bringup;dynamic:reshard	CREATE TABLE IF NOT EXISTS `_vt_customer`.`dt_state` (\n\t`dtid` varbinary(512) NOT NULL,\n\t`state` bigint NOT NULL,\n\t`time_created` bigint NOT NULL,\n\tPRIMARY KEY (`dtid`),\n\tKEY `time_created` (`time_created`)\n) ENGINE InnoDB,\n  CHARSET utf8mb4	differs	867a1b8ab78a0a10659dc5ee884b635299118dc67ab6d9ae858d365c7a52c401	3e4bef602d77d32d0ec67c93f2129199d658a8f8a93d747797444f873e472aa0	warnings differ	C-1,C-2
9391fc95a5343489	2pc	go/vt/vttablet/tabletserver/twopc.go:115	insert into %s.redo_statement(dtid, id, statement) values %a	same	b757b267368150584b6fd9b194ac0d3c0a9b1d2f6eea2a6f3ce700917ada0f8e	b757b267368150584b6fd9b194ac0d3c0a9b1d2f6eea2a6f3ce700917ada0f8e		C-2
94d8a580f226b251	2pc	dynamic:vitess;dynamic:bringup	CREATE TABLE IF NOT EXISTS `_vt`.`dt_participant` (\n\t`dtid` varbinary(512) NOT NULL,\n\t`id` bigint NOT NULL,\n\t`keyspace` varchar(256) NOT NULL,\n\t`shard` varchar(256) NOT NULL,\n\tPRIMARY KEY (`dtid`, `id`)\n) ENGINE InnoDB,\n  CHARSET utf8mb4	differs	867a1b8ab78a0a10659dc5ee884b635299118dc67ab6d9ae858d365c7a52c401	3e4bef602d77d32d0ec67c93f2129199d658a8f8a93d747797444f873e472aa0	warnings differ	C-1,C-2
9773f918dbe147d2	2pc	dynamic:vitess;dynamic:2pc	insert into _vt_customer.redo_state(dtid, state, time_created) values (_binary'commerce:0:1790914006666368363', 1, 1790914033013824833)	same	4f73cac56c213100458bcc43d0e31ddac4c170e120f75f92420e4a88b8129d5e	4f73cac56c213100458bcc43d0e31ddac4c170e120f75f92420e4a88b8129d5e		C-2
9b08a6a16f45734d	2pc	go/vt/vttablet/tabletserver/twopc.go:56	select t.dtid, t.state, t.time_created, p.keyspace, p.shard from %s.dt_state t join %s.dt_participant p on t.dtid = p.dtid order by t.dtid, p.id	same	b757b267368150584b6fd9b194ac0d3c0a9b1d2f6eea2a6f3ce700917ada0f8e	b757b267368150584b6fd9b194ac0d3c0a9b1d2f6eea2a6f3ce700917ada0f8e		C-2
a3255f5bbb88e394	2pc	go/vt/vttablet/tabletserver/twopc.go:141	update %s.dt_state set state = %a where dtid = %a and state = %a	same	b757b267368150584b6fd9b194ac0d3c0a9b1d2f6eea2a6f3ce700917ada0f8e	b757b267368150584b6fd9b194ac0d3c0a9b1d2f6eea2a6f3ce700917ada0f8e		C-2
b2f6c94bff56acde	2pc	dynamic:vitess;dynamic:bringup;dynamic:sidecar	show create table _vt.dt_state	differs	32d61abfca6956658f24ce6bec49fc67c3f037f5ece263360da9987c0f9fc32b	279c7f9e733b7d3673488fa7c0386e7dcb14cd3cfae73d0634ded83bd7af6258	row values differ	C-1,C-2,C-6
b37fff71af5b10ce	2pc	dynamic:vitess;dynamic:2pc	insert into _vt_customer.redo_statement(dtid, id, statement) values (_binary'commerce:0:1790914006666368363', 1, _binary'insert into shopper(shopper_id, email) values (900, \\'twopc@domain.com\\')')	same	4f73cac56c213100458bcc43d0e31ddac4c170e120f75f92420e4a88b8129d5e	4f73cac56c213100458bcc43d0e31ddac4c170e120f75f92420e4a88b8129d5e		C-2
b6f0b0927d46d730	2pc	dynamic:vitess;dynamic:2pc	insert into _vt.dt_state(dtid, state, time_created) values (_binary'commerce:0:1790914006666368363', 1, 1790914033001939221)	same	4f73cac56c213100458bcc43d0e31ddac4c170e120f75f92420e4a88b8129d5e	4f73cac56c213100458bcc43d0e31ddac4c170e120f75f92420e4a88b8129d5e		C-2
b91f3eac6e643673	2pc	go/vt/vttablet/tabletserver/twopc.go:71	select count(*) from %s.dt_state where time_created < %a	same	b757b267368150584b6fd9b194ac0d3c0a9b1d2f6eea2a6f3ce700917ada0f8e	b757b267368150584b6fd9b194ac0d3c0a9b1d2f6eea2a6f3ce700917ada0f8e		C-2
bf47cca37c7b418a	2pc	dynamic:vitess;dynamic:2pc	update _vt.dt_state set state = 3 where dtid = _binary'commerce:0:1790914006666368363' and state = 1	same	0f444752ba32ebf169f55f78a7bd9ac9f75cd15e3f615ce1f6c156bdefbba6d3	0f444752ba32ebf169f55f78a7bd9ac9f75cd15e3f615ce1f6c156bdefbba6d3		C-2
c11f981ca9c25d72	2pc	go/vt/vttablet/tabletserver/twopc.go:118	select statement from %s.redo_statement where dtid = %a order by id	same	b757b267368150584b6fd9b194ac0d3c0a9b1d2f6eea2a6f3ce700917ada0f8e	b757b267368150584b6fd9b194ac0d3c0a9b1d2f6eea2a6f3ce700917ada0f8e		C-2
c2dd654622ca2991	2pc	go/vt/vttablet/tabletserver/twopc.go:144	delete from %s.dt_state where dtid = %a	same	b757b267368150584b6fd9b194ac0d3c0a9b1d2f6eea2a6f3ce700917ada0f8e	b757b267368150584b6fd9b194ac0d3c0a9b1d2f6eea2a6f3ce700917ada0f8e		C-2
c5d6c2142b9d45df	2pc	dynamic:vitess;dynamic:bringup	CREATE TABLE IF NOT EXISTS `_vt`.`redo_state` (\n\t`dtid` varbinary(512) NOT NULL,\n\t`state` bigint NOT NULL,\n\t`time_created` bigint NOT NULL,\n\t`message` text,\n\tPRIMARY KEY (`dtid`)\n) ENGINE InnoDB,\n  CHARSET utf8mb4	differs	867a1b8ab78a0a10659dc5ee884b635299118dc67ab6d9ae858d365c7a52c401	3e4bef602d77d32d0ec67c93f2129199d658a8f8a93d747797444f873e472aa0	warnings differ	C-1,C-2
c6a73a23a509af03	2pc	dynamic:vitess;dynamic:bringup;dynamic:sidecar	show create table _vt.redo_statement	differs	119cb6a16f8de92ade721effa1fe8f522132df6650040bc2b83693283cfd8aec	8f2dba4ce79280cc140f462c98c7ec354465b86da24e48fa1f29e5e505280660	row values differ	C-1,C-2,C-6
d168ed2ecf87fd22	2pc	dynamic:vitess;dynamic:bringup	CREATE TABLE IF NOT EXISTS `_vt`.`dt_state` (\n\t`dtid` varbinary(512) NOT NULL,\n\t`state` bigint NOT NULL,\n\t`time_created` bigint NOT NULL,\n\tPRIMARY KEY (`dtid`),\n\tKEY `time_created` (`time_created`)\n) ENGINE InnoDB,\n  CHARSET utf8mb4	differs	867a1b8ab78a0a10659dc5ee884b635299118dc67ab6d9ae858d365c7a52c401	3e4bef602d77d32d0ec67c93f2129199d658a8f8a93d747797444f873e472aa0	warnings differ	C-1,C-2
d253816ce06dfd75	2pc	go/vt/vttablet/tabletserver/twopc.go:124	delete from %s.redo_state where dtid = %a	same	b757b267368150584b6fd9b194ac0d3c0a9b1d2f6eea2a6f3ce700917ada0f8e	b757b267368150584b6fd9b194ac0d3c0a9b1d2f6eea2a6f3ce700917ada0f8e		C-2
d8f6d712ba3b3e21	2pc	dynamic:vitess;dynamic:2pc	delete from _vt_customer.redo_state where dtid = _binary'commerce:0:1790914006666368363'	same	0f444752ba32ebf169f55f78a7bd9ac9f75cd15e3f615ce1f6c156bdefbba6d3	0f444752ba32ebf169f55f78a7bd9ac9f75cd15e3f615ce1f6c156bdefbba6d3		C-2
df26ae8f840b7239	2pc	go/vt/vttablet/tabletserver/twopc.go:109	insert into %s.redo_state(dtid, state, time_created) values (%a, %a, %a)	same	b757b267368150584b6fd9b194ac0d3c0a9b1d2f6eea2a6f3ce700917ada0f8e	b757b267368150584b6fd9b194ac0d3c0a9b1d2f6eea2a6f3ce700917ada0f8e		C-2
eebcc541da778a9e	2pc	dynamic:vitess;dynamic:2pc	insert into _vt.dt_participant(dtid, id, keyspace, shard) values (_binary'commerce:0:1790914006666368363', 1, _binary'customer', _binary'80-')	same	4f73cac56c213100458bcc43d0e31ddac4c170e120f75f92420e4a88b8129d5e	4f73cac56c213100458bcc43d0e31ddac4c170e120f75f92420e4a88b8129d5e		C-2
f22f193ea510bfb6	2pc	dynamic:vitess;dynamic:2pc	delete from _vt.dt_participant where dtid = _binary'commerce:0:1790914006666368363'	same	0f444752ba32ebf169f55f78a7bd9ac9f75cd15e3f615ce1f6c156bdefbba6d3	0f444752ba32ebf169f55f78a7bd9ac9f75cd15e3f615ce1f6c156bdefbba6d3		C-2
f45a80ee652d2b56	2pc	dynamic:vitess;dynamic:bringup;dynamic:reshard	CREATE TABLE IF NOT EXISTS `_vt_customer`.`dt_participant` (\n\t`dtid` varbinary(512) NOT NULL,\n\t`id` bigint NOT NULL,\n\t`keyspace` varchar(256) NOT NULL,\n\t`shard` varchar(256) NOT NULL,\n\tPRIMARY KEY (`dtid`, `id`)\n) ENGINE InnoDB,\n  CHARSET utf8mb4	differs	867a1b8ab78a0a10659dc5ee884b635299118dc67ab6d9ae858d365c7a52c401	3e4bef602d77d32d0ec67c93f2129199d658a8f8a93d747797444f873e472aa0	warnings differ	C-1,C-2
ff8d7ee21f916a38	2pc	dynamic:vitess;dynamic:bringup	CREATE TABLE IF NOT EXISTS `_vt`.`redo_statement` (\n\t`dtid` varbinary(512) NOT NULL,\n\t`id` bigint NOT NULL,\n\t`statement` mediumblob NOT NULL,\n\tPRIMARY KEY (`dtid`, `id`)\n) ENGINE InnoDB,\n  CHARSET utf8mb4	differs	867a1b8ab78a0a10659dc5ee884b635299118dc67ab6d9ae858d365c7a52c401	3e4bef602d77d32d0ec67c93f2129199d658a8f8a93d747797444f873e472aa0	warnings differ	C-1,C-2
042441ef7fab3fd3	health	go/mysql/flavor_mysql.go:324	select @@global.replica_net_timeout	same	ec1659196935923f9619d3f81d816321add3f99ecdb5c9a7d559a2a89ee5f425	ec1659196935923f9619d3f81d816321add3f99ecdb5c9a7d559a2a89ee5f425		C-6
050c56b10e0a74ed	health	go/vt/vttablet/onlineddl/executor.go:1252	set @@session.%s=%%a	same	b757b267368150584b6fd9b194ac0d3c0a9b1d2f6eea2a6f3ce700917ada0f8e	b757b267368150584b6fd9b194ac0d3c0a9b1d2f6eea2a6f3ce700917ada0f8e		C-6
079420a6add6f5ca	health	go/vt/vttablet/tabletmanager/semisyncmonitor/monitor.go:56	TRUNCATE TABLE %s.semisync_heartbeat	same	b757b267368150584b6fd9b194ac0d3c0a9b1d2f6eea2a6f3ce700917ada0f8e	b757b267368150584b6fd9b194ac0d3c0a9b1d2f6eea2a6f3ce700917ada0f8e		C-2
08589251a7d3b484	health	dynamic:vitess;dynamic:onlineddl	set @@session.wait_timeout=31536000	same	0f444752ba32ebf169f55f78a7bd9ac9f75cd15e3f615ce1f6c156bdefbba6d3	0f444752ba32ebf169f55f78a7bd9ac9f75cd15e3f615ce1f6c156bdefbba6d3		C-6
0af0c377ac6f4df4	health	dynamic:vitess;dynamic:isolation	select 'READ-COMMITTED' from dual where @@transaction_isolation != 'READ-COMMITTED' limit 10001	same	da2fc2ea67e8e14f2501db333ae1df9f0b180b2fd58ef417c93c97077f3f096b	da2fc2ea67e8e14f2501db333ae1df9f0b180b2fd58ef417c93c97077f3f096b		C-4,C-6
0e6035bf57bcba4b	health	go/vt/vttablet/tabletmanager/rpc_replication.go:156;go/vt/vttablet/tabletmanager/rpc_replication.go:159;dynamic:vitess;dynamic:bringup;dynamic:keyspace-vschema;dynamic:movetables;dynamic:reshard	show status like 'Rpl_semi_sync_source_status'	differs	a65c4d19e605723598dacb746be3d59d8fa7868e0eae3e7dc6295c53e0291768	9d9597fc9f98d22fd6fa73fb32a528d910bd154f06f637d9943504c60eeaa465	row count 1 vs 0	C-6
0fea8c73672dde07	health	go/mysql/flavor_mysql_legacy.go:186	select @@global.slave_net_timeout	same	f898e20acf536c57f9b4d8dd8f19bfbd8e016a1ea196b0dae1c5b74f2089e79c	f898e20acf536c57f9b4d8dd8f19bfbd8e016a1ea196b0dae1c5b74f2089e79c		C-6
13bd8b0a657bc5d8	health	go/vt/vttablet/tabletmanager/vreplication/vreplicator.go:645;go/vt/vttablet/tabletmanager/vreplication/vreplicator.go:751;dynamic:vitess;dynamic:movetables;dynamic:reshard	set @@session.foreign_key_checks=1	same	0f444752ba32ebf169f55f78a7bd9ac9f75cd15e3f615ce1f6c156bdefbba6d3	0f444752ba32ebf169f55f78a7bd9ac9f75cd15e3f615ce1f6c156bdefbba6d3		C-6
14028e8c45ecc8d7	health	dynamic:vitess;dynamic:onlineddl	set @@session.lock_wait_timeout=@lock_wait_timeout	same	73c1c5c5c6fa3996de6a8d273c4a9b2b2cc71137b6478c65e8a26779ac6f28be	73c1c5c5c6fa3996de6a8d273c4a9b2b2cc71137b6478c65e8a26779ac6f28be		C-6
17b8d4e9f3feddd7	health	dynamic:vitess;dynamic:isolation	select @@transaction_isolation from dual limit 10001	same	926f561d8fbbba7cc5c15f82ef37c5c3c63da99a3723e536f89cccd52817bd2d	926f561d8fbbba7cc5c15f82ef37c5c3c63da99a3723e536f89cccd52817bd2d		C-4,C-6
237a6d3ed21be801	health	go/vt/vttablet/onlineddl/executor.go:1262	set @@session.%s=@%s	same	b757b267368150584b6fd9b194ac0d3c0a9b1d2f6eea2a6f3ce700917ada0f8e	b757b267368150584b6fd9b194ac0d3c0a9b1d2f6eea2a6f3ce700917ada0f8e		C-6
23a2fe1eecc5833f	health	dynamic:vitess;dynamic:movetables;dynamic:reshard	set @@session.net_write_timeout = 300	same	0f444752ba32ebf169f55f78a7bd9ac9f75cd15e3f615ce1f6c156bdefbba6d3	0f444752ba32ebf169f55f78a7bd9ac9f75cd15e3f615ce1f6c156bdefbba6d3		C-6
296149ffb22cbce1	health	go/mysql/flavor_mysqlgr.go:72	STOP GROUP_REPLICATION	same	2e08dfe475b8ae620d5a5d82b30bf8fb3bd0315b6f60a1b3919c750a4da5aba1	2e08dfe475b8ae620d5a5d82b30bf8fb3bd0315b6f60a1b3919c750a4da5aba1		
2ccb3c4757e1c209	health	go/vt/vttablet/tabletmanager/semisyncmonitor/monitor.go:55	INSERT INTO %s.semisync_heartbeat (ts) VALUES (NOW())	same	b757b267368150584b6fd9b194ac0d3c0a9b1d2f6eea2a6f3ce700917ada0f8e	b757b267368150584b6fd9b194ac0d3c0a9b1d2f6eea2a6f3ce700917ada0f8e		C-2
2e99bff38baa6b71	health	go/vt/vttablet/tabletmanager/rpc_replication.go:141	select @@global.binlog_format, @@global.log_bin, @@global.log_replica_updates, @@global.binlog_row_image	same	589a22c4af5ee2ab1b43542e514551d11e2e60a09822b474d95bd84b4d4bc401	589a22c4af5ee2ab1b43542e514551d11e2e60a09822b474d95bd84b4d4bc401		C-6,C-7
36107634ccd96f01	health	go/vt/vttablet/tabletmanager/rpc_query.go:161;dynamic:vitess;dynamic:movetables	SET SESSION foreign_key_checks = ON	same	0f444752ba32ebf169f55f78a7bd9ac9f75cd15e3f615ce1f6c156bdefbba6d3	0f444752ba32ebf169f55f78a7bd9ac9f75cd15e3f615ce1f6c156bdefbba6d3		
3d6c824f1bc814cb	health	go/vt/vttablet/tabletmanager/rpc_query.go:102;dynamic:vitess;dynamic:movetables	SET SESSION foreign_key_checks = OFF	same	0f444752ba32ebf169f55f78a7bd9ac9f75cd15e3f615ce1f6c156bdefbba6d3	0f444752ba32ebf169f55f78a7bd9ac9f75cd15e3f615ce1f6c156bdefbba6d3		
3fd83c8b65323749	health	go/vt/vttablet/tabletmanager/vreplication/vreplicator.go:630	select @@session.restrict_fk_on_non_standard_key	same	63012f10f8833d7694251adc5a32f12ce1d96d599d07ed43297a1a4de5437f03	63012f10f8833d7694251adc5a32f12ce1d96d599d07ed43297a1a4de5437f03		C-6
40fdbf949f1314fc	health	go/vt/vttablet/tabletmanager/vreplication/vplayer.go:324	set @@session.foreign_key_checks=	same	b757b267368150584b6fd9b194ac0d3c0a9b1d2f6eea2a6f3ce700917ada0f8e	b757b267368150584b6fd9b194ac0d3c0a9b1d2f6eea2a6f3ce700917ada0f8e		C-6
549a7e573dd59ea1	health	go/vt/vttablet/tabletmanager/rpc_replication.go:74	select @@global.server_id	same	1fff1d7f3dff743c0d9a31e50c1c499cf3d1ab2946dc7df41cd079d1aedea2a8	1fff1d7f3dff743c0d9a31e50c1c499cf3d1ab2946dc7df41cd079d1aedea2a8		C-6
56bb8e0a79df9260	health	dynamic:vitess;dynamic:onlineddl	set @lock_wait_timeout=@@session.lock_wait_timeout	same	0f444752ba32ebf169f55f78a7bd9ac9f75cd15e3f615ce1f6c156bdefbba6d3	0f444752ba32ebf169f55f78a7bd9ac9f75cd15e3f615ce1f6c156bdefbba6d3		C-6
5c9101043ec2d1c7	health	go/mysql/flavor_mysqlgr.go:50	START GROUP_REPLICATION	same	2e08dfe475b8ae620d5a5d82b30bf8fb3bd0315b6f60a1b3919c750a4da5aba1	2e08dfe475b8ae620d5a5d82b30bf8fb3bd0315b6f60a1b3919c750a4da5aba1		
5d55db4420048486	health	go/vt/vttablet/tabletserver/schema/schematest/schematest.go:49;dynamic:vitess;dynamic:bringup;dynamic:reshard	select @@autocommit	same	8e90a649952a25d3c9ca64286a94f50d1a320de699c1c0ff37b45e3363956c0b	8e90a649952a25d3c9ca64286a94f50d1a320de699c1c0ff37b45e3363956c0b		C-4,C-6
672ba579ee47258f	health	dynamic:vitess;dynamic:keyspace-vschema;dynamic:movetables	USE `vt_commerce`	same	0f444752ba32ebf169f55f78a7bd9ac9f75cd15e3f615ce1f6c156bdefbba6d3	0f444752ba32ebf169f55f78a7bd9ac9f75cd15e3f615ce1f6c156bdefbba6d3		
676831312f03fc3f	health	go/mysql/flavor_mysql.go:111;go/vt/vttablet/tabletmanager/rpc_replication.go:147	select @@global.gtid_mode	same	c3f80ac4ba651d0df8e3bb85ba884d286c2b62b0e832899579b8330f65fc7770	c3f80ac4ba651d0df8e3bb85ba884d286c2b62b0e832899579b8330f65fc7770		C-6
679e63a44d3bb22d	health	go/vt/sidecardb/sidecardb.go:309;go/vt/sidecardb/sidecardb.go:313;go/vt/sidecardb/sidecardb.go:601;go/vt/vttablet/onlineddl/executor.go:1226;go/vt/vttablet/tabletmanager/vreplication/vreplicator.go:81;dynamic:vitess;dynamic:bringup;dynamic:movetables;dynamic:reshard	SET @@session.sql_mode='NO_AUTO_VALUE_ON_ZERO'	same	0f444752ba32ebf169f55f78a7bd9ac9f75cd15e3f615ce1f6c156bdefbba6d3	0f444752ba32ebf169f55f78a7bd9ac9f75cd15e3f615ce1f6c156bdefbba6d3		C-6
6c4249677b5646c6	health	go/vt/vttablet/onlineddl/executor.go:1293	set @@session.lock_wait_timeout=@lock_wait_timeout	same	73c1c5c5c6fa3996de6a8d273c4a9b2b2cc71137b6478c65e8a26779ac6f28be	73c1c5c5c6fa3996de6a8d273c4a9b2b2cc71137b6478c65e8a26779ac6f28be		C-6
6fe48d477ab8734a	health	go/vt/sidecardb/sidecardb.go:56;go/vt/sidecardb/sidecardb.go:600;dynamic:vitess;dynamic:bringup;dynamic:reshard	select @@global.collation_server	same	40c34c4bcb8d80bd71bd263d4ffba820d114e8da378277a3adcc1fa828ce005c	40c34c4bcb8d80bd71bd263d4ffba820d114e8da378277a3adcc1fa828ce005c		C-6
72792b7fff35502a	health	go/vt/vttablet/tabletmanager/vreplication/controller.go:254;go/vt/vttablet/tabletserver/vstreamer/snapshot_conn.go:138;go/vt/vttablet/tabletserver/vstreamer/snapshot_conn.go:269;dynamic:vitess;dynamic:movetables;dynamic:reshard	set @@session.time_zone = '+00:00'	same	0f444752ba32ebf169f55f78a7bd9ac9f75cd15e3f615ce1f6c156bdefbba6d3	0f444752ba32ebf169f55f78a7bd9ac9f75cd15e3f615ce1f6c156bdefbba6d3		C-6
7f0efd585939efb6	health	go/vt/vttablet/onlineddl/executor.go:1243	set @%s=@@session.%s	same	b757b267368150584b6fd9b194ac0d3c0a9b1d2f6eea2a6f3ce700917ada0f8e	b757b267368150584b6fd9b194ac0d3c0a9b1d2f6eea2a6f3ce700917ada0f8e		C-6
81c232dad8019a50	health	go/vt/vttablet/tabletmanager/vreplication/vreplicator.go:653;go/vt/vttablet/tabletmanager/vreplication/vreplicator.go:759	set @@session.restrict_fk_on_non_standard_key=%d	same	b757b267368150584b6fd9b194ac0d3c0a9b1d2f6eea2a6f3ce700917ada0f8e	b757b267368150584b6fd9b194ac0d3c0a9b1d2f6eea2a6f3ce700917ada0f8e		C-6
88a04497be9ecff8	health	go/vt/vttablet/onlineddl/schema.go:510;go/vt/vttablet/onlineddl/schema.go:511	set @@fast_analyze_table = 1	same	63012f10f8833d7694251adc5a32f12ce1d96d599d07ed43297a1a4de5437f03	63012f10f8833d7694251adc5a32f12ce1d96d599d07ed43297a1a4de5437f03		C-6
8c39cb24a95c36b7	health	go/vt/vttablet/tabletmanager/rpc_replication.go:129;dynamic:vitess;dynamic:bringup;dynamic:reshard;dynamic:sidecar	show variables like 'serverless_honor_innodb_engine'	same	9d9597fc9f98d22fd6fa73fb32a528d910bd154f06f637d9943504c60eeaa465	9d9597fc9f98d22fd6fa73fb32a528d910bd154f06f637d9943504c60eeaa465		C-6
8c40f1be898a6ba8	health	go/vt/sidecardb/sidecardb.go:57;dynamic:vitess;dynamic:bringup;dynamic:reshard	select @@version	same	03f13601fd65272e502581a8afe33b7a7bd3f88cfb750af486eacbf878e19875	03f13601fd65272e502581a8afe33b7a7bd3f88cfb750af486eacbf878e19875	instance identity (version, uuid, binlog position): compared by column names	C-6
92e8c89f737362c6	health	go/vt/vttablet/onlineddl/executor.go:488	set @vt_onlineddl_foreign_key_checks=@@foreign_key_checks	same	0f444752ba32ebf169f55f78a7bd9ac9f75cd15e3f615ce1f6c156bdefbba6d3	0f444752ba32ebf169f55f78a7bd9ac9f75cd15e3f615ce1f6c156bdefbba6d3		C-6
937c369ebbf4dfb1	health	go/vt/vttablet/tabletserver/schema/engine.go:175	use %s	same	b757b267368150584b6fd9b194ac0d3c0a9b1d2f6eea2a6f3ce700917ada0f8e	b757b267368150584b6fd9b194ac0d3c0a9b1d2f6eea2a6f3ce700917ada0f8e		
960abb05b54b8bf4	health	go/vt/vttablet/tabletserver/schema/schematest/schematest.go:57;dynamic:vitess;dynamic:bringup;dynamic:reshard	select @@sql_auto_is_null	same	76dcaef2218f7c022b978ebfbd90b4c5aed7cebc7d2588677f995ec1b9397dfa	76dcaef2218f7c022b978ebfbd90b4c5aed7cebc7d2588677f995ec1b9397dfa		C-6
96dfb2af074d3743	health	go/vt/vttablet/onlineddl/schema.go:508;go/vt/vttablet/onlineddl/schema.go:509;go/vt/vttablet/tabletmanager/rpc_replication.go:153;dynamic:vitess;dynamic:onlineddl	show global variables like 'rename_table_preserve_foreign_key'	same	9d9597fc9f98d22fd6fa73fb32a528d910bd154f06f637d9943504c60eeaa465	9d9597fc9f98d22fd6fa73fb32a528d910bd154f06f637d9943504c60eeaa465		C-6
9cfdc0a57cc25381	health	go/vt/vttablet/tabletmanager/rpc_query.go:94	SET sql_log_bin = OFF	same	d568e6a8a40e15aa89e19db2af3119b2bd5bc67ff9253ce903127c0f5804d590	d568e6a8a40e15aa89e19db2af3119b2bd5bc67ff9253ce903127c0f5804d590		
9d8d4bee9477be53	health	go/vt/vttablet/onlineddl/executor.go:1230	set @@session.sql_mode=REPLACE(REPLACE('%s', 'NO_ZERO_DATE', ''), 'NO_ZERO_IN_DATE', '')	same	c6747964530c3ec412b8b38dbf8fe88fa70e877b3d83c52d6db6f7059bcdd903	c6747964530c3ec412b8b38dbf8fe88fa70e877b3d83c52d6db6f7059bcdd903		C-6
a1d8997f9a7e677b	health	dynamic:vitess;dynamic:onlineddl	set @@session.wait_timeout=@wait_timeout	same	73c1c5c5c6fa3996de6a8d273c4a9b2b2cc71137b6478c65e8a26779ac6f28be	73c1c5c5c6fa3996de6a8d273c4a9b2b2cc71137b6478c65e8a26779ac6f28be		C-6
a95aabff50af8dc3	health	dynamic:vitess;dynamic:movetables;dynamic:reshard	USE `vt_customer`	same	0f444752ba32ebf169f55f78a7bd9ac9f75cd15e3f615ce1f6c156bdefbba6d3	0f444752ba32ebf169f55f78a7bd9ac9f75cd15e3f615ce1f6c156bdefbba6d3		
aa0650261ada2604	health	go/vt/vttablet/tabletmanager/vreplication/engine.go:903;dynamic:vitess;dynamic:movetables;dynamic:reshard	select @@session.auto_increment_increment	same	f463b29d8d5bdd0324559c61e98d001e93aa3fce5e5fce14c67f400003441e20	f463b29d8d5bdd0324559c61e98d001e93aa3fce5e5fce14c67f400003441e20		C-6
abdc3ad38a8a72f1	health	go/vt/sidecardb/sidecardb.go:299;go/vt/sidecardb/sidecardb.go:594;go/vt/vttablet/onlineddl/executor.go:1216;go/vt/vttablet/tabletmanager/vreplication/vreplicator.go:71;dynamic:vitess;dynamic:bringup;dynamic:movetables;dynamic:reshard	SELECT @@session.sql_mode AS sql_mode	differs	ba96834f9f2bcbb37adca6aa35292d8abe002b3099ea03520a7cbdefa21be097	814a7c0a2b0524a6f92c3c55419ed8a7fb8d9e2d82410c4fedf20a4627d1d98c	row values differ	C-6
af8ea78838fe2044	health	dynamic:vitess;dynamic:movetables;dynamic:reshard	SET @source_binlog_checksum = @@global.binlog_checksum, @master_binlog_checksum=@@global.binlog_checksum	same	0f444752ba32ebf169f55f78a7bd9ac9f75cd15e3f615ce1f6c156bdefbba6d3	0f444752ba32ebf169f55f78a7bd9ac9f75cd15e3f615ce1f6c156bdefbba6d3		C-6,C-7
b0c95f835261f5e6	health	go/vt/vttablet/tabletmanager/vreplication/controller.go:259;go/vt/vttablet/tabletserver/vstreamer/rowstreamer.go:134;go/vt/vttablet/tabletserver/vstreamer/tablestreamer.go:112;dynamic:vitess;dynamic:movetables;dynamic:reshard	set names 'binary'	same	0f444752ba32ebf169f55f78a7bd9ac9f75cd15e3f615ce1f6c156bdefbba6d3	0f444752ba32ebf169f55f78a7bd9ac9f75cd15e3f615ce1f6c156bdefbba6d3		
b7647233531ad0e0	health	go/mysql/flavor_mysql.go:99;go/vt/vttablet/tabletmanager/rpc_replication.go:80	SELECT @@global.server_uuid	same	bc343911337d3a4cfa00e3ad25e64227078b06415a1ed94a1f60bdec3ed8e8d2	bc343911337d3a4cfa00e3ad25e64227078b06415a1ed94a1f60bdec3ed8e8d2	instance identity (version, uuid, binlog position): compared by column names	C-6
b922a46883d2c2f6	health	go/vt/vttablet/tabletserver/schema/schematest/schematest.go:41;dynamic:vitess;dynamic:bringup;dynamic:reshard	select @@global.sql_mode	differs	26dc29150f2ba605f8483ba592076464a514f0b8ee6c59fb6c2055b14eec81a7	eece43c812712284cd48bbea6db520fe9fe99837abb2d9d566a0517b88461f11	row values differ	C-6
ba12de719b91ed7e	health	go/vt/vttablet/tabletmanager/vreplication/vreplicator.go:958	select connection_id()	same	3ce9e728c1a324eadb91009cec121233e416300b205d0ec469d150f72852e881	3ce9e728c1a324eadb91009cec121233e416300b205d0ec469d150f72852e881	volatile on the reference: compared by shape	
ba4f186ca1fe0e19	health	dynamic:vitess;dynamic:movetables;dynamic:reshard	set @@session.net_read_timeout = 300	same	0f444752ba32ebf169f55f78a7bd9ac9f75cd15e3f615ce1f6c156bdefbba6d3	0f444752ba32ebf169f55f78a7bd9ac9f75cd15e3f615ce1f6c156bdefbba6d3		C-6
c50e1c9db5e75ef4	health	go/vt/vttablet/tabletmanager/vreplication/vreplicator.go:100;dynamic:vitess;dynamic:movetables;dynamic:reshard	select @@session.max_allowed_packet as max_allowed_packet	same	2cff1fb263f2e4bd017c5791ad86a002f0c6c7f7f5a7a82336fc86e540401f3c	2cff1fb263f2e4bd017c5791ad86a002f0c6c7f7f5a7a82336fc86e540401f3c		C-6
c5960a6b1eee11a1	health	go/vt/vttablet/tabletmanager/vreplication/controller.go:272;dynamic:vitess;dynamic:movetables;dynamic:reshard	set @@session.sql_mode = CONCAT(@@session.sql_mode, ',NO_AUTO_VALUE_ON_ZERO')	differs	97b74db84cd580885a487333a200370e87d27cb514dd39ac8e0d9106fc744629	0f444752ba32ebf169f55f78a7bd9ac9f75cd15e3f615ce1f6c156bdefbba6d3	warnings differ	C-6
c9207211c53917fa	health	dynamic:vitess;dynamic:onlineddl	set @wait_timeout=@@session.wait_timeout	same	0f444752ba32ebf169f55f78a7bd9ac9f75cd15e3f615ce1f6c156bdefbba6d3	0f444752ba32ebf169f55f78a7bd9ac9f75cd15e3f615ce1f6c156bdefbba6d3		C-6
c987f4e71f7a8cf4	health	go/vt/vttablet/tabletmanager/vreplication/vreplicator.go:604;dynamic:vitess;dynamic:movetables;dynamic:reshard	select @@foreign_key_checks	same	4239866b2da3f9a4604b00d6410a70e8b5a112acbc9cbbcc3f29fe43dadbf01d	4239866b2da3f9a4604b00d6410a70e8b5a112acbc9cbbcc3f29fe43dadbf01d		C-6
cb0ad9edb5fe1aef	health	go/vt/vttablet/tabletserver/vstreamer/vstreamer.go:59;dynamic:vitess;dynamic:movetables;dynamic:reshard	select @@hostname as hostname, @@port as port	same	f975ea91ff4d541801208e8a070d9f3f1061b7b0195c904969720f6239348715	f975ea91ff4d541801208e8a070d9f3f1061b7b0195c904969720f6239348715	instance identity (version, uuid, binlog position): compared by column names	C-6
ce104a4d0da31dab	health	go/vt/vttablet/tabletmanager/vreplication/vreplicator.go:221;go/vt/vttablet/tabletserver/vstreamer/engine.go:218;dynamic:vitess;dynamic:movetables;dynamic:reshard	select @@binlog_row_image	same	889a67aadbb01e82ad9e1dd8be7534c84ba87c92b475e06d9ced5942cb04b83c	889a67aadbb01e82ad9e1dd8be7534c84ba87c92b475e06d9ced5942cb04b83c		C-6,C-7
d0593e39354079d5	health	go/vt/vttablet/tabletmanager/rpc_query.go:124	set @@session.sql_mode=REPLACE(REPLACE(@@session.sql_mode, 'NO_ZERO_DATE', ''), 'NO_ZERO_IN_DATE', '')	same	97b74db84cd580885a487333a200370e87d27cb514dd39ac8e0d9106fc744629	97b74db84cd580885a487333a200370e87d27cb514dd39ac8e0d9106fc744629		C-6
d56e34b609d59c83	health	go/vt/vttablet/tabletmanager/rpc_query.go:171	SET sql_log_bin = ON	same	d568e6a8a40e15aa89e19db2af3119b2bd5bc67ff9253ce903127c0f5804d590	d568e6a8a40e15aa89e19db2af3119b2bd5bc67ff9253ce903127c0f5804d590		
d8df97f7b12d32e9	health	go/vt/vttablet/tabletmanager/semisyncmonitor/monitor.go:52;go/vt/vttablet/tabletserver/vstreamer/snapshot_conn.go:117;dynamic:vitess;dynamic:movetables;dynamic:reshard	set session lock_wait_timeout = 30	same	0f444752ba32ebf169f55f78a7bd9ac9f75cd15e3f615ce1f6c156bdefbba6d3	0f444752ba32ebf169f55f78a7bd9ac9f75cd15e3f615ce1f6c156bdefbba6d3		
dd5e1ea4cb2dbaf8	health	go/vt/vttablet/onlineddl/executor.go:1284	set @lock_wait_timeout=@@session.lock_wait_timeout	same	0f444752ba32ebf169f55f78a7bd9ac9f75cd15e3f615ce1f6c156bdefbba6d3	0f444752ba32ebf169f55f78a7bd9ac9f75cd15e3f615ce1f6c156bdefbba6d3		C-6
e1c71d1661ae46e0	health	go/vt/vttablet/tabletmanager/vreplication/table_plan_builder.go:311;dynamic:vitess;dynamic:bringup;dynamic:keyspace-vschema;dynamic:movetables;dynamic:reshard;dynamic:onlineddl	SELECT 1	same	76c3a6d00920488dab4291658195b6104846950543792ca9df4108af822fe787	76c3a6d00920488dab4291658195b6104846950543792ca9df4108af822fe787		
e9a17afae044e464	health	dynamic:vitess;dynamic:vtgate	select @@auto_increment_increment from dual limit 10001	same	d4e90bf8c4d8b4df9fa5804be2d96c9e52bcecbec0631d223d9eb5e99dca937f	d4e90bf8c4d8b4df9fa5804be2d96c9e52bcecbec0631d223d9eb5e99dca937f		C-6
ea37b6f4abb9bcf6	health	go/vt/vttablet/onlineddl/executor.go:1288;dynamic:vitess;dynamic:onlineddl	set @@session.lock_wait_timeout=30	same	0f444752ba32ebf169f55f78a7bd9ac9f75cd15e3f615ce1f6c156bdefbba6d3	0f444752ba32ebf169f55f78a7bd9ac9f75cd15e3f615ce1f6c156bdefbba6d3		C-6
f97e7fcfd8843ad5	health	go/vt/vttablet/tabletmanager/rpc_replication.go:123	select @@global.version_comment	same	2042fad4026a50424620e76f28f84ae3d68ecf6dc3e40b80cb3513b83064b69a	2042fad4026a50424620e76f28f84ae3d68ecf6dc3e40b80cb3513b83064b69a	instance identity (version, uuid, binlog position): compared by column names	C-6
01ce34500b530cb2	onlineddl	go/vt/vttablet/onlineddl/schema.go:172;dynamic:vitess;dynamic:onlineddl	UPDATE _vt.schema_migrations\n\t\t\tSET cutover_attempts=cutover_attempts+1,\n\t\t\tlast_cutover_attempt_timestamp=NOW()\n\t\tWHERE\n\t\t\tmigration_uuid='9c74ded9_be16_11f1_adfd_5ada01a5d344'	same	0f444752ba32ebf169f55f78a7bd9ac9f75cd15e3f615ce1f6c156bdefbba6d3	0f444752ba32ebf169f55f78a7bd9ac9f75cd15e3f615ce1f6c156bdefbba6d3		
0234d07f698158de	onlineddl	dynamic:vitess;dynamic:bringup;dynamic:vtgate;dynamic:movetables;dynamic:onlineddl;dynamic:sidecar	UPDATE _vt.schema_migrations\n\t\tSET\n\t\t\tmigration_status='queued',\n\t\t\ttablet='zone1-0000000100',\n\t\t\tretries=retries + 1,\n\t\t\ttablet_failure=0,\n\t\t\tmessage='',\n\t\t\tstage='',\n\t\t\tcutover_attempts=0,\n\t\t\tready_timestamp=NULL,\n\t\t\tstarted_timestamp=NULL,\n\t\t\tliveness_timestamp=NULL,\n\t\t\tcancelled_timestamp=NULL,\n\t\t\tcompleted_timestamp=NULL,\n\t\t\tlast_cutover_attempt_timestamp=NULL,\n\t\t\tshadow_analyzed_timestamp=NULL,\n\t\t\tcleanup_timestamp=NULL,\n\t\t\tin_order_completion_pending_count=0\n\t\tWHERE\n\t\t\tmigration_status IN ('failed', 'cancelled')\n\t\t\tAND (\n\t\ttablet_failure=1\n\t\tAND migration_status='failed'\n\t\tAND retries=0\n\t)\n\t\t\tLIMIT 1	same	0f444752ba32ebf169f55f78a7bd9ac9f75cd15e3f615ce1f6c156bdefbba6d3	0f444752ba32ebf169f55f78a7bd9ac9f75cd15e3f615ce1f6c156bdefbba6d3		
04d9bcd4ecd72432	onlineddl	go/vt/vttablet/onlineddl/schema.go:157	UPDATE _vt.schema_migrations SET artifacts='' WHERE migration_uuid=%a	same	b757b267368150584b6fd9b194ac0d3c0a9b1d2f6eea2a6f3ce700917ada0f8e	b757b267368150584b6fd9b194ac0d3c0a9b1d2f6eea2a6f3ce700917ada0f8e		
0697064e221e2207	onlineddl	go/vt/vttablet/onlineddl/schema.go:218	UPDATE _vt.schema_migrations SET tablet=%a WHERE migration_uuid=%a	same	b757b267368150584b6fd9b194ac0d3c0a9b1d2f6eea2a6f3ce700917ada0f8e	b757b267368150584b6fd9b194ac0d3c0a9b1d2f6eea2a6f3ce700917ada0f8e		
07625cebaa840abc	onlineddl	dynamic:vitess;dynamic:onlineddl	ANALYZE TABLE `_vt_vrp_9c74ded9be1611f1adfd5ada01a5d344_20261002040615_`	same	a9e97b881048afe632eef90cabc4dc4e752b0d22f71ab7b90b53120f37b10335	a9e97b881048afe632eef90cabc4dc4e752b0d22f71ab7b90b53120f37b10335		
13b740117f154dde	onlineddl	dynamic:vitess;dynamic:onlineddl	UPDATE _vt.schema_migrations\n\t\t\tSET completed_timestamp=NOW(6)\n\t\tWHERE\n\t\t\tmigration_uuid='9c74ded9_be16_11f1_adfd_5ada01a5d344'	same	0f444752ba32ebf169f55f78a7bd9ac9f75cd15e3f615ce1f6c156bdefbba6d3	0f444752ba32ebf169f55f78a7bd9ac9f75cd15e3f615ce1f6c156bdefbba6d3		
13c346efe139d9ab	onlineddl	dynamic:vitess;dynamic:onlineddl	UPDATE _vt.schema_migrations\n\t\t\tSET artifacts=replace(artifacts, concat('_vt_hld_9f79e7aabe1611f1a94c86d37cd5f354_20261003040619_', ','), '')\n\t\tWHERE\n\t\t\tmigration_uuid='9c74ded9_be16_11f1_adfd_5ada01a5d344'	same	0f444752ba32ebf169f55f78a7bd9ac9f75cd15e3f615ce1f6c156bdefbba6d3	0f444752ba32ebf169f55f78a7bd9ac9f75cd15e3f615ce1f6c156bdefbba6d3		
1575578d29aa9a85	onlineddl	dynamic:vitess;dynamic:onlineddl	UPDATE _vt.schema_migrations\n\t\t\tSET reviewed_timestamp=NOW(6)\n\t\tWHERE\n\t\t\tmigration_uuid='9c74ded9_be16_11f1_adfd_5ada01a5d344'	same	0f444752ba32ebf169f55f78a7bd9ac9f75cd15e3f615ce1f6c156bdefbba6d3	0f444752ba32ebf169f55f78a7bd9ac9f75cd15e3f615ce1f6c156bdefbba6d3		
19b30d949acab147	onlineddl	dynamic:vitess;dynamic:bringup;dynamic:keyspace-vschema;dynamic:vtgate;dynamic:movetables;dynamic:reshard;dynamic:2pc	select migration_uuid, timestampdiff(minute, liveness_timestamp, now()) as stale_minutes from _vt_customer.schema_migrations where migration_status = 'running' and liveness_timestamp < now() - interval 180 minute order by id asc	same	724edeaf78f32bf01d113b1fbc8329df2de6b45de52822678976978d859f77da	724edeaf78f32bf01d113b1fbc8329df2de6b45de52822678976978d859f77da		
19b95b159063f289	onlineddl	go/vt/vttablet/onlineddl/schema.go:506	ANALYZE TABLE `%a`	same	97db900d5bd1362659223afdeb8791d99b4997e8f6cbc20312993ced20243857	97db900d5bd1362659223afdeb8791d99b4997e8f6cbc20312993ced20243857		
1d83ceeb71cfa296	onlineddl	go/vt/vttablet/onlineddl/executor.go:850;go/vt/vttablet/onlineddl/vrepl.go:179	ANALYZE TABLE	same	b757b267368150584b6fd9b194ac0d3c0a9b1d2f6eea2a6f3ce700917ada0f8e	b757b267368150584b6fd9b194ac0d3c0a9b1d2f6eea2a6f3ce700917ada0f8e		
1fd7165e0ffb5882	onlineddl	dynamic:vitess;dynamic:bringup;dynamic:keyspace-vschema;dynamic:vtgate;dynamic:movetables;dynamic:reshard;dynamic:2pc	select migration_uuid, artifacts, log_path from _vt_customer.schema_migrations where migration_status in ('complete', 'cancelled', 'failed') and cleanup_timestamp is null and completed_timestamp <= if(retain_artifacts_seconds = 0, now() - interval 86400 second, now() - interval retain_artifacts_seconds second) order by id asc	same	e3c3ca8c68498617caa16157768d9fda0ac6098aae4ee00cbe6086f90290c822	e3c3ca8c68498617caa16157768d9fda0ac6098aae4ee00cbe6086f90290c822		
22900104f10c383e	onlineddl	dynamic:vitess;dynamic:bringup;dynamic:vtgate;dynamic:movetables;dynamic:onlineddl;dynamic:sidecar	SELECT\n\t\t\tmigration_uuid,\n\t\t\ttimestampdiff(minute, liveness_timestamp, now()) as stale_minutes\n\t\tFROM _vt.schema_migrations\n\t\tWHERE\n\t\t\tmigration_status='running'\n\t\t\tAND liveness_timestamp < NOW() - INTERVAL 5 MINUTE\n\t\tORDER BY id	same	724edeaf78f32bf01d113b1fbc8329df2de6b45de52822678976978d859f77da	724edeaf78f32bf01d113b1fbc8329df2de6b45de52822678976978d859f77da		
23195c799897dd26	onlineddl	go/vt/vttablet/onlineddl/executor.go:2135	DROP TABLE IF EXISTS	same	b757b267368150584b6fd9b194ac0d3c0a9b1d2f6eea2a6f3ce700917ada0f8e	b757b267368150584b6fd9b194ac0d3c0a9b1d2f6eea2a6f3ce700917ada0f8e		
24cb00c7157fba28	onlineddl	go/vt/vttablet/onlineddl/schema.go:152	UPDATE _vt.schema_migrations SET artifacts=replace(artifacts, concat(%a, ','), '') WHERE migration_uuid=%a	same	b757b267368150584b6fd9b194ac0d3c0a9b1d2f6eea2a6f3ce700917ada0f8e	b757b267368150584b6fd9b194ac0d3c0a9b1d2f6eea2a6f3ce700917ada0f8e		
26ab4be5e39eacc3	onlineddl	dynamic:vitess;dynamic:bringup;dynamic:keyspace-vschema;dynamic:vtgate;dynamic:movetables;dynamic:reshard;dynamic:2pc	update _vt_customer.schema_migrations set migration_status = 'queued', tablet = 'zone1-0000000400', retries = retries + 1, tablet_failure = 0, message = '', stage = '', cutover_attempts = 0, ready_timestamp = null, started_timestamp = null, liveness_timestamp = null, cancelled_timestamp = null, completed_timestamp = null, last_cutover_attempt_timestamp = null, shadow_analyzed_timestamp = null, cleanup_timestamp = null, in_order_completion_pending_count = 0 where migration_status in ('failed', 'cancelled') and (tablet_failure = 1 and migration_status = 'failed' and retries = 0) limit 1	same	0f444752ba32ebf169f55f78a7bd9ac9f75cd15e3f615ce1f6c156bdefbba6d3	0f444752ba32ebf169f55f78a7bd9ac9f75cd15e3f615ce1f6c156bdefbba6d3		
26e75bbebf35e8c8	onlineddl	go/vt/vttablet/onlineddl/schema.go:427	SELECT * FROM _vt.schema_migrations %s	same	b757b267368150584b6fd9b194ac0d3c0a9b1d2f6eea2a6f3ce700917ada0f8e	b757b267368150584b6fd9b194ac0d3c0a9b1d2f6eea2a6f3ce700917ada0f8e		
277111c194fb7c73	onlineddl	dynamic:vitess;dynamic:onlineddl	ALTER TABLE `_vt_vrp_9c74ded9be1611f1adfd5ada01a5d344_20261002040615_` ADD COLUMN `loams_inv` int	same	c86cf46a097faa769bb9da422e97d2acd3b690d4474790a9fb11c536dd793b1d	c86cf46a097faa769bb9da422e97d2acd3b690d4474790a9fb11c536dd793b1d	volatile on the reference: compared by shape	C-1
283ba12bd3a23618	onlineddl	dynamic:vitess;dynamic:keyspace-vschema;dynamic:vtgate;dynamic:movetables;dynamic:reshard;dynamic:2pc	select migration_uuid from _vt_customer.schema_migrations where migration_status = 'ready' order by id asc	same	69f4419ac10359b0a5e1a5b865e5042afabd4b7605d07c2bc3f98ecf03b0d112	69f4419ac10359b0a5e1a5b865e5042afabd4b7605d07c2bc3f98ecf03b0d112		
2adb32eed8aa6426	onlineddl	dynamic:vitess;dynamic:bringup;dynamic:keyspace-vschema;dynamic:vtgate;dynamic:movetables;dynamic:reshard;dynamic:2pc	select migration_uuid, migration_context, keyspace, mysql_table, migration_status from _vt_customer.schema_migrations where migration_status in ('queued', 'ready', 'running') order by id asc	same	e7566cb47b77dd3b20e54d56bb9f1ca19fe32c457fd3c728d25e01af9395538c	e7566cb47b77dd3b20e54d56bb9f1ca19fe32c457fd3c728d25e01af9395538c		
2bda9b4dfbabfdb1	onlineddl	go/vt/vttablet/onlineddl/executor.go:640	KILL	same	b757b267368150584b6fd9b194ac0d3c0a9b1d2f6eea2a6f3ce700917ada0f8e	b757b267368150584b6fd9b194ac0d3c0a9b1d2f6eea2a6f3ce700917ada0f8e		
2c32f3336ef3bfb1	onlineddl	go/vt/vttablet/onlineddl/schema.go:502	DROP TABLE `%a`	same	97db900d5bd1362659223afdeb8791d99b4997e8f6cbc20312993ced20243857	97db900d5bd1362659223afdeb8791d99b4997e8f6cbc20312993ced20243857		
2d0afe3f6043e370	onlineddl	dynamic:vitess;dynamic:bringup;dynamic:vtgate;dynamic:movetables;dynamic:onlineddl;dynamic:sidecar	SELECT\n\t\t\tmigration_uuid,\n\t\t\tpostpone_completion,\n\t\t\tforce_cutover,\n\t\t\tcutover_attempts,\n\t\t\tifnull(timestampdiff(microsecond, ready_to_complete_timestamp, now(6)), 0) as microseconds_since_ready_to_complete,\n\t\t\tifnull(timestampdiff(second, last_cutover_attempt_timestamp, now()), 0) as seconds_since_last_cutover_attempt,\n\t\t\ttimestampdiff(second, started_timestamp, now()) as elapsed_seconds\n\t\tFROM _vt.schema_migrations\n\t\tWHERE\n\t\t\tmigration_status='running'\n\t\tORDER BY id	same	fbb4c82e5104c7fc1b246006eed8597e750b3195344059c5ca72990fd2ca1648	fbb4c82e5104c7fc1b246006eed8597e750b3195344059c5ca72990fd2ca1648		
2eb0e4a1b9bbfaaf	onlineddl	go/vt/vttablet/onlineddl/schema.go:343	SELECT migration_uuid, strategy FROM _vt.schema_migrations WHERE migration_status='complete' AND keyspace=%a AND mysql_table=%a ORDER BY completed_timestamp DESC LIMIT 1	same	b757b267368150584b6fd9b194ac0d3c0a9b1d2f6eea2a6f3ce700917ada0f8e	b757b267368150584b6fd9b194ac0d3c0a9b1d2f6eea2a6f3ce700917ada0f8e		
2eb71c100d507225	onlineddl	go/vt/vttablet/onlineddl/schema.go:513	ALTER TABLE `%a` EXCHANGE PARTITION `%a` WITH TABLE `%a`	same	97db900d5bd1362659223afdeb8791d99b4997e8f6cbc20312993ced20243857	97db900d5bd1362659223afdeb8791d99b4997e8f6cbc20312993ced20243857		
2f316a60543b2bfa	onlineddl	go/vt/vttablet/onlineddl/schema.go:142;dynamic:vitess;dynamic:onlineddl	UPDATE _vt.schema_migrations\n\t\t\tSET in_order_completion_pending_count=0\n\t\tWHERE\n\t\t\tmigration_uuid='9c74ded9_be16_11f1_adfd_5ada01a5d344'	same	0f444752ba32ebf169f55f78a7bd9ac9f75cd15e3f615ce1f6c156bdefbba6d3	0f444752ba32ebf169f55f78a7bd9ac9f75cd15e3f615ce1f6c156bdefbba6d3		
2fa691feedc9de6f	onlineddl	go/vt/vttablet/onlineddl/schema.go:233	UPDATE _vt.schema_migrations SET message=%a, message_timestamp=NOW(6) WHERE migration_uuid=%a	same	b757b267368150584b6fd9b194ac0d3c0a9b1d2f6eea2a6f3ce700917ada0f8e	b757b267368150584b6fd9b194ac0d3c0a9b1d2f6eea2a6f3ce700917ada0f8e		
30878c9f1f379b74	onlineddl	go/vt/vttablet/onlineddl/schema.go:505	ANALYZE NO_WRITE_TO_BINLOG TABLE `%a`	same	97db900d5bd1362659223afdeb8791d99b4997e8f6cbc20312993ced20243857	97db900d5bd1362659223afdeb8791d99b4997e8f6cbc20312993ced20243857		C-7
31d099666a8bce95	onlineddl	go/vt/vttablet/onlineddl/schema.go:366	SELECT migration_uuid, timestampdiff(minute, liveness_timestamp, now()) as stale_minutes FROM _vt.schema_migrations WHERE migration_status='running' AND liveness_timestamp < NOW() - INTERVAL %a MINUTE ORDER BY id	same	b757b267368150584b6fd9b194ac0d3c0a9b1d2f6eea2a6f3ce700917ada0f8e	b757b267368150584b6fd9b194ac0d3c0a9b1d2f6eea2a6f3ce700917ada0f8e		
324c39119cfd5fcd	onlineddl	go/vt/vttablet/onlineddl/executor.go:1299	CREATE TABLE LIKE ...	same	b757b267368150584b6fd9b194ac0d3c0a9b1d2f6eea2a6f3ce700917ada0f8e	b757b267368150584b6fd9b194ac0d3c0a9b1d2f6eea2a6f3ce700917ada0f8e		
38b06694b5e05288	onlineddl	go/vt/vttablet/onlineddl/schema.go:386	SELECT migration_uuid, migration_context, keyspace, mysql_table, migration_status FROM _vt.schema_migrations WHERE migration_status IN ('queued', 'ready', 'running') ORDER BY id	same	e7566cb47b77dd3b20e54d56bb9f1ca19fe32c457fd3c728d25e01af9395538c	e7566cb47b77dd3b20e54d56bb9f1ca19fe32c457fd3c728d25e01af9395538c		
3af1745ce6dba9b2	onlineddl	go/vt/vttablet/onlineddl/schema.go:195	UPDATE _vt.schema_migrations SET cutover_threshold_seconds=%a WHERE migration_uuid=%a	same	b757b267368150584b6fd9b194ac0d3c0a9b1d2f6eea2a6f3ce700917ada0f8e	b757b267368150584b6fd9b194ac0d3c0a9b1d2f6eea2a6f3ce700917ada0f8e		
3b0637fbced8783f	onlineddl	dynamic:vitess;dynamic:onlineddl	UPDATE _vt.schema_migrations\n\t\t\tSET eta_seconds=-1\n\t\tWHERE\n\t\t\tmigration_uuid='9c74ded9_be16_11f1_adfd_5ada01a5d344'	same	0f444752ba32ebf169f55f78a7bd9ac9f75cd15e3f615ce1f6c156bdefbba6d3	0f444752ba32ebf169f55f78a7bd9ac9f75cd15e3f615ce1f6c156bdefbba6d3		
3bca35f23c4d25e5	onlineddl	go/vt/vttablet/onlineddl/schema.go:90;dynamic:vitess;dynamic:onlineddl	UPDATE _vt.schema_migrations\n\t\t\tSET vreplication_lag_seconds=1790913976\n\t\tWHERE\n\t\t\tmigration_uuid='9c74ded9_be16_11f1_adfd_5ada01a5d344'	same	0f444752ba32ebf169f55f78a7bd9ac9f75cd15e3f615ce1f6c156bdefbba6d3	0f444752ba32ebf169f55f78a7bd9ac9f75cd15e3f615ce1f6c156bdefbba6d3		
3c0ef18847300050	onlineddl	go/vt/vttablet/onlineddl/schema.go:240;dynamic:vitess;dynamic:onlineddl	UPDATE _vt.schema_migrations\n\t\t\tSET added_unique_keys=0, removed_unique_keys=0, removed_unique_key_names='',\n\t\t\tremoved_foreign_key_names='',\n\t\t\tdropped_no_default_column_names='', expanded_column_names='',\n\t\t\trevertible_notes=''\n\t\tWHERE\n\t\t\tmigration_uuid='9c74ded9_be16_11f1_adfd_5ada01a5d344'	same	0f444752ba32ebf169f55f78a7bd9ac9f75cd15e3f615ce1f6c156bdefbba6d3	0f444752ba32ebf169f55f78a7bd9ac9f75cd15e3f615ce1f6c156bdefbba6d3		
3c82bd615d7bc46b	onlineddl	go/vt/vttablet/onlineddl/schema.go:178	UPDATE _vt.schema_migrations SET retain_artifacts_seconds=-1 WHERE migration_uuid=%a	same	b757b267368150584b6fd9b194ac0d3c0a9b1d2f6eea2a6f3ce700917ada0f8e	b757b267368150584b6fd9b194ac0d3c0a9b1d2f6eea2a6f3ce700917ada0f8e		
3e74e6838fdb4db5	onlineddl	dynamic:vitess;dynamic:onlineddl	UPDATE _vt.schema_migrations\n\t\t\tSET liveness_timestamp=NOW(6)\n\t\tWHERE\n\t\t\tmigration_uuid='9c74ded9_be16_11f1_adfd_5ada01a5d344'	same	0f444752ba32ebf169f55f78a7bd9ac9f75cd15e3f615ce1f6c156bdefbba6d3	0f444752ba32ebf169f55f78a7bd9ac9f75cd15e3f615ce1f6c156bdefbba6d3		
3ebfb031c43da45b	onlineddl	go/vt/vttablet/onlineddl/schema.go:85;dynamic:vitess;dynamic:onlineddl	UPDATE _vt.schema_migrations\n\t\t\tSET rows_copied=3\n\t\tWHERE\n\t\t\tmigration_uuid='9c74ded9_be16_11f1_adfd_5ada01a5d344'	same	0f444752ba32ebf169f55f78a7bd9ac9f75cd15e3f615ce1f6c156bdefbba6d3	0f444752ba32ebf169f55f78a7bd9ac9f75cd15e3f615ce1f6c156bdefbba6d3		
3f118e4904e8c05e	onlineddl	go/vt/vttablet/onlineddl/schema.go:200	UPDATE _vt.schema_migrations SET postpone_launch=0 WHERE migration_uuid=%a AND postpone_launch != 0	same	b757b267368150584b6fd9b194ac0d3c0a9b1d2f6eea2a6f3ce700917ada0f8e	b757b267368150584b6fd9b194ac0d3c0a9b1d2f6eea2a6f3ce700917ada0f8e		
3f6b4c77ab113b61	onlineddl	go/vt/vttablet/onlineddl/executor.go:701	KILL QUERY %d	same	b757b267368150584b6fd9b194ac0d3c0a9b1d2f6eea2a6f3ce700917ada0f8e	b757b267368150584b6fd9b194ac0d3c0a9b1d2f6eea2a6f3ce700917ada0f8e		
45fb527ec0fd6584	onlineddl	go/vt/vttablet/onlineddl/schema.go:330	SELECT migration_uuid, postpone_completion, force_cutover, cutover_attempts, ifnull(timestampdiff(microsecond, ready_to_complete_timestamp, now(6)), 0) as microseconds_since_ready_to_complete, ifnull(timestampdiff(second, last_cutover_attempt_timestamp, now()), 0) as seconds_since_last_cutover_attempt, timestampdiff(second, started_timestamp, now()) as elapsed_seconds FROM _vt.schema_migrations WHERE migration_status='running' ORDER BY id	same	fbb4c82e5104c7fc1b246006eed8597e750b3195344059c5ca72990fd2ca1648	fbb4c82e5104c7fc1b246006eed8597e750b3195344059c5ca72990fd2ca1648		
469378d9abe7478b	onlineddl	dynamic:vitess;dynamic:onlineddl	insert into _vt_vrp_9c74ded9be1611f1adfd5ada01a5d344_20261002040615_(sku,description,price) values ('SKU-1001','Monitor',101), ('SKU-1002','Keyboard',30), ('SKU-1003','Mouse',15)	same	87917fb199da80c97ac19b3f8c7050c5c1c90a73c2a8ef7daea8684e93419971	87917fb199da80c97ac19b3f8c7050c5c1c90a73c2a8ef7daea8684e93419971		
4a83304b8355c981	onlineddl	dynamic:vitess;dynamic:bringup	CREATE TABLE IF NOT EXISTS `_vt`.`schema_migrations` (\n\t`id` bigint unsigned NOT NULL AUTO_INCREMENT,\n\t`migration_uuid` varchar(64) NOT NULL,\n\t`keyspace` varchar(256) NOT NULL,\n\t`shard` varchar(255) NOT NULL,\n\t`mysql_schema` varchar(128) NOT NULL,\n\t`mysql_table` varchar(128) NOT NULL,\n\t`migration_statement` text NOT NULL,\n\t`strategy` varchar(128) NOT NULL,\n\t`options` varchar(8192) NOT NULL,\n\t`added_timestamp` timestamp NOT NULL DEFAULT current_timestamp(),\n\t`requested_timestamp` timestamp NOT NULL DEFAULT current_timestamp(),\n\t`ready_timestamp` timestamp NULL,\n\t`started_timestamp` timestamp NULL,\n\t`liveness_timestamp` timestamp NULL,\n\t`completed_timestamp` timestamp(6) NULL,\n\t`cleanup_timestamp` timestamp NULL,\n\t`migration_status` varchar(128) NOT NULL,\n\t`log_path` varchar(1024) NOT NULL,\n\t`artifacts` text NOT NULL,\n\t`retries` int unsigned NOT NULL DEFAULT '0',\n\t`tablet` varchar(128) NOT NULL DEFAULT '',\n\t`tablet_failure` tinyint unsigned NOT NULL DEFAULT '0',\n\t`progress` float NOT NULL DEFAULT '0',\n\t`migration_context` varchar(1024) NOT NULL DEFAULT '',\n\t`ddl_action` varchar(16) NOT NULL DEFAULT '',\n\t`message` text NOT NULL,\n\t`message_timestamp` timestamp(6) NULL,\n\t`eta_seconds` bigint NOT NULL DEFAULT '-1',\n\t`rows_copied` bigint unsigned NOT NULL DEFAULT '0',\n\t`vreplication_lag_seconds` bigint unsigned NOT NULL DEFAULT '0',\n\t`table_rows` bigint NOT NULL DEFAULT '0',\n\t`added_unique_keys` int unsigned NOT NULL DEFAULT '0',\n\t`removed_unique_keys` int unsigned NOT NULL DEFAULT '0',\n\t`log_file` varchar(1024) NOT NULL DEFAULT '',\n\t`retain_artifacts_seconds` bigint NOT NULL DEFAULT '0',\n\t`postpone_completion` tinyint unsigned NOT NULL DEFAULT '0',\n\t`removed_unique_key_names` text NOT NULL,\n\t`dropped_no_default_column_names` text NOT NULL,\n\t`expanded_column_names` text NOT NULL,\n\t`revertible_notes` text NOT NULL,\n\t`allow_concurrent` tinyint unsigned NOT NULL DEFAULT '0',\n\t`reverted_uuid` varchar(64) NOT NULL DEFAULT '',\n\t`is_view` tinyint unsigned NOT NULL DEFAULT '0',\n\t`ready_to_complete` tinyint unsigned NOT NULL DEFAULT '0',\n\t`vitess_liveness_indicator` bigint NOT NULL DEFAULT '0',\n\t`user_throttle_ratio` float NOT NULL DEFAULT '0',\n\t`special_plan` text NOT NULL,\n\t`last_throttled_timestamp` timestamp NULL,\n\t`component_throttled` tinytext NOT NULL,\n\t`reason_throttled` text NOT NULL,\n\t`cancelled_timestamp` timestamp NULL,\n\t`postpone_launch` tinyint unsigned NOT NULL DEFAULT '0',\n\t`stage` text NOT NULL,\n\t`cutover_attempts` int unsigned NOT NULL DEFAULT '0',\n\t`is_immediate_operation` tinyint unsigned NOT NULL DEFAULT '0',\n\t`reviewed_timestamp` timestamp NULL,\n\t`ready_to_complete_timestamp` timestamp NULL,\n\t`shadow_analyzed_timestamp` timestamp NULL,\n\t`removed_foreign_key_names` text NOT NULL,\n\t`last_cutover_attempt_timestamp` timestamp NULL,\n\t`force_cutover` tinyint unsigned NOT NULL DEFAULT '0',\n\t`cutover_threshold_seconds` int unsigned NOT NULL DEFAULT '0',\n\t`in_order_completion_pending_count` int unsigned NOT NULL DEFAULT '0',\n\tPRIMARY KEY (`id`),\n\tUNIQUE KEY `uuid_idx` (`migration_uuid`),\n\tKEY `keyspace_shard_idx` (`keyspace`(64), `shard`(64)),\n\tKEY `status_idx` (`migration_status`, `liveness_timestamp`),\n\tKEY `cleanup_status_idx` (`cleanup_timestamp`, `migration_status`),\n\tKEY `tablet_failure_idx` (`tablet_failure`, `migration_status`, `retries`),\n\tKEY `table_complete_idx` (`migration_status`, `keyspace`(64), `mysql_table`(64), `completed_timestamp`),\n\tKEY `migration_context_idx` (`migration_context`(64)),\n\tKEY `reverted_uuid_idx` (`reverted_uuid`)\n) ENGINE InnoDB,\n  CHARSET utf8mb4	differs	867a1b8ab78a0a10659dc5ee884b635299118dc67ab6d9ae858d365c7a52c401	3e4bef602d77d32d0ec67c93f2129199d658a8f8a93d747797444f873e472aa0	warnings differ	C-1
4afb9d6dc4d14db1	onlineddl	dynamic:vitess;dynamic:bringup;dynamic:keyspace-vschema;dynamic:vtgate;dynamic:movetables;dynamic:reshard;dynamic:2pc	select migration_uuid, postpone_completion, `force_cutover`, cutover_attempts, ifnull(timestampdiff(microsecond, ready_to_complete_timestamp, now(6)), 0) as microseconds_since_ready_to_complete, ifnull(timestampdiff(second, last_cutover_attempt_timestamp, now()), 0) as seconds_since_last_cutover_attempt, timestampdiff(second, started_timestamp, now()) as elapsed_seconds from _vt_customer.schema_migrations where migration_status = 'running' order by id asc	same	fbb4c82e5104c7fc1b246006eed8597e750b3195344059c5ca72990fd2ca1648	fbb4c82e5104c7fc1b246006eed8597e750b3195344059c5ca72990fd2ca1648		
4f350a90ce5c9354	onlineddl	dynamic:vitess;dynamic:bringup;dynamic:reshard	show create table _vt_customer.schema_migrations	differs	d2fd5225053e30b158ae2e82697781f419af14dbeb7e5a1074983bd07dd6df7a	a123694d4c4037a64cebc885ae5a22f3788edff24c11cd7b3f8ee907cd9fda39	row values differ	C-1,C-6
4f9f052c14859c0f	onlineddl	go/vt/vttablet/onlineddl/schema.go:190	UPDATE _vt.schema_migrations SET force_cutover=1 WHERE migration_uuid=%a	same	b757b267368150584b6fd9b194ac0d3c0a9b1d2f6eea2a6f3ce700917ada0f8e	b757b267368150584b6fd9b194ac0d3c0a9b1d2f6eea2a6f3ce700917ada0f8e		
55fa83f32a6fa127	onlineddl	go/vt/vttablet/onlineddl/schema.go:80;dynamic:vitess;dynamic:onlineddl	UPDATE _vt.schema_migrations\n\t\t\tSET eta_seconds=0\n\t\tWHERE\n\t\t\tmigration_uuid='9c74ded9_be16_11f1_adfd_5ada01a5d344'	same	0f444752ba32ebf169f55f78a7bd9ac9f75cd15e3f615ce1f6c156bdefbba6d3	0f444752ba32ebf169f55f78a7bd9ac9f75cd15e3f615ce1f6c156bdefbba6d3		
578b9973f5fb0fe4	onlineddl	go/vt/vttablet/onlineddl/executor.go:733;go/vt/vttablet/tabletmanager/vreplication/vreplicator.go:1008;dynamic:vitess;dynamic:movetables;dynamic:reshard;dynamic:onlineddl	kill 67	same	8f73e5e17286fc62af23dc2ce14ee1603f8c7b670a7e0a2af5280091a6359ecc	8f73e5e17286fc62af23dc2ce14ee1603f8c7b670a7e0a2af5280091a6359ecc		
5ace627c1a382c1d	onlineddl	dynamic:vitess;dynamic:onlineddl	UPDATE _vt.schema_migrations\n\t\t\tSET artifacts=concat('_vt_vrp_9c74ded9be1611f1adfd5ada01a5d344_20261002040615_', ',', artifacts), cleanup_timestamp=NULL\n\t\tWHERE\n\t\t\tmigration_uuid='9c74ded9_be16_11f1_adfd_5ada01a5d344'	same	0f444752ba32ebf169f55f78a7bd9ac9f75cd15e3f615ce1f6c156bdefbba6d3	0f444752ba32ebf169f55f78a7bd9ac9f75cd15e3f615ce1f6c156bdefbba6d3		
5b0c003b66aa42a1	onlineddl	go/vt/vttablet/onlineddl/schema.go:248;dynamic:vitess;dynamic:onlineddl	UPDATE _vt.schema_migrations\n\t\t\tSET table_rows=0\n\t\tWHERE\n\t\t\tmigration_uuid='9c74ded9_be16_11f1_adfd_5ada01a5d344'	same	0f444752ba32ebf169f55f78a7bd9ac9f75cd15e3f615ce1f6c156bdefbba6d3	0f444752ba32ebf169f55f78a7bd9ac9f75cd15e3f615ce1f6c156bdefbba6d3		
62e9ae4ccd329914	onlineddl	dynamic:vitess;dynamic:onlineddl;dynamic:sidecar	SELECT `sku`, `description`, `price` FROM `vt_commerce`.`_vt_vrp_9c74ded9be1611f1adfd5ada01a5d344_20261002040615_` WHERE 1 != 1	same	b2f33766092262c65edd33f3df8bc36c01f59002e4cf3b592a171cb6cb27adb4	b2f33766092262c65edd33f3df8bc36c01f59002e4cf3b592a171cb6cb27adb4		
68b04f2d8af6d615	onlineddl	go/vt/vttablet/onlineddl/schema.go:228	UPDATE _vt.schema_migrations SET ddl_action=%a WHERE migration_uuid=%a	same	b757b267368150584b6fd9b194ac0d3c0a9b1d2f6eea2a6f3ce700917ada0f8e	b757b267368150584b6fd9b194ac0d3c0a9b1d2f6eea2a6f3ce700917ada0f8e		
68dfeee8dc8eb9db	onlineddl	dynamic:vitess;dynamic:onlineddl	SHOW CREATE TABLE `_vt_vrp_9c74ded9be1611f1adfd5ada01a5d344_20261002040615_`	differs	d0d28815b646ae97ea6de992ea22c7f8a755453d99e9d19eca60bd8a95b99f0e	11bbeb4b047e37eb5a336bd92a0b8418d80d4df181b688f42509a589c2955f4d	row values differ	C-1,C-6
6a291acaf577e25d	onlineddl	go/vt/vttablet/onlineddl/schema.go:557	RENAME TABLE `%a` TO `%a`, `%a` TO `%a`, `%a` TO `%a`	same	97db900d5bd1362659223afdeb8791d99b4997e8f6cbc20312993ced20243857	97db900d5bd1362659223afdeb8791d99b4997e8f6cbc20312993ced20243857		
6b719b2263ac323f	onlineddl	go/vt/vttablet/onlineddl/schema.go:162	UPDATE _vt.schema_migrations SET special_plan=%a WHERE migration_uuid=%a	same	b757b267368150584b6fd9b194ac0d3c0a9b1d2f6eea2a6f3ce700917ada0f8e	b757b267368150584b6fd9b194ac0d3c0a9b1d2f6eea2a6f3ce700917ada0f8e		
6dd6923756e08e97	onlineddl	go/vt/vttablet/onlineddl/schema.go:116;dynamic:vitess;dynamic:onlineddl	UPDATE _vt.schema_migrations\n\t\t\tSET user_throttle_ratio=0\n\t\tWHERE\n\t\t\tmigration_uuid='9c74ded9_be16_11f1_adfd_5ada01a5d344'	same	0f444752ba32ebf169f55f78a7bd9ac9f75cd15e3f615ce1f6c156bdefbba6d3	0f444752ba32ebf169f55f78a7bd9ac9f75cd15e3f615ce1f6c156bdefbba6d3		
6ee0eb490ff83210	onlineddl	go/vt/vttablet/onlineddl/vrepl.go:283	set	same	b757b267368150584b6fd9b194ac0d3c0a9b1d2f6eea2a6f3ce700917ada0f8e	b757b267368150584b6fd9b194ac0d3c0a9b1d2f6eea2a6f3ce700917ada0f8e		
6fc0c216e81a7e66	onlineddl	go/vt/vttablet/onlineddl/executor.go:3088	RENAME TABLE	same	b757b267368150584b6fd9b194ac0d3c0a9b1d2f6eea2a6f3ce700917ada0f8e	b757b267368150584b6fd9b194ac0d3c0a9b1d2f6eea2a6f3ce700917ada0f8e		
72bf4b6d1b0cf98e	onlineddl	go/vt/vttablet/onlineddl/schema.go:105;dynamic:vitess;dynamic:onlineddl	UPDATE _vt.schema_migrations SET\n\t\t\tready_to_complete=1,\n\t\t\tready_to_complete_timestamp=IFNULL(ready_to_complete_timestamp, NOW(6))\n\t\tWHERE\n\t\t\tmigration_uuid='9c74ded9_be16_11f1_adfd_5ada01a5d344'	same	0f444752ba32ebf169f55f78a7bd9ac9f75cd15e3f615ce1f6c156bdefbba6d3	0f444752ba32ebf169f55f78a7bd9ac9f75cd15e3f615ce1f6c156bdefbba6d3		
7401f2357a618386	onlineddl	go/vt/vttablet/onlineddl/schema.go:95	UPDATE _vt.schema_migrations SET is_view=%a WHERE migration_uuid=%a	same	b757b267368150584b6fd9b194ac0d3c0a9b1d2f6eea2a6f3ce700917ada0f8e	b757b267368150584b6fd9b194ac0d3c0a9b1d2f6eea2a6f3ce700917ada0f8e		
7472a70a9bff715e	onlineddl	go/vt/vttablet/onlineddl/schema.go:559	LOCK TABLES `%a` WRITE, `%a` WRITE	same	97db900d5bd1362659223afdeb8791d99b4997e8f6cbc20312993ced20243857	97db900d5bd1362659223afdeb8791d99b4997e8f6cbc20312993ced20243857		
75829a9dbadf245a	onlineddl	dynamic:vitess;dynamic:bringup;dynamic:vtgate;dynamic:movetables;dynamic:onlineddl;dynamic:sidecar	SELECT\n\t\t\tmigration_uuid,\n\t\t\tmigration_context,\n\t\t\tkeyspace,\n\t\t\tmysql_table,\n\t\t\tmigration_status\n\t\tFROM _vt.schema_migrations\n\t\tWHERE\n\t\t\tmigration_status IN ('queued', 'ready', 'running')\n\t\tORDER BY id	same	e7566cb47b77dd3b20e54d56bb9f1ca19fe32c457fd3c728d25e01af9395538c	e7566cb47b77dd3b20e54d56bb9f1ca19fe32c457fd3c728d25e01af9395538c		
76cdd6cf3f48bbd4	onlineddl	dynamic:vitess;dynamic:onlineddl	CREATE TABLE `_vt_vrp_9c74ded9be1611f1adfd5ada01a5d344_20261002040615_` (\n\t`sku` varchar(128) NOT NULL,\n\t`description` varchar(128) DEFAULT NULL,\n\t`price` bigint DEFAULT NULL,\n\tPRIMARY KEY (`sku`)\n) ENGINE InnoDB,\n  CHARSET utf8mb4,\n  COLLATE utf8mb4_0900_ai_ci	same	c86cf46a097faa769bb9da422e97d2acd3b690d4474790a9fb11c536dd793b1d	c86cf46a097faa769bb9da422e97d2acd3b690d4474790a9fb11c536dd793b1d	replayed in an empty database: the object exists in the captured schema; volatile on the reference: compared by shape	
76feafd7f906fc15	onlineddl	go/vt/vttablet/onlineddl/schema.go:59	UPDATE _vt.schema_migrations SET mysql_table=%a WHERE migration_uuid=%a	same	b757b267368150584b6fd9b194ac0d3c0a9b1d2f6eea2a6f3ce700917ada0f8e	b757b267368150584b6fd9b194ac0d3c0a9b1d2f6eea2a6f3ce700917ada0f8e		
7c776038078bd21c	onlineddl	go/vt/vttablet/onlineddl/schema.go:121;dynamic:vitess;dynamic:onlineddl	UPDATE _vt.schema_migrations SET\n\t\t\tstarted_timestamp =IFNULL(started_timestamp,  NOW(6)),\n\t\t\tliveness_timestamp=IFNULL(liveness_timestamp, NOW(6))\n\t\tWHERE\n\t\t\tmigration_uuid='9c74ded9_be16_11f1_adfd_5ada01a5d344'	same	0f444752ba32ebf169f55f78a7bd9ac9f75cd15e3f615ce1f6c156bdefbba6d3	0f444752ba32ebf169f55f78a7bd9ac9f75cd15e3f615ce1f6c156bdefbba6d3		
80b635279612432c	onlineddl	dynamic:vitess;dynamic:onlineddl	INSERT IGNORE INTO _vt.schema_migrations (\n\t\tmigration_uuid,\n\t\tkeyspace,\n\t\tshard,\n\t\tmysql_schema,\n\t\tmysql_table,\n\t\tmigration_statement,\n\t\tstrategy,\n\t\toptions,\n\t\tddl_action,\n\t\trequested_timestamp,\n\t\tmigration_context,\n\t\tmigration_status,\n\t\ttablet,\n\t\tretain_artifacts_seconds,\n\t\tcutover_threshold_seconds,\n\t\tpostpone_launch,\n\t\tpostpone_completion,\n\t\tallow_concurrent,\n\t\treverted_uuid,\n\t\tis_view\n\t) VALUES (\n\t\t'9c74ded9_be16_11f1_adfd_5ada01a5d344', 'commerce', '0', 'vt_commerce', 'product', 'alter table product add column loams_inv int', 'vitess', '', 'alter', NOW(6), 'vtctl:9c7169af-be16-11f1-adfd-5ada01a5d344', 'queued', 'zone1-0000000100', 86400, 10, 0, 0, 0, '', 0\n\t)	same	7f9f5c671abc74443a62a67b53832bb102442926e24d00ad184693f7e4bca8a2	7f9f5c671abc74443a62a67b53832bb102442926e24d00ad184693f7e4bca8a2		
81729c8077e76f79	onlineddl	go/vt/vttablet/onlineddl/schema.go:431;dynamic:vitess;dynamic:onlineddl	SELECT\n\t\t\tid,\n\t\t\tmigration_uuid,\n\t\t\tkeyspace,\n\t\t\tshard,\n\t\t\tmysql_schema,\n\t\t\tmysql_table,\n\t\t\tmigration_statement,\n\t\t\tstrategy,\n\t\t\toptions,\n\t\t\tadded_timestamp,\n\t\t\tready_timestamp,\n\t\t\tstarted_timestamp,\n\t\t\tliveness_timestamp,\n\t\t\tcompleted_timestamp,\n\t\t\tmigration_status,\n\t\t\tlog_path,\n\t\t\tlog_file,\n\t\t\tretries,\n\t\t\tddl_action,\n\t\t\tartifacts,\n\t\t\ttablet,\n\t\t\tadded_unique_keys,\n\t\t\tremoved_unique_keys,\n\t\t\tmigration_context,\n\t\t\tretain_artifacts_seconds,\n\t\t\tcutover_threshold_seconds,\n\t\t\tis_view,\n\t\t\tready_to_complete,\n\t\t\tready_to_complete_timestamp is not null as was_ready_to_complete,\n\t\t\treverted_uuid,\n\t\t\trows_copied,\n\t\t\tvitess_liveness_indicator,\n\t\t\tuser_throttle_ratio,\n\t\t\tlast_throttled_timestamp,\n\t\t\tcancelled_timestamp,\n\t\t\tcomponent_throttled,\n\t\t\treason_throttled,\n\t\t\tpostpone_launch,\n\t\t\tpostpone_completion,\n\t\t\tis_immediate_operation,\n\t\t\tshadow_analyzed_timestamp,\n\t\t\treviewed_timestamp\n\t\tFROM _vt.schema_migrations\n\t\tWHERE\n\t\t\tmigration_uuid='9c74ded9_be16_11f1_adfd_5ada01a5d344'	same	e6e23bda88b8d97d6e810657ed23982659b11fdd03baf3078e69716cd8a52e34	e6e23bda88b8d97d6e810657ed23982659b11fdd03baf3078e69716cd8a52e34		
85289284abe67a6e	onlineddl	go/vt/vttablet/onlineddl/schema.go:127	UPDATE _vt.schema_migrations SET %s=NOW(6) WHERE migration_uuid=%a	same	b757b267368150584b6fd9b194ac0d3c0a9b1d2f6eea2a6f3ce700917ada0f8e	b757b267368150584b6fd9b194ac0d3c0a9b1d2f6eea2a6f3ce700917ada0f8e		
8c64237629f52a62	onlineddl	dynamic:vitess;dynamic:onlineddl	SELECT `sku`, `description`, `price`, `loams_inv` FROM `vt_commerce`.`_vt_vrp_9c74ded9be1611f1adfd5ada01a5d344_20261002040615_` WHERE 1 != 1	same	10aba574287a88a84d8597b32b0181bcb60ec5735eb5b43a7e5e0a83088b845a	10aba574287a88a84d8597b32b0181bcb60ec5735eb5b43a7e5e0a83088b845a		
951354e94494e2f8	onlineddl	go/vt/vttablet/onlineddl/executor.go:495	SET foreign_key_checks=@vt_onlineddl_foreign_key_checks	same	c6747964530c3ec412b8b38dbf8fe88fa70e877b3d83c52d6db6f7059bcdd903	c6747964530c3ec412b8b38dbf8fe88fa70e877b3d83c52d6db6f7059bcdd903		
95dccef81747475d	onlineddl	dynamic:vitess;dynamic:bringup;dynamic:keyspace-vschema;dynamic:vtgate;dynamic:movetables;dynamic:reshard;dynamic:2pc	select migration_uuid, ddl_action, is_view, is_immediate_operation, postpone_launch, postpone_completion, ready_to_complete from _vt_customer.schema_migrations where migration_status = 'queued' and reviewed_timestamp is not null order by id asc	same	3cec2cabc20a6393e74730eda3285e0a7d6b965ad54a3da3aecc89eaaa97aea9	3cec2cabc20a6393e74730eda3285e0a7d6b965ad54a3da3aecc89eaaa97aea9		
9c5067b7b46bed12	onlineddl	dynamic:vitess;dynamic:bringup;dynamic:sidecar	show create table _vt.schema_migrations	differs	e16e902db5919416bcddf44714e56f9d03a60469c936474125ae1670a8a10efd	e1a815555c006d121b5fb049510570076230328eca8a742c2de49b11186245af	row values differ	C-1,C-6
ad4aeb3fdc6a9112	onlineddl	go/vt/vttablet/onlineddl/schema.go:558	RENAME TABLE `%a` TO `%a`	same	97db900d5bd1362659223afdeb8791d99b4997e8f6cbc20312993ced20243857	97db900d5bd1362659223afdeb8791d99b4997e8f6cbc20312993ced20243857		
b67949c43540e644	onlineddl	go/vt/vttablet/onlineddl/schema.go:206;go/vt/vttablet/onlineddl/schema.go:212	UPDATE _vt.schema_migrations SET postpone_completion=0 WHERE migration_uuid=%a AND postpone_completion != 0	same	b757b267368150584b6fd9b194ac0d3c0a9b1d2f6eea2a6f3ce700917ada0f8e	b757b267368150584b6fd9b194ac0d3c0a9b1d2f6eea2a6f3ce700917ada0f8e		
b7b5a7e3e98634b7	onlineddl	dynamic:vitess;dynamic:bringup;dynamic:reshard	CREATE TABLE IF NOT EXISTS `_vt_customer`.`schema_migrations` (\n\t`id` bigint unsigned NOT NULL AUTO_INCREMENT,\n\t`migration_uuid` varchar(64) NOT NULL,\n\t`keyspace` varchar(256) NOT NULL,\n\t`shard` varchar(255) NOT NULL,\n\t`mysql_schema` varchar(128) NOT NULL,\n\t`mysql_table` varchar(128) NOT NULL,\n\t`migration_statement` text NOT NULL,\n\t`strategy` varchar(128) NOT NULL,\n\t`options` varchar(8192) NOT NULL,\n\t`added_timestamp` timestamp NOT NULL DEFAULT current_timestamp(),\n\t`requested_timestamp` timestamp NOT NULL DEFAULT current_timestamp(),\n\t`ready_timestamp` timestamp NULL,\n\t`started_timestamp` timestamp NULL,\n\t`liveness_timestamp` timestamp NULL,\n\t`completed_timestamp` timestamp(6) NULL,\n\t`cleanup_timestamp` timestamp NULL,\n\t`migration_status` varchar(128) NOT NULL,\n\t`log_path` varchar(1024) NOT NULL,\n\t`artifacts` text NOT NULL,\n\t`retries` int unsigned NOT NULL DEFAULT '0',\n\t`tablet` varchar(128) NOT NULL DEFAULT '',\n\t`tablet_failure` tinyint unsigned NOT NULL DEFAULT '0',\n\t`progress` float NOT NULL DEFAULT '0',\n\t`migration_context` varchar(1024) NOT NULL DEFAULT '',\n\t`ddl_action` varchar(16) NOT NULL DEFAULT '',\n\t`message` text NOT NULL,\n\t`message_timestamp` timestamp(6) NULL,\n\t`eta_seconds` bigint NOT NULL DEFAULT '-1',\n\t`rows_copied` bigint unsigned NOT NULL DEFAULT '0',\n\t`vreplication_lag_seconds` bigint unsigned NOT NULL DEFAULT '0',\n\t`table_rows` bigint NOT NULL DEFAULT '0',\n\t`added_unique_keys` int unsigned NOT NULL DEFAULT '0',\n\t`removed_unique_keys` int unsigned NOT NULL DEFAULT '0',\n\t`log_file` varchar(1024) NOT NULL DEFAULT '',\n\t`retain_artifacts_seconds` bigint NOT NULL DEFAULT '0',\n\t`postpone_completion` tinyint unsigned NOT NULL DEFAULT '0',\n\t`removed_unique_key_names` text NOT NULL,\n\t`dropped_no_default_column_names` text NOT NULL,\n\t`expanded_column_names` text NOT NULL,\n\t`revertible_notes` text NOT NULL,\n\t`allow_concurrent` tinyint unsigned NOT NULL DEFAULT '0',\n\t`reverted_uuid` varchar(64) NOT NULL DEFAULT '',\n\t`is_view` tinyint unsigned NOT NULL DEFAULT '0',\n\t`ready_to_complete` tinyint unsigned NOT NULL DEFAULT '0',\n\t`vitess_liveness_indicator` bigint NOT NULL DEFAULT '0',\n\t`user_throttle_ratio` float NOT NULL DEFAULT '0',\n\t`special_plan` text NOT NULL,\n\t`last_throttled_timestamp` timestamp NULL,\n\t`component_throttled` tinytext NOT NULL,\n\t`reason_throttled` text NOT NULL,\n\t`cancelled_timestamp` timestamp NULL,\n\t`postpone_launch` tinyint unsigned NOT NULL DEFAULT '0',\n\t`stage` text NOT NULL,\n\t`cutover_attempts` int unsigned NOT NULL DEFAULT '0',\n\t`is_immediate_operation` tinyint unsigned NOT NULL DEFAULT '0',\n\t`reviewed_timestamp` timestamp NULL,\n\t`ready_to_complete_timestamp` timestamp NULL,\n\t`shadow_analyzed_timestamp` timestamp NULL,\n\t`removed_foreign_key_names` text NOT NULL,\n\t`last_cutover_attempt_timestamp` timestamp NULL,\n\t`force_cutover` tinyint unsigned NOT NULL DEFAULT '0',\n\t`cutover_threshold_seconds` int unsigned NOT NULL DEFAULT '0',\n\t`in_order_completion_pending_count` int unsigned NOT NULL DEFAULT '0',\n\tPRIMARY KEY (`id`),\n\tUNIQUE KEY `uuid_idx` (`migration_uuid`),\n\tKEY `keyspace_shard_idx` (`keyspace`(64), `shard`(64)),\n\tKEY `status_idx` (`migration_status`, `liveness_timestamp`),\n\tKEY `cleanup_status_idx` (`cleanup_timestamp`, `migration_status`),\n\tKEY `tablet_failure_idx` (`tablet_failure`, `migration_status`, `retries`),\n\tKEY `table_complete_idx` (`migration_status`, `keyspace`(64), `mysql_table`(64), `completed_timestamp`),\n\tKEY `migration_context_idx` (`migration_context`(64)),\n\tKEY `reverted_uuid_idx` (`reverted_uuid`)\n) ENGINE InnoDB,\n  CHARSET utf8mb4	differs	867a1b8ab78a0a10659dc5ee884b635299118dc67ab6d9ae858d365c7a52c401	3e4bef602d77d32d0ec67c93f2129199d658a8f8a93d747797444f873e472aa0	warnings differ	C-1
b9fe128026434d6c	onlineddl	go/vt/vttablet/onlineddl/schema.go:111;dynamic:vitess;dynamic:onlineddl	UPDATE _vt.schema_migrations SET\n\t\t\tready_to_complete=0\n\t\tWHERE\n\t\t\tmigration_uuid='9c74ded9_be16_11f1_adfd_5ada01a5d344'	same	0f444752ba32ebf169f55f78a7bd9ac9f75cd15e3f615ce1f6c156bdefbba6d3	0f444752ba32ebf169f55f78a7bd9ac9f75cd15e3f615ce1f6c156bdefbba6d3		
bb2dc7ac9d042767	onlineddl	go/vt/vttablet/onlineddl/schema.go:512	ALTER TABLE `%s` AUTO_INCREMENT=%a	same	b757b267368150584b6fd9b194ac0d3c0a9b1d2f6eea2a6f3ce700917ada0f8e	b757b267368150584b6fd9b194ac0d3c0a9b1d2f6eea2a6f3ce700917ada0f8e		
bc7fed92d40d21dc	onlineddl	go/vt/vttablet/onlineddl/schema.go:397;dynamic:vitess;dynamic:bringup;dynamic:vtgate;dynamic:movetables;dynamic:onlineddl;dynamic:sidecar	SELECT\n\t\t\tmigration_uuid\n\t\tFROM _vt.schema_migrations\n\t\tWHERE\n\t\t\tmigration_status='queued'\n\t\t\tAND reviewed_timestamp IS NULL\n\t\tORDER BY id	same	69f4419ac10359b0a5e1a5b865e5042afabd4b7605d07c2bc3f98ecf03b0d112	69f4419ac10359b0a5e1a5b865e5042afabd4b7605d07c2bc3f98ecf03b0d112		
c142cea6c8079e9a	onlineddl	go/vt/vttablet/onlineddl/schema.go:253	UPDATE _vt.schema_migrations SET table_rows=GREATEST(table_rows, %a), progress=CASE WHEN table_rows=0 THEN 100 ELSE LEAST(100, 100*%a/table_rows) END WHERE migration_uuid=%a	same	b757b267368150584b6fd9b194ac0d3c0a9b1d2f6eea2a6f3ce700917ada0f8e	b757b267368150584b6fd9b194ac0d3c0a9b1d2f6eea2a6f3ce700917ada0f8e		
c477ae64ea50db8e	onlineddl	go/vt/vttablet/onlineddl/schema.go:515	ALTER TABLE `%a` DROP PARTITION `%a`	same	97db900d5bd1362659223afdeb8791d99b4997e8f6cbc20312993ced20243857	97db900d5bd1362659223afdeb8791d99b4997e8f6cbc20312993ced20243857		
c4ccac3045f984c9	onlineddl	dynamic:vitess;dynamic:bringup;dynamic:vtgate;dynamic:movetables;dynamic:onlineddl;dynamic:sidecar	SELECT\n\t\t\tmigration_uuid,\n\t\t\tartifacts,\n\t\t\tlog_path\n\t\tFROM _vt.schema_migrations\n\t\tWHERE\n\t\t\tmigration_status IN ('complete', 'cancelled', 'failed')\n\t\t\tAND cleanup_timestamp IS NULL\n\t\t\tAND completed_timestamp <= IF(retain_artifacts_seconds=0,\n\t\t\t\tNOW() - INTERVAL 86400 SECOND,\n\t\t\t\tNOW() - INTERVAL retain_artifacts_seconds SECOND\n\t\t\t)\n\t\tORDER BY id	same	e3c3ca8c68498617caa16157768d9fda0ac6098aae4ee00cbe6086f90290c822	e3c3ca8c68498617caa16157768d9fda0ac6098aae4ee00cbe6086f90290c822		
cbd5196fb8ae3938	onlineddl	go/vt/vttablet/onlineddl/schema.go:478;dynamic:vitess;dynamic:bringup;dynamic:vtgate;dynamic:movetables;dynamic:onlineddl;dynamic:sidecar	SELECT\n\t\t\tmigration_uuid\n\t\tFROM _vt.schema_migrations\n\t\tWHERE\n\t\t\tmigration_status='ready'\n\t\tORDER BY id	same	69f4419ac10359b0a5e1a5b865e5042afabd4b7605d07c2bc3f98ecf03b0d112	69f4419ac10359b0a5e1a5b865e5042afabd4b7605d07c2bc3f98ecf03b0d112		
cbd51bc05a31fd2a	onlineddl	dynamic:vitess;dynamic:onlineddl	UPDATE _vt.schema_migrations\n\t\t\tSET shadow_analyzed_timestamp=NOW(6)\n\t\tWHERE\n\t\t\tmigration_uuid='9c74ded9_be16_11f1_adfd_5ada01a5d344'	same	0f444752ba32ebf169f55f78a7bd9ac9f75cd15e3f615ce1f6c156bdefbba6d3	0f444752ba32ebf169f55f78a7bd9ac9f75cd15e3f615ce1f6c156bdefbba6d3		
cbd907075464639a	onlineddl	dynamic:vitess;dynamic:onlineddl	UPDATE _vt.schema_migrations\n\t\t\tSET\n\t\t\t\ttable_rows=GREATEST(table_rows, 0),\n\t\t\t\tprogress=CASE\n\t\t\t\t\tWHEN table_rows=0 THEN 100\n\t\t\t\t\tELSE LEAST(100, 100*0/table_rows)\n\t\t\t\tEND\n\t\tWHERE\n\t\t\tmigration_uuid='9c74ded9_be16_11f1_adfd_5ada01a5d344'	same	0f444752ba32ebf169f55f78a7bd9ac9f75cd15e3f615ce1f6c156bdefbba6d3	0f444752ba32ebf169f55f78a7bd9ac9f75cd15e3f615ce1f6c156bdefbba6d3		
cf1e335bb896329b	onlineddl	go/vt/vttablet/onlineddl/schema.go:560;go/vt/vttablet/tabletmanager/rpc_lock_tables.go:150;go/vt/vttablet/tabletserver/vstreamer/snapshot_conn.go:106;go/vt/vttablet/tabletserver/vstreamer/snapshot_conn.go:208;dynamic:vitess;dynamic:movetables;dynamic:reshard	unlock tables	same	0f444752ba32ebf169f55f78a7bd9ac9f75cd15e3f615ce1f6c156bdefbba6d3	0f444752ba32ebf169f55f78a7bd9ac9f75cd15e3f615ce1f6c156bdefbba6d3		
d250d7cc434f255a	onlineddl	go/vt/vttablet/onlineddl/schema.go:223	UPDATE _vt.schema_migrations SET tablet_failure=1 WHERE migration_uuid=%a	same	b757b267368150584b6fd9b194ac0d3c0a9b1d2f6eea2a6f3ce700917ada0f8e	b757b267368150584b6fd9b194ac0d3c0a9b1d2f6eea2a6f3ce700917ada0f8e		
d2bb525ae0dc3ecc	onlineddl	go/vt/vttablet/onlineddl/schema.go:100	UPDATE _vt.schema_migrations SET is_immediate_operation=1 WHERE migration_uuid=%a	same	b757b267368150584b6fd9b194ac0d3c0a9b1d2f6eea2a6f3ce700917ada0f8e	b757b267368150584b6fd9b194ac0d3c0a9b1d2f6eea2a6f3ce700917ada0f8e		
d303a9390b3c3570	onlineddl	go/vt/vttablet/onlineddl/schema.go:275	UPDATE _vt.schema_migrations SET last_throttled_timestamp=%a, component_throttled=%a, reason_throttled=%a WHERE migration_uuid=%a	same	b757b267368150584b6fd9b194ac0d3c0a9b1d2f6eea2a6f3ce700917ada0f8e	b757b267368150584b6fd9b194ac0d3c0a9b1d2f6eea2a6f3ce700917ada0f8e		
d36c6e3b07dfb660	onlineddl	go/vt/vttablet/onlineddl/schema.go:20	INSERT IGNORE INTO _vt.schema_migrations ( migration_uuid, keyspace, shard, mysql_schema, mysql_table, migration_statement, strategy, options, ddl_action, requested_timestamp, migration_context, migration_status, tablet, retain_artifacts_seconds, cutover_threshold_seconds, postpone_launch, postpone_completion, allow_concurrent, reverted_uuid, is_view ) VALUES ( %a, %a, %a, %a, %a, %a, %a, %a, %a, NOW(6), %a, %a, %a, %a, %a, %a, %a, %a, %a, %a )	same	b757b267368150584b6fd9b194ac0d3c0a9b1d2f6eea2a6f3ce700917ada0f8e	b757b267368150584b6fd9b194ac0d3c0a9b1d2f6eea2a6f3ce700917ada0f8e		
d62f5372dfe11c24	onlineddl	go/vt/vttablet/onlineddl/schema.go:147	UPDATE _vt.schema_migrations SET artifacts=concat(%a, ',', artifacts), cleanup_timestamp=NULL WHERE migration_uuid=%a	same	b757b267368150584b6fd9b194ac0d3c0a9b1d2f6eea2a6f3ce700917ada0f8e	b757b267368150584b6fd9b194ac0d3c0a9b1d2f6eea2a6f3ce700917ada0f8e		
d6721a7b0aeaec4b	onlineddl	go/vt/vttablet/onlineddl/executor.go:491;dynamic:vitess;dynamic:movetables	SET foreign_key_checks = 0	same	0f444752ba32ebf169f55f78a7bd9ac9f75cd15e3f615ce1f6c156bdefbba6d3	0f444752ba32ebf169f55f78a7bd9ac9f75cd15e3f615ce1f6c156bdefbba6d3		
d7ab16f30f06e909	onlineddl	dynamic:vitess;dynamic:onlineddl	SHOW CREATE TABLE `vt_commerce`.`_vt_vrp_9c74ded9be1611f1adfd5ada01a5d344_20261002040615_`	differs	d0d28815b646ae97ea6de992ea22c7f8a755453d99e9d19eca60bd8a95b99f0e	11bbeb4b047e37eb5a336bd92a0b8418d80d4df181b688f42509a589c2955f4d	row values differ	C-6
d7e79b57c26a8742	onlineddl	go/vt/vttablet/onlineddl/schema.go:263	UPDATE _vt.schema_migrations SET eta_seconds=CASE WHEN progress=0 THEN -1 WHEN table_rows=0 THEN 0 ELSE GREATEST(0, TIMESTAMPDIFF(SECOND, started_timestamp, NOW())*((100/progress)-1) ) END WHERE migration_uuid=%a	same	b757b267368150584b6fd9b194ac0d3c0a9b1d2f6eea2a6f3ce700917ada0f8e	b757b267368150584b6fd9b194ac0d3c0a9b1d2f6eea2a6f3ce700917ada0f8e		
dc67f2d3bb1ae5cc	onlineddl	dynamic:vitess;dynamic:onlineddl	RENAME TABLE `product` TO `_vt_hld_9f79e7aabe1611f1a94c86d37cd5f354_20261003040619_`, `_vt_vrp_9c74ded9be1611f1adfd5ada01a5d344_20261002040615_` TO `product`, `_vt_hld_9f79e7aabe1611f1a94c86d37cd5f354_20261003040619_` TO `_vt_vrp_9c74ded9be1611f1adfd5ada01a5d344_20261002040615_`	same	0f444752ba32ebf169f55f78a7bd9ac9f75cd15e3f615ce1f6c156bdefbba6d3	0f444752ba32ebf169f55f78a7bd9ac9f75cd15e3f615ce1f6c156bdefbba6d3		
dd484fb5655b9271	onlineddl	go/vt/vttablet/onlineddl/schema.go:167;dynamic:vitess;dynamic:onlineddl	UPDATE _vt.schema_migrations\n\t\t\tSET stage='post-sentry pos reached'\n\t\tWHERE\n\t\t\tmigration_uuid='9c74ded9_be16_11f1_adfd_5ada01a5d344'	same	0f444752ba32ebf169f55f78a7bd9ac9f75cd15e3f615ce1f6c156bdefbba6d3	0f444752ba32ebf169f55f78a7bd9ac9f75cd15e3f615ce1f6c156bdefbba6d3		
e2be71113a2c2d30	onlineddl	go/vt/vttablet/onlineddl/schema.go:45;dynamic:vitess;dynamic:bringup;dynamic:vtgate;dynamic:movetables;dynamic:onlineddl;dynamic:sidecar	SELECT\n\t\t\tmigration_uuid,\n\t\t\tddl_action,\n\t\t\tis_view,\n\t\t\tis_immediate_operation,\n\t\t\tpostpone_launch,\n\t\t\tpostpone_completion,\n\t\t\tready_to_complete\n\t\tFROM _vt.schema_migrations\n\t\tWHERE\n\t\t\tmigration_status='queued'\n\t\t\tAND reviewed_timestamp IS NOT NULL\n\t\tORDER BY id	same	3cec2cabc20a6393e74730eda3285e0a7d6b965ad54a3da3aecc89eaaa97aea9	3cec2cabc20a6393e74730eda3285e0a7d6b965ad54a3da3aecc89eaaa97aea9		
e2d8c30309d7ea27	onlineddl	go/vt/vttablet/onlineddl/schema.go:355;dynamic:vitess;dynamic:onlineddl	SELECT\n\t\t\tmigration_uuid,\n\t\t\tstrategy\n\t\tFROM _vt.schema_migrations\n\t\tWHERE\n\t\t\tmigration_status='complete'\n\t\t\tAND keyspace='commerce'\n\t\t\tAND migration_context='vtctl:9c7169af-be16-11f1-adfd-5ada01a5d344'\n\t\t\tAND migration_statement='alter table product add column loams_inv int'\n\t\tLIMIT 1	same	e332da420651f221c82fea2cc9b490f2819a0ba76b795bcfedfbd2ed9de2904b	e332da420651f221c82fea2cc9b490f2819a0ba76b795bcfedfbd2ed9de2904b		
e4a9dc494a06f1eb	onlineddl	go/vt/vttablet/onlineddl/executor.go:1085	RENAME found	same	b757b267368150584b6fd9b194ac0d3c0a9b1d2f6eea2a6f3ce700917ada0f8e	b757b267368150584b6fd9b194ac0d3c0a9b1d2f6eea2a6f3ce700917ada0f8e		
e593264d33b92b0b	onlineddl	go/vt/vttablet/onlineddl/schema.go:137	UPDATE _vt.schema_migrations SET log_path=%a, log_file=%a WHERE migration_uuid=%a	same	b757b267368150584b6fd9b194ac0d3c0a9b1d2f6eea2a6f3ce700917ada0f8e	b757b267368150584b6fd9b194ac0d3c0a9b1d2f6eea2a6f3ce700917ada0f8e		
e69b687db53670f9	onlineddl	go/vt/vttablet/onlineddl/schema.go:75;dynamic:vitess;dynamic:onlineddl	UPDATE _vt.schema_migrations\n\t\t\tSET progress=100\n\t\tWHERE\n\t\t\tmigration_uuid='9c74ded9_be16_11f1_adfd_5ada01a5d344'	same	0f444752ba32ebf169f55f78a7bd9ac9f75cd15e3f615ce1f6c156bdefbba6d3	0f444752ba32ebf169f55f78a7bd9ac9f75cd15e3f615ce1f6c156bdefbba6d3		
e902531606c80999	onlineddl	go/vt/vttablet/onlineddl/schema.go:64;dynamic:vitess;dynamic:onlineddl	UPDATE _vt.schema_migrations\n\t\t\tSET migration_status='running'\n\t\tWHERE\n\t\t\tmigration_uuid='9c74ded9_be16_11f1_adfd_5ada01a5d344'	same	0f444752ba32ebf169f55f78a7bd9ac9f75cd15e3f615ce1f6c156bdefbba6d3	0f444752ba32ebf169f55f78a7bd9ac9f75cd15e3f615ce1f6c156bdefbba6d3		
eae6c170c509e96e	onlineddl	dynamic:vitess;dynamic:onlineddl	UPDATE _vt.schema_migrations\n\t\t\tSET\n\t\t\t\teta_seconds=CASE\n\t\t\t\t\tWHEN progress=0 THEN -1\n\t\t\t\t\tWHEN table_rows=0 THEN 0\n\t\t\t\t\tELSE GREATEST(0,\n\t\t\t\t\t\tTIMESTAMPDIFF(SECOND, started_timestamp, NOW())*((100/progress)-1)\n\t\t\t\t\t)\n\t\t\t\tEND\n\t\tWHERE\n\t\t\tmigration_uuid='9c74ded9_be16_11f1_adfd_5ada01a5d344'	same	0f444752ba32ebf169f55f78a7bd9ac9f75cd15e3f615ce1f6c156bdefbba6d3	0f444752ba32ebf169f55f78a7bd9ac9f75cd15e3f615ce1f6c156bdefbba6d3		
ec05aa4b1d2137e8	onlineddl	go/vt/vttablet/onlineddl/schema.go:503	DROP TABLE IF EXISTS `%a`	same	97db900d5bd1362659223afdeb8791d99b4997e8f6cbc20312993ced20243857	97db900d5bd1362659223afdeb8791d99b4997e8f6cbc20312993ced20243857		
f2deeed627f3a40f	onlineddl	dynamic:vitess;dynamic:bringup;dynamic:keyspace-vschema;dynamic:vtgate;dynamic:movetables;dynamic:reshard;dynamic:2pc	select migration_uuid from _vt_customer.schema_migrations where migration_status = 'queued' and reviewed_timestamp is null order by id asc	same	69f4419ac10359b0a5e1a5b865e5042afabd4b7605d07c2bc3f98ecf03b0d112	69f4419ac10359b0a5e1a5b865e5042afabd4b7605d07c2bc3f98ecf03b0d112		
fb84ccb184e5e021	onlineddl	go/vt/vttablet/onlineddl/executor.go:640	KILL QUERY	same	b757b267368150584b6fd9b194ac0d3c0a9b1d2f6eea2a6f3ce700917ada0f8e	b757b267368150584b6fd9b194ac0d3c0a9b1d2f6eea2a6f3ce700917ada0f8e		
fcd95815f04af549	onlineddl	go/vt/vttablet/onlineddl/schema.go:561	CREATE TABLE IF NOT EXISTS `%a` (id INT PRIMARY KEY)	same	97db900d5bd1362659223afdeb8791d99b4997e8f6cbc20312993ced20243857	97db900d5bd1362659223afdeb8791d99b4997e8f6cbc20312993ced20243857		
fd5bb9b91c90bc77	onlineddl	go/vt/vttablet/onlineddl/schema.go:514	ALTER TABLE `%a` REMOVE PARTITIONING	same	97db900d5bd1362659223afdeb8791d99b4997e8f6cbc20312993ced20243857	97db900d5bd1362659223afdeb8791d99b4997e8f6cbc20312993ced20243857		
fe57a4909e943f1f	onlineddl	go/vt/vttablet/onlineddl/schema.go:132;dynamic:vitess;dynamic:onlineddl	UPDATE _vt.schema_migrations\n\t\t\tSET vitess_liveness_indicator=1790913978\n\t\tWHERE\n\t\t\tmigration_uuid='9c74ded9_be16_11f1_adfd_5ada01a5d344'	same	0f444752ba32ebf169f55f78a7bd9ac9f75cd15e3f615ce1f6c156bdefbba6d3	0f444752ba32ebf169f55f78a7bd9ac9f75cd15e3f615ce1f6c156bdefbba6d3		
00095e9252d5905d	query	dynamic:vitess;dynamic:keyspace-vschema;dynamic:movetables;dynamic:onlineddl	SELECT `name`, `keyspace_id` FROM `vt_commerce`.`name_user_map` WHERE 1 != 1	same	57b0eadec215eb930202be64b847f01047ebfb8a528a4e7e142d2f52b4649354	57b0eadec215eb930202be64b847f01047ebfb8a528a4e7e142d2f52b4649354		
000f02d6305206ad	query	dynamic:vitess;dynamic:vtgate	select c_custkey, c_name, sum(l_extendedprice * (1 - l_discount)) as revenue, c_acctbal, n_name, c_address, c_phone, c_comment from customer, orders, lineitem, nation where c_custkey = o_custkey and l_orderkey = o_orderkey and o_orderdate >= date('1993-10-01') and o_orderdate < date('1993-10-01') + interval '3' month and l_returnflag = 'R' and c_nationkey = n_nationkey group by c_custkey, c_name, c_acctbal, c_phone, n_name, c_address, c_comment order by revenue desc limit 20 /* INT64 */	same	99cadf2aabf25ade2defd6c9047547939765b0d07a7f2ddb7379dccb3c649ce1	99cadf2aabf25ade2defd6c9047547939765b0d07a7f2ddb7379dccb3c649ce1		
0058b8b6afecb68c	query	dynamic:vitess;dynamic:vtgate	select id, user_id from `user` join user_extra limit 10001	same	e0eb28784c58ece04f8d7c2a9e09e9b393fd48d09cb4d91f851970f0f48b4be8	e0eb28784c58ece04f8d7c2a9e09e9b393fd48d09cb4d91f851970f0f48b4be8		
00a157dba9f3411d	query	dynamic:vitess;dynamic:vtgate	select music.col from `user` join music limit 10001	same	db6eafe6e00c4eca41cb4f828cab78210badd351516bf7feeec9b582b870f952	db6eafe6e00c4eca41cb4f828cab78210badd351516bf7feeec9b582b870f952		
00cbc1acd776cfea	query	dynamic:vitess;dynamic:vtgate	select `user`.col1 from `user` having col2 = 2 limit 10001 /* INT64 */	same	10aba574287a88a84d8597b32b0181bcb60ec5735eb5b43a7e5e0a83088b845a	10aba574287a88a84d8597b32b0181bcb60ec5735eb5b43a7e5e0a83088b845a		
00e10c5c6970e656	query	dynamic:vitess;dynamic:vtgate	insert into `user`(id) values (1) on duplicate key update col = 2 /* INT64 */	same	4f73cac56c213100458bcc43d0e31ddac4c170e120f75f92420e4a88b8129d5e	4f73cac56c213100458bcc43d0e31ddac4c170e120f75f92420e4a88b8129d5e		
011f26da8f10a354	query	dynamic:vitess;dynamic:vtgate	select id, user_id from (select id, col from `user` where id = 17 limit 10) as u join (select col, user_id from user_extra where user_id = 17 limit 10) as ue on u.col = ue.col limit 10001	same	729e18fe325e5a6dedfc92e6e88ab496d795321f1406474aaed1a98edcb84461	729e18fe325e5a6dedfc92e6e88ab496d795321f1406474aaed1a98edcb84461		
0126f48687c3d094	query	dynamic:vitess;dynamic:vtgate	with t as (select `user`.col1 from `user` join unsharded) select 0 from t join unsharded on unsharded.col1 = t.col1 and unsharded.a = t.col1 limit 10001	same	10aba574287a88a84d8597b32b0181bcb60ec5735eb5b43a7e5e0a83088b845a	10aba574287a88a84d8597b32b0181bcb60ec5735eb5b43a7e5e0a83088b845a		
0179b1205bd35e96	query	dynamic:vitess;dynamic:vtgate	select `user`.col1, user_extra.col1 from `user` join user_extra having col1 = 2 limit 10001 /* INT64 */	same	10aba574287a88a84d8597b32b0181bcb60ec5735eb5b43a7e5e0a83088b845a	10aba574287a88a84d8597b32b0181bcb60ec5735eb5b43a7e5e0a83088b845a		
01990ce62137d9eb	query	dynamic:vitess;dynamic:vtgate	delete a from unsharded_a as a join unsharded_b as b on a.id = b.id where b.val = 1 /* INT64 */	same	10aba574287a88a84d8597b32b0181bcb60ec5735eb5b43a7e5e0a83088b845a	10aba574287a88a84d8597b32b0181bcb60ec5735eb5b43a7e5e0a83088b845a		
01b0cdea0238358e	query	dynamic:vitess;dynamic:vtgate	select col from `user` where id = 1 or id = 2 limit 10001 /* INT64 */	same	db6eafe6e00c4eca41cb4f828cab78210badd351516bf7feeec9b582b870f952	db6eafe6e00c4eca41cb4f828cab78210badd351516bf7feeec9b582b870f952		
022558831624043e	query	dynamic:vitess;dynamic:vtgate	select Id, textcol1, row_number() over (partition by textcol1 order by Id asc) as rn from `user` union all select Id, textcol1, row_number() over (partition by textcol1 order by Id asc) as rn from `user` limit 10001	same	c767fe6291f4904d52f83151139909b7f394d604cef06afc113b2148873203f5	c767fe6291f4904d52f83151139909b7f394d604cef06afc113b2148873203f5		
02476601c15c167d	query	dynamic:vitess;dynamic:vtgate	select distinct `user`.a from `user` join user_extra limit 10001	same	c16efd54c1514677f95efeafe4168cfee72e76894a10d9d79a7a32f4ba8d0d16	c16efd54c1514677f95efeafe4168cfee72e76894a10d9d79a7a32f4ba8d0d16		
0275437d291c6af7	query	dynamic:vitess;dynamic:vtgate	select id from `user` where id = 5 and `name` = 'foo' or id = 12 and `name` = 'bar' limit 10001 /* VARCHAR */	same	a9ebc077a1fa73f7d4bcd5f5168ca8e4219309ffae9566026486841448fcf937	a9ebc077a1fa73f7d4bcd5f5168ca8e4219309ffae9566026486841448fcf937		
027dbd80c789f679	query	dynamic:vitess;dynamic:vtgate	select music.col from `user`, music limit 10001	same	db6eafe6e00c4eca41cb4f828cab78210badd351516bf7feeec9b582b870f952	db6eafe6e00c4eca41cb4f828cab78210badd351516bf7feeec9b582b870f952		
02ebc1fe39f6d484	query	dynamic:vitess;dynamic:vtgate	update user_metadata set email = 'juan@vitess.io', address = '155 5th street' where user_id = 1 limit 10001 /* INT64 */	same	0f444752ba32ebf169f55f78a7bd9ac9f75cd15e3f615ce1f6c156bdefbba6d3	0f444752ba32ebf169f55f78a7bd9ac9f75cd15e3f615ce1f6c156bdefbba6d3		
03b887abe8e7225e	query	dynamic:vitess;dynamic:vtgate	select u.col1, count(distinct m.user_id), sum(distinct m.user_id) from `user` as u join music as m group by u.col1 limit 10001	same	ddd329a59729861299dd1a5e886ade84cb6a8dece98cd38120c968b44139c2da	ddd329a59729861299dd1a5e886ade84cb6a8dece98cd38120c968b44139c2da		
03ba2c8c1a4e9f29	query	dynamic:vitess;dynamic:vtgate	select * from customer where phone = 123456 limit 10001 /* INT64 */	same	6ce12402c6b4eb8f0976957047491b41fcf6436840a281b9a7ad14502445595c	6ce12402c6b4eb8f0976957047491b41fcf6436840a281b9a7ad14502445595c		
03ec0f2b43dd1ad8	query	dynamic:vitess;dynamic:vtgate	update order_line1 set ol_delivery_d = now() where ol_o_id = 235 and ol_d_id = 315 and ol_w_id = 8 /* INT64 */	same	99cadf2aabf25ade2defd6c9047547939765b0d07a7f2ddb7379dccb3c649ce1	99cadf2aabf25ade2defd6c9047547939765b0d07a7f2ddb7379dccb3c649ce1		
0495215b07d93253	query	dynamic:vitess;dynamic:vtgate	select id, count(distinct col) from `user` group by id limit 10001	same	4775be7f963fbb7601f42f8a5f5adc59be48e6eefac99ef308cb9a106a130350	4775be7f963fbb7601f42f8a5f5adc59be48e6eefac99ef308cb9a106a130350		
04d18745792a9118	query	dynamic:vitess;dynamic:vtgate	select distinct a + 1 from `user` limit 10001	same	95e3f52c26cb30a2157b0e76a42496b376dd70a09d8d65a2ce9b85f18c9d3000	95e3f52c26cb30a2157b0e76a42496b376dd70a09d8d65a2ce9b85f18c9d3000		
05186cd45bd12bba	query	dynamic:vitess;dynamic:vtgate	select `user`.id from `user` left join user_extra on `user`.col = user_extra.col where foo(user_extra.foobar) limit 10001	same	ed820fd2fdb55d922b376bb1a0e8869c59579008d174483defc50e9d55ef7029	ed820fd2fdb55d922b376bb1a0e8869c59579008d174483defc50e9d55ef7029		
05320f5545d2478c	query	dynamic:vitess;dynamic:vtgate	select ol_i_id, ol_supply_w_id, ol_quantity, ol_amount, ol_delivery_d from order_line1 where ol_w_id = 92 and ol_d_id = 5 and ol_o_id = 1 limit 10001 /* INT64 */	same	99cadf2aabf25ade2defd6c9047547939765b0d07a7f2ddb7379dccb3c649ce1	99cadf2aabf25ade2defd6c9047547939765b0d07a7f2ddb7379dccb3c649ce1		
0584d7ef88a8cdee	query	dynamic:vitess;dynamic:vtgate	update ignore (select foo, col, bar from `user`) as u, music as m set u.foo = 21, u.bar = 'abc' where u.col = m.col limit 10001	same	b99d771e2278d17872dda10e7c23bbba0698ea9dd422c78b82c9bf375e82586e	b99d771e2278d17872dda10e7c23bbba0698ea9dd422c78b82c9bf375e82586e		
0598de98e6c0e970	query	dynamic:vitess;dynamic:vtgate	with x(id2) as (select id from `user`) select id2 from x limit 10001	same	a34b003213c1dea0d7ddf46a75dceb8c734df0f2531f3c5f64270a3c2419b259	a34b003213c1dea0d7ddf46a75dceb8c734df0f2531f3c5f64270a3c2419b259		
05d5ed6da035624c	query	dynamic:vitess;dynamic:keyspace-vschema	CREATE TABLE `unsharded_auto`\n(\n    `id`   INT NOT NULL PRIMARY KEY,\n    `col1` VARCHAR(255) DEFAULT NULL,\n    `col2` VARCHAR(255) DEFAULT NULL\n)	same	c86cf46a097faa769bb9da422e97d2acd3b690d4474790a9fb11c536dd793b1d	c86cf46a097faa769bb9da422e97d2acd3b690d4474790a9fb11c536dd793b1d	replayed in an empty database: the object exists in the captured schema; volatile on the reference: compared by shape	
05fcdfad170ac3fb	query	dynamic:vitess;dynamic:vtgate	select id from `user` where id in (select col from `user`) limit 10001	same	a9ebc077a1fa73f7d4bcd5f5168ca8e4219309ffae9566026486841448fcf937	a9ebc077a1fa73f7d4bcd5f5168ca8e4219309ffae9566026486841448fcf937		
0602ef40e066a830	query	dynamic:vitess;dynamic:vtgate	select sum(intcol) over w from `user` window w AS (partition by textcol1 order by Id asc) limit 10001	same	5d82bc280163359d8777ba93084bd4767d1cd8aab7239873fd1d0fb7cf5ed7dd	5d82bc280163359d8777ba93084bd4767d1cd8aab7239873fd1d0fb7cf5ed7dd		
060c844cea810299	query	dynamic:vitess;dynamic:vtgate	update user_extra set val = 1 where `name` = 'foo' limit 10001 /* VARCHAR */	same	10aba574287a88a84d8597b32b0181bcb60ec5735eb5b43a7e5e0a83088b845a	10aba574287a88a84d8597b32b0181bcb60ec5735eb5b43a7e5e0a83088b845a		
061a761f974056cb	query	dynamic:vitess;dynamic:vtgate	update unsharded set val = 1 limit 10001 /* INT64 */	same	10aba574287a88a84d8597b32b0181bcb60ec5735eb5b43a7e5e0a83088b845a	10aba574287a88a84d8597b32b0181bcb60ec5735eb5b43a7e5e0a83088b845a		
066604d97296446c	query	dynamic:vitess;dynamic:vtgate	select max((select min(col) from `user` where id = 1)) from dual limit 10001	same	4968d7879339de8ffea3227c68ba1d064cd59bf41e9b3018e3d4f98c4bd1802d	4968d7879339de8ffea3227c68ba1d064cd59bf41e9b3018e3d4f98c4bd1802d		
0679010a40832d3c	query	dynamic:vitess;dynamic:vtgate	select id from t1 group by id having udf_aggr(foo) > 1 and sum(foo) = 10 limit 10001 /* INT64 */	same	10aba574287a88a84d8597b32b0181bcb60ec5735eb5b43a7e5e0a83088b845a	10aba574287a88a84d8597b32b0181bcb60ec5735eb5b43a7e5e0a83088b845a		
068c8f88a7917905	query	dynamic:vitess;dynamic:vtgate	select id, sum(intcol) as sum_val, row_number() over (order by sum_val asc) as rn from `user` where id = 1 group by id having sum(intcol) > 0 limit 10001 /* INT64 */	same	10aba574287a88a84d8597b32b0181bcb60ec5735eb5b43a7e5e0a83088b845a	10aba574287a88a84d8597b32b0181bcb60ec5735eb5b43a7e5e0a83088b845a		
0693c3ad461329d0	query	dynamic:vitess;dynamic:vtgate	select * from `user` where `name` = 'abc' and id = 4 limit 5 /* INT64 */	same	dbbd5ce79dcb2e3b1da74450edf825900a6d7f5c08d9585c23d5d1a2c88c4548	dbbd5ce79dcb2e3b1da74450edf825900a6d7f5c08d9585c23d5d1a2c88c4548		
06993189a3910473	query	dynamic:vitess;dynamic:vtgate	select * from bad_table limit 10001	same	99cadf2aabf25ade2defd6c9047547939765b0d07a7f2ddb7379dccb3c649ce1	99cadf2aabf25ade2defd6c9047547939765b0d07a7f2ddb7379dccb3c649ce1		
069c79b373eba197	query	dynamic:vitess;dynamic:vtgate	select id from unsharded union select id from unsharded_auto union select id from unsharded_auto where id in (132) limit 10001	same	a9ebc077a1fa73f7d4bcd5f5168ca8e4219309ffae9566026486841448fcf937	a9ebc077a1fa73f7d4bcd5f5168ca8e4219309ffae9566026486841448fcf937		
06adb87e0721355f	query	dynamic:vitess;dynamic:vtgate	select textcol1 as t, count(*) as k from `user` group by textcol1 order by textcol1 asc, k asc, textcol1 asc limit 10001	same	a54e5ff9524a7705f951a57cf7702bea081147c081e074982b094f152c9983c7	a54e5ff9524a7705f951a57cf7702bea081147c081e074982b094f152c9983c7		
06ae85852abe2ed4	query	dynamic:vitess;dynamic:vtgate	select foo.col from foo join `user` on foo.id = `user`.id where foo.col = 42 limit 10001 /* INT64 */	same	99cadf2aabf25ade2defd6c9047547939765b0d07a7f2ddb7379dccb3c649ce1	99cadf2aabf25ade2defd6c9047547939765b0d07a7f2ddb7379dccb3c649ce1		
0720665a38ad20df	query	dynamic:vitess;dynamic:movetables;dynamic:reshard	insert into shopper(shopper_id,email) values (1,'alice@domain.com'), (2,'bob@domain.com'), (3,'charlie@domain.com'), (4,'dan@domain.com'), (5,'eve@domain.com')	same	f19f9fb2654ee0ca32230a5549d0c4c1387f339fe99fe0ebcd14cd28bd7dfc7a	f19f9fb2654ee0ca32230a5549d0c4c1387f339fe99fe0ebcd14cd28bd7dfc7a		
073199d26312aded	query	dynamic:vitess;dynamic:vtgate	select id, textcol1, rank() over (partition by id, textcol1 order by col asc) from `user` where id in (1, 2) limit 10001	same	f3b43bc5655c791e782aee63452bc69e1c479103e65731fbbf68b95adf253c78	f3b43bc5655c791e782aee63452bc69e1c479103e65731fbbf68b95adf253c78		
075d854b7a4af1dd	query	dynamic:vitess;dynamic:vtgate	update `user` set `name` = _binary 'abc' where id = 1 limit 10001 /* INT64 */	same	0f444752ba32ebf169f55f78a7bd9ac9f75cd15e3f615ce1f6c156bdefbba6d3	0f444752ba32ebf169f55f78a7bd9ac9f75cd15e3f615ce1f6c156bdefbba6d3		
07d388b9df2dbc56	query	dynamic:vitess;dynamic:vtgate	insert into authoritative values (1, 2, 3)	same	4f73cac56c213100458bcc43d0e31ddac4c170e120f75f92420e4a88b8129d5e	4f73cac56c213100458bcc43d0e31ddac4c170e120f75f92420e4a88b8129d5e		
07f97f543415a835	query	dynamic:vitess;dynamic:vtgate	select count(ue.id) from `user` as u left join user_extra as ue on u.col = ue.col limit 10001	same	63eddcc65ab300254288402e358789a86985d97b0acae97283029afbdaaca18f	63eddcc65ab300254288402e358789a86985d97b0acae97283029afbdaaca18f		
0879be6864231f64	query	dynamic:vitess;dynamic:vtgate	select sum(price) from corder limit 10001	same	99cadf2aabf25ade2defd6c9047547939765b0d07a7f2ddb7379dccb3c649ce1	99cadf2aabf25ade2defd6c9047547939765b0d07a7f2ddb7379dccb3c649ce1		
08e5775aca5af4b8	query	dynamic:vitess;dynamic:vtgate	select a, b, c, count(*) from `user` group by 3, 2, 1 order by 1 desc, 3 desc, b asc limit 10001	same	10aba574287a88a84d8597b32b0181bcb60ec5735eb5b43a7e5e0a83088b845a	10aba574287a88a84d8597b32b0181bcb60ec5735eb5b43a7e5e0a83088b845a		
09f09034ce323b09	query	dynamic:vitess;dynamic:vtgate	select col from `user` where col in (select col2 from `user`) order by rand() limit 10001	same	db6eafe6e00c4eca41cb4f828cab78210badd351516bf7feeec9b582b870f952	db6eafe6e00c4eca41cb4f828cab78210badd351516bf7feeec9b582b870f952		
0a017365ba191604	query	dynamic:vitess;dynamic:vtgate	select t.title, `user`.col from (select 'hello' as title from dual) as t left join `user` on `user`.id <= 4 and t.title = `user`.col limit 10001	same	9d7b2db2796c26a7b54d06f7faa3dc44ba8d021a20fb96904a8c51a28557e68d	9d7b2db2796c26a7b54d06f7faa3dc44ba8d021a20fb96904a8c51a28557e68d		
0a1d02693b313995	query	dynamic:vitess;dynamic:vtgate	select 0 from `user` as u join user_extra as s on u.id = s.user_id join music as m on m.user_id = u.id and (s.foo or m.bar) limit 10001	same	10aba574287a88a84d8597b32b0181bcb60ec5735eb5b43a7e5e0a83088b845a	10aba574287a88a84d8597b32b0181bcb60ec5735eb5b43a7e5e0a83088b845a		
0a5937daa9fe6e49	query	dynamic:vitess;dynamic:vtgate	update unsharded set col = (select id from unsharded_a where id = unsharded.col) where col = (select id from unsharded_b) limit 10001	same	0f444752ba32ebf169f55f78a7bd9ac9f75cd15e3f615ce1f6c156bdefbba6d3	0f444752ba32ebf169f55f78a7bd9ac9f75cd15e3f615ce1f6c156bdefbba6d3		
0a601c8667d00a10	query	dynamic:vitess;dynamic:vtgate	select `name` as t0, `name` as t1 from `user` left join user_extra on `user`.cola = user_extra.cola limit 10001	same	10aba574287a88a84d8597b32b0181bcb60ec5735eb5b43a7e5e0a83088b845a	10aba574287a88a84d8597b32b0181bcb60ec5735eb5b43a7e5e0a83088b845a		
0a76d4133d61bf3a	query	dynamic:vitess;dynamic:vtgate	select `user`.col from `user` join user_extra limit 1 /* INT64 */	same	db6eafe6e00c4eca41cb4f828cab78210badd351516bf7feeec9b582b870f952	db6eafe6e00c4eca41cb4f828cab78210badd351516bf7feeec9b582b870f952		
0ad351123b7cb32f	query	dynamic:vitess;dynamic:vtgate	select id from (select `user`.id, `user`.col from `user` join user_extra) as t order by id asc limit 10001	same	a9ebc077a1fa73f7d4bcd5f5168ca8e4219309ffae9566026486841448fcf937	a9ebc077a1fa73f7d4bcd5f5168ca8e4219309ffae9566026486841448fcf937		
0b58683d0b19854d	query	dynamic:vitess;dynamic:vtgate	select a.* from authoritative as a limit 10001	same	63fd3808f9f067698f0a0793540560001b448038244427a7faab1e3b55dc7fa2	63fd3808f9f067698f0a0793540560001b448038244427a7faab1e3b55dc7fa2		
0bcacc6256914f72	query	dynamic:vitess;dynamic:vtgate	select lead(intcol, 1, 0) over (order by Id asc) from `user` limit 10001	same	51ba82fc776a5e2a408df2195064a042aa292a545ad3b50c22322e0f40474c59	51ba82fc776a5e2a408df2195064a042aa292a545ad3b50c22322e0f40474c59		
0bde1d5b4e54c621	query	dynamic:vitess;dynamic:vtgate	select `user`.col1 as a, `user`.col2, music.col3 from `user` join music on `user`.id = music.id where `user`.id = 1 order by null limit 10001	same	10aba574287a88a84d8597b32b0181bcb60ec5735eb5b43a7e5e0a83088b845a	10aba574287a88a84d8597b32b0181bcb60ec5735eb5b43a7e5e0a83088b845a		
0c04c5b33f581633	query	dynamic:vitess;dynamic:vtgate	select t.id from (select `user`.id, `user`.col1 from `user` join user_extra on user_extra.col = `user`.col) as t limit 10001	same	a9ebc077a1fa73f7d4bcd5f5168ca8e4219309ffae9566026486841448fcf937	a9ebc077a1fa73f7d4bcd5f5168ca8e4219309ffae9566026486841448fcf937		
0c05472f5dc18519	query	dynamic:vitess;dynamic:vtgate	select id from music where user_id = 4 and id not in (null, 1, 2) limit 10001	same	a9ebc077a1fa73f7d4bcd5f5168ca8e4219309ffae9566026486841448fcf937	a9ebc077a1fa73f7d4bcd5f5168ca8e4219309ffae9566026486841448fcf937		
0c7a18128ada2087	query	dynamic:vitess;dynamic:vtgate	select t.col1 from unsharded_a as ua join (select `user`.id, `user`.col1 from `user` join user_extra) as t limit 10001	same	4fc686edf10f246477a969a4c12a0dfbd59b56bcfc93b7f3dc0a5b7d688d16da	4fc686edf10f246477a969a4c12a0dfbd59b56bcfc93b7f3dc0a5b7d688d16da		
0c9320672522f5b4	query	dynamic:vitess;dynamic:vtgate	insert into music(user_id, id) values (1, 2) on duplicate key update user_id = values(user_id)	same	64afee04d600515ae6837dc6f8e147265f7279cfbd18da58532053e1faee3c3e	64afee04d600515ae6837dc6f8e147265f7279cfbd18da58532053e1faee3c3e		
0ce1aba6dcf2158c	query	dynamic:vitess;dynamic:vtgate	insert into `user`(id) values (1, 2)	same	3ba5e2754f11856e1031977c739257530518b07b0d0035bfccd1be03087b3abe	3ba5e2754f11856e1031977c739257530518b07b0d0035bfccd1be03087b3abe		
0d3b5820331e9198	query	dynamic:vitess;dynamic:vtgate	select id2 from (select id from `user`) as x(id2) limit 10001	same	a34b003213c1dea0d7ddf46a75dceb8c734df0f2531f3c5f64270a3c2419b259	a34b003213c1dea0d7ddf46a75dceb8c734df0f2531f3c5f64270a3c2419b259		
0d574c5a763b7db6	query	dynamic:vitess;dynamic:vtgate	select id from `user` where id in (select col from unsharded where col = id) limit 10001	same	a9ebc077a1fa73f7d4bcd5f5168ca8e4219309ffae9566026486841448fcf937	a9ebc077a1fa73f7d4bcd5f5168ca8e4219309ffae9566026486841448fcf937		
0d801954c7c7d2df	query	dynamic:vitess;dynamic:vtgate	insert into unsharded select id from unsharded join unsharded_auto	same	e0eb28784c58ece04f8d7c2a9e09e9b393fd48d09cb4d91f851970f0f48b4be8	e0eb28784c58ece04f8d7c2a9e09e9b393fd48d09cb4d91f851970f0f48b4be8		
0d8d4a229620931c	query	dynamic:vitess;dynamic:vtgate	select predef1, row_number() over (partition by predef1 order by predef1 asc) as rn from unsharded union all select predef1, row_number() over (partition by predef1 order by predef1 asc) as rn from unsharded limit 10001	same	10aba574287a88a84d8597b32b0181bcb60ec5735eb5b43a7e5e0a83088b845a	10aba574287a88a84d8597b32b0181bcb60ec5735eb5b43a7e5e0a83088b845a		
0d95b0d7a3bb344c	query	dynamic:vitess;dynamic:vtgate	select count(*), count(*), count(u.col) from `user` as u, `user` as u2, user_extra as ue limit 10001	same	2755ffc0d2ecfc79475410bdeaab699507f52ab65d4f143002254a0daeae6054	2755ffc0d2ecfc79475410bdeaab699507f52ab65d4f143002254a0daeae6054		
0da8abfc4a27f0b5	query	dynamic:vitess;dynamic:vtgate	insert into user_extra(id, user_id) select null, id from `user`	same	0f444752ba32ebf169f55f78a7bd9ac9f75cd15e3f615ce1f6c156bdefbba6d3	0f444752ba32ebf169f55f78a7bd9ac9f75cd15e3f615ce1f6c156bdefbba6d3		
0e6d67020daa6029	query	dynamic:vitess;dynamic:vtgate	select t.id from (select id from `user` where id = 5) as t join user_extra on t.id = user_extra.user_id limit 10001	same	a9ebc077a1fa73f7d4bcd5f5168ca8e4219309ffae9566026486841448fcf937	a9ebc077a1fa73f7d4bcd5f5168ca8e4219309ffae9566026486841448fcf937		
0ebe6dea864e50ff	query	dynamic:vitess;dynamic:vtgate	update user_metadata set email = 'a', email = 'b' where user_id = 1 limit 10001 /* INT64 */	same	0f444752ba32ebf169f55f78a7bd9ac9f75cd15e3f615ce1f6c156bdefbba6d3	0f444752ba32ebf169f55f78a7bd9ac9f75cd15e3f615ce1f6c156bdefbba6d3		
0edf2670f5f66284	query	dynamic:vitess;dynamic:vtgate	select jcol, json_storage_size(jcol), json_storage_free(jcol), json_pretty(jcol) from `user` limit 10001	same	10aba574287a88a84d8597b32b0181bcb60ec5735eb5b43a7e5e0a83088b845a	10aba574287a88a84d8597b32b0181bcb60ec5735eb5b43a7e5e0a83088b845a		
0f043b18bbb727c2	query	dynamic:vitess;dynamic:vtgate	select u.m from user_extra join `user` as u where u.id in (select m2 from `user` where `user`.id = u.id and user_extra.col = `user`.col and `user`.id in (select m3 from user_extra where user_extra.user_id = `user`.id)) and u.id in (user_extra.col, 1) limit 10001	same	10aba574287a88a84d8597b32b0181bcb60ec5735eb5b43a7e5e0a83088b845a	10aba574287a88a84d8597b32b0181bcb60ec5735eb5b43a7e5e0a83088b845a		
0f1c733357b4f1a2	query	dynamic:vitess;dynamic:vtgate	select id, intcol, row_number() over (partition by id order by intcol asc) as rn from `user` where id = 1 union all select id, intcol, row_number() over (partition by id order by intcol asc) as rn from `user` where id = 2 limit 10001 /* INT64 */	same	482996216e7de103ee64bcdc26f4d25ca2dcaf55a348e4e73719467b6e4848d2	482996216e7de103ee64bcdc26f4d25ca2dcaf55a348e4e73719467b6e4848d2		
0f5706f38bad9696	query	dynamic:vitess;dynamic:vtgate	select max((select min(col) from `user` where id = 1)) from `user` where id = 2 limit 10001 /* INT64 */	same	4968d7879339de8ffea3227c68ba1d064cd59bf41e9b3018e3d4f98c4bd1802d	4968d7879339de8ffea3227c68ba1d064cd59bf41e9b3018e3d4f98c4bd1802d		
0fbae2c141e44b95	query	dynamic:vitess;dynamic:vtgate	select unsharded_a.col from unsharded_a join unsharded_b on unsharded_a.col + (select col from `user`) limit 10001	same	db6eafe6e00c4eca41cb4f828cab78210badd351516bf7feeec9b582b870f952	db6eafe6e00c4eca41cb4f828cab78210badd351516bf7feeec9b582b870f952		
0fbeba40a4261368	query	dynamic:vitess;dynamic:vtgate	select `user`.col, min(user_extra.foo), `user`.bar, max(user_extra.bar) from `user` join user_extra on `user`.col = user_extra.bar group by `user`.col, `user`.bar limit 10001	same	10aba574287a88a84d8597b32b0181bcb60ec5735eb5b43a7e5e0a83088b845a	10aba574287a88a84d8597b32b0181bcb60ec5735eb5b43a7e5e0a83088b845a		
0ff759a3a2d28594	query	dynamic:vitess;dynamic:vtgate	select u.col from (select `user`.col from `user` join user_extra) as u join user_extra as ue limit 1 /* INT64 */	same	db6eafe6e00c4eca41cb4f828cab78210badd351516bf7feeec9b582b870f952	db6eafe6e00c4eca41cb4f828cab78210badd351516bf7feeec9b582b870f952		
0fff1b19bc3699c4	query	dynamic:vitess;dynamic:vtgate	select d.a from music join (select id, count(*) as a from `user`) as d on music.user_id = d.id group by 1 limit 10001	same	35cebba4ba02f6d676538583ecfd3c5774493da092df7b760888127b011af817	35cebba4ba02f6d676538583ecfd3c5774493da092df7b760888127b011af817		
10b2dfaee1943e57	query	dynamic:vitess;dynamic:vtgate	select id from (select id from `user` group by id having count(`user`.id) = 2 limit 0, 2) as subquery_for_limit limit 10001	same	a9ebc077a1fa73f7d4bcd5f5168ca8e4219309ffae9566026486841448fcf937	a9ebc077a1fa73f7d4bcd5f5168ca8e4219309ffae9566026486841448fcf937		
10bd6cba832a4d93	query	dynamic:vitess;dynamic:vtgate	select col, count(*) from `user` group by col order by c1 asc limit 10001	same	10aba574287a88a84d8597b32b0181bcb60ec5735eb5b43a7e5e0a83088b845a	10aba574287a88a84d8597b32b0181bcb60ec5735eb5b43a7e5e0a83088b845a		
11bbc60ebe0c921a	query	dynamic:vitess;dynamic:vtgate	select `user`.id, a.*, `user`.col1 from authoritative as a join `user` on a.user_id = `user`.id limit 10001	same	087f64bae470381285356e33496e240294e7f75d4fdd2930a488b42cb8f492d8	087f64bae470381285356e33496e240294e7f75d4fdd2930a488b42cb8f492d8		
11c7977732797add	query	dynamic:vitess;dynamic:keyspace-vschema;dynamic:movetables;dynamic:onlineddl	SELECT `colb`, `colc`, `keyspace_id` FROM `vt_commerce`.`colb_colc_map` WHERE 1 != 1	same	404a361f436807f38cb2140a66c2a610910869ddef000ba21637ee45dd48a1a1	404a361f436807f38cb2140a66c2a610910869ddef000ba21637ee45dd48a1a1		
122cdebd6897fc9b	query	dynamic:vitess;dynamic:keyspace-vschema	CREATE TABLE unq_binary_idx\n(\n    id   INT PRIMARY KEY,\n    col1 INT\n)	same	c86cf46a097faa769bb9da422e97d2acd3b690d4474790a9fb11c536dd793b1d	c86cf46a097faa769bb9da422e97d2acd3b690d4474790a9fb11c536dd793b1d	replayed in an empty database: the object exists in the captured schema; volatile on the reference: compared by shape	
123123b7ceebc20e	query	dynamic:vitess;dynamic:keyspace-vschema;dynamic:movetables;dynamic:onlineddl	SELECT `cola`, `colb`, `colc`, `name` FROM `vt_commerce`.`multicol_tbl` WHERE 1 != 1	same	d03d99ce2dc026281aa99ec0faf68505d0480f9543e1d1d5ca18ccdf78935e88	d03d99ce2dc026281aa99ec0faf68505d0480f9543e1d1d5ca18ccdf78935e88		
1256337fc10c82ef	query	dynamic:vitess;dynamic:vtgate	select a.textcol1 from `user` as a join `user` as b where a.textcol1 = b.textcol2 group by a.textcol1 having repeat(a.textcol1, sum(a.id)) like 'And%res' limit 10001 /* VARCHAR */	same	f8e34b376810b2588de1428b1fcc34afc8d0a3668ab74a57b622f768b2ee7283	f8e34b376810b2588de1428b1fcc34afc8d0a3668ab74a57b622f768b2ee7283		
1275fab9f2067242	query	dynamic:vitess;dynamic:keyspace-vschema	CREATE TABLE samecolvin\n(\n    col VARCHAR(255),\n    PRIMARY KEY (col)\n)	same	c86cf46a097faa769bb9da422e97d2acd3b690d4474790a9fb11c536dd793b1d	c86cf46a097faa769bb9da422e97d2acd3b690d4474790a9fb11c536dd793b1d	replayed in an empty database: the object exists in the captured schema; volatile on the reference: compared by shape	
12c5a4c451554a5b	query	dynamic:vitess;dynamic:vtgate	select sum(intcol) over () from `user` limit 10001	same	6d8020478a13a3543dd9fa8ced1a796db6d83391270218e755c4195b5f049af7	6d8020478a13a3543dd9fa8ced1a796db6d83391270218e755c4195b5f049af7		
12ca1257554d34ad	query	dynamic:vitess;dynamic:vtgate	insert ignore into `user`(id) values (1)	same	4f73cac56c213100458bcc43d0e31ddac4c170e120f75f92420e4a88b8129d5e	4f73cac56c213100458bcc43d0e31ddac4c170e120f75f92420e4a88b8129d5e		
12ccb72bde4696d1	query	dynamic:vitess;dynamic:vtgate	select count(*) from (select 1 as one from `user` where `user`.is_not_deleted = true order by id desc limit 0, 25) as subquery_for_count limit 10001	same	10aba574287a88a84d8597b32b0181bcb60ec5735eb5b43a7e5e0a83088b845a	10aba574287a88a84d8597b32b0181bcb60ec5735eb5b43a7e5e0a83088b845a		
12ea49158854d91f	query	dynamic:vitess;dynamic:vtgate	select * from (select `user`.id, user_extra.id from `user` join user_extra) as t limit 10001	same	99cadf2aabf25ade2defd6c9047547939765b0d07a7f2ddb7379dccb3c649ce1	99cadf2aabf25ade2defd6c9047547939765b0d07a7f2ddb7379dccb3c649ce1	replayed in an empty database: the object exists in the captured schema	
130986398daa8d3b	query	dynamic:vitess;dynamic:keyspace-vschema;dynamic:movetables;dynamic:onlineddl	SELECT `id`, `col`, `col1`, `col2`, `name`, `baz` FROM `vt_commerce`.`unsharded` WHERE 1 != 1	same	c38c9187004ce56059a5cbae0c91d55c359122b244840bb511cdedfdb676c2dd	c38c9187004ce56059a5cbae0c91d55c359122b244840bb511cdedfdb676c2dd		
136e1351ae9c91d8	query	dynamic:vitess;dynamic:vtgate	select `user`.col, user_metadata.user_id from `user` join user_extra on `user`.col = user_extra.col join user_metadata on user_extra.user_id = user_metadata.user_id where `user`.textcol1 = 'alice@gmail.com' limit 10001 /* VARCHAR */	same	c74f71a4e14ae850bbdbf4d3d9aae5bbb7f6d956aa96c0435431f3b155625957	c74f71a4e14ae850bbdbf4d3d9aae5bbb7f6d956aa96c0435431f3b155625957		
1371e70c0d535e60	query	dynamic:vitess;dynamic:vtgate	select `found` from (select id as `found` from `user` union all select id from unsharded) as t limit 10001	same	2dd603b3b19cf4331cb8875d9aefe690c3b52e15ef93008a383f33d1be4a312f	2dd603b3b19cf4331cb8875d9aefe690c3b52e15ef93008a383f33d1be4a312f		
1380d2cfa0e8fe47	query	dynamic:vitess;dynamic:vtgate	select 1 from `user` as u join user_extra as ue on u.id = ue.user_id join source_of_ref as sr on sr.foo = ue.foo join rerouted_ref as rr on rr.bar = sr.bar limit 10001	same	10aba574287a88a84d8597b32b0181bcb60ec5735eb5b43a7e5e0a83088b845a	10aba574287a88a84d8597b32b0181bcb60ec5735eb5b43a7e5e0a83088b845a		
13c909ec34a99bc3	query	dynamic:vitess;dynamic:vtgate	select avg(foo), count(foo) from `user` limit 10001	same	bbc3500445e94eac4c369bc27699ddd4a34fd5d09b8483239d5b4e1944ceabaa	bbc3500445e94eac4c369bc27699ddd4a34fd5d09b8483239d5b4e1944ceabaa		
13f205c147a4fcbf	query	dynamic:vitess;dynamic:vtgate	with t as (select id from `user` where id = 5) select t.id from user_extra join t on t.id = user_extra.user_id limit 10001	same	a9ebc077a1fa73f7d4bcd5f5168ca8e4219309ffae9566026486841448fcf937	a9ebc077a1fa73f7d4bcd5f5168ca8e4219309ffae9566026486841448fcf937		
13f2c6df610bf59d	query	dynamic:vitess;dynamic:vtgate	update `user` set `name` = null where id in (1, 2, 3) limit 10001	same	0f444752ba32ebf169f55f78a7bd9ac9f75cd15e3f615ce1f6c156bdefbba6d3	0f444752ba32ebf169f55f78a7bd9ac9f75cd15e3f615ce1f6c156bdefbba6d3		
14763af2f26fc5df	query	dynamic:vitess;dynamic:vtgate	select `user`.col from `user` use index (a) limit 10001	same	c9d85a5574cc49961bee84d7ab117827ad42854e6167423aaac35d98d809a426	c9d85a5574cc49961bee84d7ab117827ad42854e6167423aaac35d98d809a426		
14802e82afa09fe8	query	dynamic:vitess;dynamic:vtgate	select nth_value(textcol1, 2) over (order by Id asc) from `user` limit 10001	same	954b1f6a482df70182491e829d0839735c23968ce9e0e100cbe2622e645278f1	954b1f6a482df70182491e829d0839735c23968ce9e0e100cbe2622e645278f1		
14822a508be6ef5c	query	dynamic:vitess;dynamic:vtgate	update warehouse1 set w_ytd = w_ytd + 946879 where w_id = 3 /* INT64 */	same	99cadf2aabf25ade2defd6c9047547939765b0d07a7f2ddb7379dccb3c649ce1	99cadf2aabf25ade2defd6c9047547939765b0d07a7f2ddb7379dccb3c649ce1		
14bde2b0cc76103b	query	dynamic:vitess;dynamic:vtgate	select count(id), num from `user` group by 2 order by 1 asc limit 10001	same	10aba574287a88a84d8597b32b0181bcb60ec5735eb5b43a7e5e0a83088b845a	10aba574287a88a84d8597b32b0181bcb60ec5735eb5b43a7e5e0a83088b845a		
14f96b4c326209ee	query	dynamic:vitess;dynamic:vtgate	select music.id from music join (select max(id) as maxt from music where music.user_id = 5 and music.col not in (select col from `user` where `user`.id = 5)) as other on other.maxt = music.id limit 10001	same	a9ebc077a1fa73f7d4bcd5f5168ca8e4219309ffae9566026486841448fcf937	a9ebc077a1fa73f7d4bcd5f5168ca8e4219309ffae9566026486841448fcf937		
150e561f80c4806b	query	dynamic:vitess;dynamic:vtgate	update `user` set `name` = null limit 10001	same	0f444752ba32ebf169f55f78a7bd9ac9f75cd15e3f615ce1f6c156bdefbba6d3	0f444752ba32ebf169f55f78a7bd9ac9f75cd15e3f615ce1f6c156bdefbba6d3		
15557ef5481c28e3	query	dynamic:vitess;dynamic:vtgate	insert into ambiguous_ref_with_source(col) values (1)	same	99cadf2aabf25ade2defd6c9047547939765b0d07a7f2ddb7379dccb3c649ce1	99cadf2aabf25ade2defd6c9047547939765b0d07a7f2ddb7379dccb3c649ce1		
15676dec976d53f0	query	dynamic:vitess;dynamic:vtgate	select 1 from `user` having count(id) = 10 and `name` = 'a' limit 10001 /* VARCHAR */	same	10aba574287a88a84d8597b32b0181bcb60ec5735eb5b43a7e5e0a83088b845a	10aba574287a88a84d8597b32b0181bcb60ec5735eb5b43a7e5e0a83088b845a		
15fcf85a38e540ef	query	dynamic:vitess;dynamic:vtgate	select distinct `user`.id, `user`.col from `user` where `user`.col in (select id from music where col2 = 'a') limit 10001	same	819459d7f055db99a46dbad539b7c66e07f3f7fad16c181c63414e700853a401	819459d7f055db99a46dbad539b7c66e07f3f7fad16c181c63414e700853a401		
16dc88d1fae89a68	query	dynamic:vitess;dynamic:vtgate	select distinct lag(col, 1) over (partition by Id order by col asc) as prev_col from `user` where Id in (1, 2, 3) limit 10001	same	8de7112b604881efb7e9704ab6bde2be9458ef67bfd9f3aea6b0c87d9984e978	8de7112b604881efb7e9704ab6bde2be9458ef67bfd9f3aea6b0c87d9984e978		
16f0b7d8d171719e	query	dynamic:vitess;dynamic:vtgate	delete from unsharded where col = (select id from unsharded join `user` on unsharded.id = `user`.id) limit 10001	same	e0eb28784c58ece04f8d7c2a9e09e9b393fd48d09cb4d91f851970f0f48b4be8	e0eb28784c58ece04f8d7c2a9e09e9b393fd48d09cb4d91f851970f0f48b4be8		
1736b67d69e2b57f	query	dynamic:vitess;dynamic:vtgate	with recursive hierarchy as (select id, `name`, manager_id from `user` union all select id, `name`, manager_id from `user` union select id * 2, `name`, manager_id from hierarchy where id < 10) select * from hierarchy limit 10001	same	10aba574287a88a84d8597b32b0181bcb60ec5735eb5b43a7e5e0a83088b845a	10aba574287a88a84d8597b32b0181bcb60ec5735eb5b43a7e5e0a83088b845a		
17567b746d74385d	query	dynamic:vitess;dynamic:vtgate	select id from music where user_id = 4 and id in (null) limit 10001	same	a9ebc077a1fa73f7d4bcd5f5168ca8e4219309ffae9566026486841448fcf937	a9ebc077a1fa73f7d4bcd5f5168ca8e4219309ffae9566026486841448fcf937		
17bb07f8b1b23117	query	dynamic:vitess;dynamic:vtgate	select id, intcol, rank() over (partition by id order by intcol asc) as rnk from `user` where id between 1 and 10 limit 10001 /* INT64 */	same	6d359accdf013303ac4dfb018deeffa6ea75ec283168e6a19882e3fc75df1608	6d359accdf013303ac4dfb018deeffa6ea75ec283168e6a19882e3fc75df1608		
1881cce1dd1e7777	query	dynamic:vitess;dynamic:keyspace-vschema;dynamic:movetables;dynamic:onlineddl	SELECT `c1`, `c2`, `c3` FROM `vt_commerce`.`t1` WHERE 1 != 1	same	7f8b036c92577a1ccc5695d0e5cb6dbd38b71f3fdac9c56c15cd86221ba66da8	7f8b036c92577a1ccc5695d0e5cb6dbd38b71f3fdac9c56c15cd86221ba66da8		
188d6f25ca37a8de	query	dynamic:vitess;dynamic:keyspace-vschema;dynamic:movetables;dynamic:onlineddl	SELECT `c1`, `c2` FROM `vt_commerce`.`cfc_vindex_col` WHERE 1 != 1	same	1169b88f6a5228731d998753155375627cacd7fc539886240d893289a5e77e56	1169b88f6a5228731d998753155375627cacd7fc539886240d893289a5e77e56		
18b63c8a2ee1c323	query	dynamic:vitess;dynamic:keyspace-vschema	CREATE TABLE name_user_map\n(\n    name        VARCHAR(255),\n    keyspace_id VARCHAR(255)\n)	same	c86cf46a097faa769bb9da422e97d2acd3b690d4474790a9fb11c536dd793b1d	c86cf46a097faa769bb9da422e97d2acd3b690d4474790a9fb11c536dd793b1d	replayed in an empty database: the object exists in the captured schema; volatile on the reference: compared by shape	
18eae97cd4b22e52	query	dynamic:vitess;dynamic:vtgate	select sql_calc_found_rows * from music where user_id = 1 limit 2 /* INT64 */	same	ca6d4cb067b7ec922e6d8ce58cb67a3a5d853e94135f72c0f8bcf84831d8b127	ca6d4cb067b7ec922e6d8ce58cb67a3a5d853e94135f72c0f8bcf84831d8b127		
190639454e2e521d	query	dynamic:vitess;dynamic:vtgate	select * from multicol_tbl where colb = 2 and cola = 1 limit 10001 /* INT64 */	same	d03d99ce2dc026281aa99ec0faf68505d0480f9543e1d1d5ca18ccdf78935e88	d03d99ce2dc026281aa99ec0faf68505d0480f9543e1d1d5ca18ccdf78935e88		
195b52f9d25542be	query	dynamic:vitess;dynamic:vtgate	select s.oid, s.col1, se.colb from sales as s join sales_extra as se on s.col1 = se.cola where s.oid between se.`start` and se.`end` limit 10001	same	b902e1ca6bd2d190685cc046b26d4b91923000ecbf12ab4fb278ce9eae9f457d	b902e1ca6bd2d190685cc046b26d4b91923000ecbf12ab4fb278ce9eae9f457d		
19e488826da03cdb	query	dynamic:vitess;dynamic:vtgate	select `user`.id, trim(leading 'x' from `user`.`name`) from `user` limit 10001	same	0dc3cd4d1f440bc248a2c09e965583531eaa7fac9d0a86ae81b192b833255f58	0dc3cd4d1f440bc248a2c09e965583531eaa7fac9d0a86ae81b192b833255f58		
1a473c67b8c83c9b	query	dynamic:vitess;dynamic:keyspace-vschema;dynamic:movetables	SELECT `shopper_id`, `email` FROM `vt_commerce`.`shopper` WHERE 1 != 1	same	99cadf2aabf25ade2defd6c9047547939765b0d07a7f2ddb7379dccb3c649ce1	99cadf2aabf25ade2defd6c9047547939765b0d07a7f2ddb7379dccb3c649ce1		
1a5ce12a5deeeb38	query	dynamic:vitess;dynamic:vtgate	select distinct first_value(col) over (partition by Id order by col desc) as fv, Id from `user` where Id in (1, 2, 3) order by Id asc limit 5 /* INT64 */	same	4971da628c251878e3676b46f7c782536153f7d16bd43962facc77a3a5f04ec5	4971da628c251878e3676b46f7c782536153f7d16bd43962facc77a3a5f04ec5		
1accb1d820fa635d	query	dynamic:vitess;dynamic:vtgate	select sum(predef1) over (partition by predef1) from unsharded limit 10001	same	10aba574287a88a84d8597b32b0181bcb60ec5735eb5b43a7e5e0a83088b845a	10aba574287a88a84d8597b32b0181bcb60ec5735eb5b43a7e5e0a83088b845a		
1af880a9e6b332ba	query	dynamic:vitess;dynamic:vtgate	select l_orderkey, sum(l_extendedprice * (1 - l_discount)) as revenue, o_orderdate, o_shippriority from customer, orders, lineitem where c_mktsegment = 'BUILDING' and c_custkey = o_custkey and l_orderkey = o_orderkey and o_orderdate < date('1995-03-15') and l_shipdate > date('1995-03-15') group by l_orderkey, o_orderdate, o_shippriority order by revenue desc, o_orderdate asc limit 10 /* INT64 */	same	99cadf2aabf25ade2defd6c9047547939765b0d07a7f2ddb7379dccb3c649ce1	99cadf2aabf25ade2defd6c9047547939765b0d07a7f2ddb7379dccb3c649ce1		
1b4e0e9e83a0f0b4	query	dynamic:vitess;dynamic:vtgate	select music.id from music left join `user` on music.user_id = `user`.id where music.user_id = 5 and (`user`.`name` = 'Trent Reznor' or music.genre = 'pop') limit 10001	same	a9ebc077a1fa73f7d4bcd5f5168ca8e4219309ffae9566026486841448fcf937	a9ebc077a1fa73f7d4bcd5f5168ca8e4219309ffae9566026486841448fcf937		
1b8dab49ce26b9a5	query	dynamic:vitess;dynamic:vtgate	update unsharded_a as a join unsharded_b as b on a.id = b.id set a.val = 'foo' where b.val = 1 /* INT64 */	same	10aba574287a88a84d8597b32b0181bcb60ec5735eb5b43a7e5e0a83088b845a	10aba574287a88a84d8597b32b0181bcb60ec5735eb5b43a7e5e0a83088b845a		
1bb2980a341643ec	query	dynamic:vitess;dynamic:vtgate	delete from unsharded_a where a = (select a from route2) limit 10001	same	99cadf2aabf25ade2defd6c9047547939765b0d07a7f2ddb7379dccb3c649ce1	99cadf2aabf25ade2defd6c9047547939765b0d07a7f2ddb7379dccb3c649ce1		
1c8b28283e3a48a6	query	dynamic:vitess;dynamic:vtgate	select t.title, `user`.col from (select 'hello' as title from dual) as t left join `user` on `user`.id <= 4 limit 10001 /* INT64 */	same	9d7b2db2796c26a7b54d06f7faa3dc44ba8d021a20fb96904a8c51a28557e68d	9d7b2db2796c26a7b54d06f7faa3dc44ba8d021a20fb96904a8c51a28557e68d		
1d3673600d0e8088	query	dynamic:vitess;dynamic:vtgate	update `user` set val = 1 where `name` = 'foo' or id = 1 limit 1 /* INT64 */	same	10aba574287a88a84d8597b32b0181bcb60ec5735eb5b43a7e5e0a83088b845a	10aba574287a88a84d8597b32b0181bcb60ec5735eb5b43a7e5e0a83088b845a		
1d53164f9cdeebb1	query	dynamic:vitess;dynamic:vtgate	select `user`.id from `user`, user_extra group by `user`.id limit 10001	same	a9ebc077a1fa73f7d4bcd5f5168ca8e4219309ffae9566026486841448fcf937	a9ebc077a1fa73f7d4bcd5f5168ca8e4219309ffae9566026486841448fcf937		
1d58954f9e9b64a2	query	dynamic:vitess;dynamic:vtgate	select count(*) as a, col2 from `user` group by col2 having a = 1.00 limit 10001 /* DECIMAL(3,2) */	same	122c7a67530a0e55462484a18be84d199bc25db71c9eef1271890b9e6fa7d972	122c7a67530a0e55462484a18be84d199bc25db71c9eef1271890b9e6fa7d972		
1dc28543f43182ef	query	dynamic:vitess;dynamic:vtgate	select rank() over (order by col asc) from `user` where Id = 1 limit 5 /* INT64 */	same	7478744df53bad74a63ce2494cc4c246d22c30155c737d94a9192cc699621f06	7478744df53bad74a63ce2494cc4c246d22c30155c737d94a9192cc699621f06		
1e2dc41233d9bd6a	query	dynamic:vitess;dynamic:keyspace-vschema;dynamic:movetables;dynamic:onlineddl	SELECT `id`, `email`, `phone` FROM `vt_commerce`.`customer` WHERE 1 != 1	same	6ce12402c6b4eb8f0976957047491b41fcf6436840a281b9a7ad14502445595c	6ce12402c6b4eb8f0976957047491b41fcf6436840a281b9a7ad14502445595c		
1e304dd04d912a37	query	dynamic:vitess;dynamic:vtgate	select col, val, id from `user` group by col, val, id, id, val, col limit 10001	same	10aba574287a88a84d8597b32b0181bcb60ec5735eb5b43a7e5e0a83088b845a	10aba574287a88a84d8597b32b0181bcb60ec5735eb5b43a7e5e0a83088b845a		
1e3e45748aabffd4	query	dynamic:vitess;dynamic:vtgate	select c.`column_name` from `user` as c join (select `table_name` from unsharded limit 1) as `tables` on `tables`.`table_name` = c.`table_name` limit 10001	same	10aba574287a88a84d8597b32b0181bcb60ec5735eb5b43a7e5e0a83088b845a	10aba574287a88a84d8597b32b0181bcb60ec5735eb5b43a7e5e0a83088b845a		
1e3f8244a6dbda92	query	dynamic:vitess;dynamic:vtgate	select * from customer where email = 'a@mail.com' and phone = 123456 limit 10001 /* INT64 */	same	6ce12402c6b4eb8f0976957047491b41fcf6436840a281b9a7ad14502445595c	6ce12402c6b4eb8f0976957047491b41fcf6436840a281b9a7ad14502445595c		
1e79b972241035fd	query	dynamic:vitess;dynamic:vtgate	select id from music where user_id = 4 and id = null limit 10001	same	a9ebc077a1fa73f7d4bcd5f5168ca8e4219309ffae9566026486841448fcf937	a9ebc077a1fa73f7d4bcd5f5168ca8e4219309ffae9566026486841448fcf937		
1edc8b18130bb88a	query	dynamic:vitess;dynamic:vtgate	delete u, m from `user` as u, music as m where u.col = m.col and u.foo = m.bar and u.baz = 12 and m.baz = 21 /* INT64 */	same	10aba574287a88a84d8597b32b0181bcb60ec5735eb5b43a7e5e0a83088b845a	10aba574287a88a84d8597b32b0181bcb60ec5735eb5b43a7e5e0a83088b845a		
1f0be12d78fe4479	query	dynamic:vitess;dynamic:vtgate	select keyspace_id from user_index where id = 1 and id = 2 limit 10001 /* INT64 */	same	99cadf2aabf25ade2defd6c9047547939765b0d07a7f2ddb7379dccb3c649ce1	99cadf2aabf25ade2defd6c9047547939765b0d07a7f2ddb7379dccb3c649ce1		
1f1cc74ba145eef0	query	dynamic:vitess;dynamic:keyspace-vschema	CREATE TABLE sales_extra\n(\n    colx  INT PRIMARY KEY,\n    cola  VARCHAR(255),\n    colb  VARCHAR(255),\n    start INT,\n    end   INT\n)	same	c86cf46a097faa769bb9da422e97d2acd3b690d4474790a9fb11c536dd793b1d	c86cf46a097faa769bb9da422e97d2acd3b690d4474790a9fb11c536dd793b1d	replayed in an empty database: the object exists in the captured schema; volatile on the reference: compared by shape	
1f2e33cc76f774f6	query	dynamic:vitess;dynamic:vtgate	select bar, udf_aggr(foo) from `user` where id = 17 group by bar limit 10001	same	ed820fd2fdb55d922b376bb1a0e8869c59579008d174483defc50e9d55ef7029	ed820fd2fdb55d922b376bb1a0e8869c59579008d174483defc50e9d55ef7029		
1f3f4795482b2c31	query	dynamic:vitess;dynamic:vtgate	select a, `user`.textcol1, b from `user` order by a asc, textcol1 asc, b asc limit 10001	same	10aba574287a88a84d8597b32b0181bcb60ec5735eb5b43a7e5e0a83088b845a	10aba574287a88a84d8597b32b0181bcb60ec5735eb5b43a7e5e0a83088b845a		
1ff51cedaa537276	query	dynamic:vitess;dynamic:keyspace-vschema;dynamic:movetables;dynamic:onlineddl	SELECT `id`, `next_id`, `cache` FROM `vt_commerce`.`seq` WHERE 1 != 1	same	d2b319120268e15aa317a8b248ea8231b14fee8bb2b8c8f8ecf76c04b486f2be	d2b319120268e15aa317a8b248ea8231b14fee8bb2b8c8f8ecf76c04b486f2be		
20340c53b67c3ea1	query	dynamic:vitess;dynamic:vtgate	select id from `user` where col = 'aa' and `name` = 'bb' or col = 'cc' and `name` = 'dd' or col = 'ee' and `name` = 'ff' limit 10001 /* VARCHAR */	same	177cdc9aa2a269275e8a57eacb6986526c79f70b7b93243430742c81090e8ad5	177cdc9aa2a269275e8a57eacb6986526c79f70b7b93243430742c81090e8ad5		
207245bdc802d950	query	dynamic:vitess;dynamic:vtgate	select u.m from user_extra join `user` as u where u.id in (select m2 from `user` where `user`.id = u.id) and u.id in (user_extra.col, 1) limit 10001	same	38cc1786192ae7866225f86095af441820c672aafb2c83abdd99bb15fe6cba68	38cc1786192ae7866225f86095af441820c672aafb2c83abdd99bb15fe6cba68		
20c347294e2d38d8	query	dynamic:vitess;dynamic:vtgate	select sum(id) over (partition by `name`) from `user` where id = 5 limit 10001 /* INT64 */	same	19bb694776d7541b7d6c9a40da808aa483456ad30dbc7a2e0a79606baeb87371	19bb694776d7541b7d6c9a40da808aa483456ad30dbc7a2e0a79606baeb87371		
20c45aadb7efa0ef	query	dynamic:vitess;dynamic:vtgate	select music.id from music where music.id in (select music.id from music where music.genre = 'pop') limit 10001	same	a9ebc077a1fa73f7d4bcd5f5168ca8e4219309ffae9566026486841448fcf937	a9ebc077a1fa73f7d4bcd5f5168ca8e4219309ffae9566026486841448fcf937		
20ef7dc900ad4b92	query	dynamic:vitess;dynamic:vtgate	delete from route1 where id = 1 /* INT64 */	same	99cadf2aabf25ade2defd6c9047547939765b0d07a7f2ddb7379dccb3c649ce1	99cadf2aabf25ade2defd6c9047547939765b0d07a7f2ddb7379dccb3c649ce1		
20f8fecd6b2ab7b0	query	dynamic:vitess;dynamic:vtgate	select json_merge('[1, 2]', '[true, false]'), json_merge_patch('{"name": "x"}', '{"id": 47}'), json_merge_preserve('[1, 2]', '{"id": 47}') from dual limit 10001	same	588537ece7ca61493694cb13bc03e074162f4799bf585d3ba40d7b6b64aff54f	588537ece7ca61493694cb13bc03e074162f4799bf585d3ba40d7b6b64aff54f		
214fb9ff121ccba0	query	dynamic:vitess;dynamic:vtgate	delete from new_orders1 where no_o_id = 2218 and no_d_id = 358 and no_w_id = 98465 /* INT64 */	same	99cadf2aabf25ade2defd6c9047547939765b0d07a7f2ddb7379dccb3c649ce1	99cadf2aabf25ade2defd6c9047547939765b0d07a7f2ddb7379dccb3c649ce1		
21c61aba2816e68c	query	dynamic:vitess;dynamic:vtgate	select * from `user` where id = 0x04 limit 10001 /* HEXNUM */	same	dbbd5ce79dcb2e3b1da74450edf825900a6d7f5c08d9585c23d5d1a2c88c4548	dbbd5ce79dcb2e3b1da74450edf825900a6d7f5c08d9585c23d5d1a2c88c4548		
21ed4e474577a59a	query	dynamic:vitess;dynamic:vtgate	select id from customer where id between 1 and 5 limit 10001 /* INT64 */	same	a9ebc077a1fa73f7d4bcd5f5168ca8e4219309ffae9566026486841448fcf937	a9ebc077a1fa73f7d4bcd5f5168ca8e4219309ffae9566026486841448fcf937		
21f12432d3f5c675	query	dynamic:vitess;dynamic:vtgate	select 1 from `user` as u join user_extra as ue on ue.id = u.id join music as m on m.user_id = ue.user_id limit 10001	same	6e896260f53d1b8e06016cb34377992a2e3c229fa86def43505b2346d4642f3c	6e896260f53d1b8e06016cb34377992a2e3c229fa86def43505b2346d4642f3c		
225cec0788014fb1	query	dynamic:vitess;dynamic:keyspace-vschema	create table if not exists corder(order_id bigint not null auto_increment, shopper_id bigint, sku varchar(128), price bigint, primary key(order_id)) ENGINE=InnoDB	same	c86cf46a097faa769bb9da422e97d2acd3b690d4474790a9fb11c536dd793b1d	c86cf46a097faa769bb9da422e97d2acd3b690d4474790a9fb11c536dd793b1d	volatile on the reference: compared by shape	C-1
2267b0f72b5ac03e	query	dynamic:vitess;dynamic:vtgate	insert into unsharded values (1, 2) on duplicate key update x = 3 /* INT64 */	same	3ba5e2754f11856e1031977c739257530518b07b0d0035bfccd1be03087b3abe	3ba5e2754f11856e1031977c739257530518b07b0d0035bfccd1be03087b3abe		
22e038051317217d	query	dynamic:vitess;dynamic:vtgate	select exists (select 1 from `user`) from dual limit 10001	same	11a69810d136e83b291d629142109f835be1d4566f83abd1e6315403f7849e64	11a69810d136e83b291d629142109f835be1d4566f83abd1e6315403f7849e64		
22e3cdf9218b7768	query	dynamic:vitess;dynamic:vtgate	select sum(l_extendedprice * (1 - l_discount)) as revenue from lineitem, part where p_partkey = l_partkey and p_brand = 'Brand#12' and p_container in ('SM CASE', 'SM BOX', 'SM PACK', 'SM PKG') and l_quantity >= 1 and l_quantity <= 1 + 10 and p_size between 1 and 5 and l_shipmode in ('AIR', 'AIR REG') and l_shipinstruct = 'DELIVER IN PERSON' or p_partkey = l_partkey and p_brand = 'Brand#23' and p_container in ('MED BAG', 'MED BOX', 'MED PKG', 'MED PACK') and l_quantity >= 10 and l_quantity <= 10 + 10 and p_size between 1 and 10 and l_shipmode in ('AIR', 'AIR REG') and l_shipinstruct = 'DELIVER IN PERSON' or p_partkey = l_partkey and p_brand = 'Brand#34' and p_container in ('LG CASE', 'LG BOX', 'LG PACK', 'LG PKG') and l_quantity >= 20 and l_quantity <= 20 + 10 and p_size between 1 and 15 and l_shipmode in ('AIR', 'AIR REG') and l_shipinstruct = 'DELIVER IN PERSON' limit 10001 /* VARCHAR */	same	99cadf2aabf25ade2defd6c9047547939765b0d07a7f2ddb7379dccb3c649ce1	99cadf2aabf25ade2defd6c9047547939765b0d07a7f2ddb7379dccb3c649ce1		
2342918fe484e6f0	query	dynamic:vitess;dynamic:vtgate	select col, count(*) from `user` where Id = 1 group by col order by rank() over (order by count(*) asc) asc limit 10001	same	b82131c5e60cb75a333e2787d59766b14ab4271ea4799ff5adc0733d7a0e0e29	b82131c5e60cb75a333e2787d59766b14ab4271ea4799ff5adc0733d7a0e0e29		
23aefd05f67bcd2a	query	dynamic:vitess;dynamic:vtgate	update `user` set `name` = 'xyz' where 1 = 0 limit 10001 /* INT64 */	same	0f444752ba32ebf169f55f78a7bd9ac9f75cd15e3f615ce1f6c156bdefbba6d3	0f444752ba32ebf169f55f78a7bd9ac9f75cd15e3f615ce1f6c156bdefbba6d3		
241fb9606b7413fc	query	dynamic:vitess;dynamic:vtgate	select a.tcol1 from `user` as a join music as b where a.tcol1 = b.tcol2 group by a.tcol1 having repeat(a.tcol1, min(a.id)) like 'A\\%B' order by a.tcol1 asc limit 10001	same	10aba574287a88a84d8597b32b0181bcb60ec5735eb5b43a7e5e0a83088b845a	10aba574287a88a84d8597b32b0181bcb60ec5735eb5b43a7e5e0a83088b845a		
2434c4dbda76c94e	query	dynamic:vitess;dynamic:vtgate	select t.id from user_extra join (select id from `user` where id = 5) as t on t.id = user_extra.user_id limit 10001	same	a9ebc077a1fa73f7d4bcd5f5168ca8e4219309ffae9566026486841448fcf937	a9ebc077a1fa73f7d4bcd5f5168ca8e4219309ffae9566026486841448fcf937		
244c4597c19f90cc	query	dynamic:vitess;dynamic:vtgate	select music.id from music where music.id in (select max(music.id) from music where music.user_id in (5, 6)) limit 10001	same	a9ebc077a1fa73f7d4bcd5f5168ca8e4219309ffae9566026486841448fcf937	a9ebc077a1fa73f7d4bcd5f5168ca8e4219309ffae9566026486841448fcf937		
24b4635427c11eac	query	dynamic:vitess;dynamic:vtgate	update user_extra set val = 1 where id between 1 and 2 limit 10001 /* INT64 */	same	10aba574287a88a84d8597b32b0181bcb60ec5735eb5b43a7e5e0a83088b845a	10aba574287a88a84d8597b32b0181bcb60ec5735eb5b43a7e5e0a83088b845a		
24ca6dcca02a75eb	query	dynamic:vitess;dynamic:keyspace-vschema;dynamic:movetables;dynamic:onlineddl	SELECT `id`, `col`, `tt` FROM `vt_commerce`.`source_of_ref` WHERE 1 != 1	same	1450f7afe08b19975d359702c9a1cdfa5fb86e07bdb4c92db9ffd473089a51e8	1450f7afe08b19975d359702c9a1cdfa5fb86e07bdb4c92db9ffd473089a51e8		
2516e5ae5cf9b5bd	query	dynamic:vitess;dynamic:vtgate	select cola, colb, colc, rank() over (partition by cola, colb order by colc asc) as rnk from multicol_tbl where cola = 'A' and colb = 'B' limit 10001 /* VARCHAR */	same	343f14bb608f90bad6866387ee20baa0e7e7d298d882e2afb0c32b5ef99d091b	343f14bb608f90bad6866387ee20baa0e7e7d298d882e2afb0c32b5ef99d091b		
2536c96b15b6c429	query	dynamic:vitess;dynamic:movetables	select 1 from `shopper` limit 1	same	6e896260f53d1b8e06016cb34377992a2e3c229fa86def43505b2346d4642f3c	6e896260f53d1b8e06016cb34377992a2e3c229fa86def43505b2346d4642f3c		
253c40e6a52ed717	query	dynamic:vitess;dynamic:keyspace-vschema	CREATE TABLE `rerouted_ref`\n(\n    `id`   INT NOT NULL PRIMARY KEY,\n    `ref_col`  VARCHAR(255) DEFAULT NULL,\n    `name` VARCHAR(255) DEFAULT NULL\n)	same	c86cf46a097faa769bb9da422e97d2acd3b690d4474790a9fb11c536dd793b1d	c86cf46a097faa769bb9da422e97d2acd3b690d4474790a9fb11c536dd793b1d	replayed in an empty database: the object exists in the captured schema; volatile on the reference: compared by shape	
253ebab4bf89692f	query	dynamic:vitess;dynamic:vtgate	select i_price, i_name, i_data from item1 where i_id = 9654 limit 10001 /* INT64 */	same	99cadf2aabf25ade2defd6c9047547939765b0d07a7f2ddb7379dccb3c649ce1	99cadf2aabf25ade2defd6c9047547939765b0d07a7f2ddb7379dccb3c649ce1		
2548e653e503c5d1	query	dynamic:vitess;dynamic:vtgate	select col from `user` where col in (select col2 from `user`) order by null limit 10001	same	db6eafe6e00c4eca41cb4f828cab78210badd351516bf7feeec9b582b870f952	db6eafe6e00c4eca41cb4f828cab78210badd351516bf7feeec9b582b870f952		
25904f895628d57a	query	dynamic:vitess;dynamic:vtgate	select (select count(*) from user_extra) as a, 1 not in (select count(*) from user_extra) as b from `user` where id = 1 limit 10001 /* INT64 */	same	e355cef681729458c3c304231f6f106872620734797350fd12e365f86feb847c	e355cef681729458c3c304231f6f106872620734797350fd12e365f86feb847c		
259733b4bda49770	query	dynamic:vitess;dynamic:vtgate	delete from unsharded where col = (select id from unsharded_a where id = unsharded.col) limit 10001	same	0f444752ba32ebf169f55f78a7bd9ac9f75cd15e3f615ce1f6c156bdefbba6d3	0f444752ba32ebf169f55f78a7bd9ac9f75cd15e3f615ce1f6c156bdefbba6d3		
259969561df9b561	query	dynamic:vitess;dynamic:vtgate	select sql_calc_found_rows id, `name` from `user` where `name` = 'aa' order by id asc limit 2 /* INT64 */	same	2fc2ec98b4e12ce54f163f6ec9690029bc2f4fad03ceaa3d22e434aefe9de95c	2fc2ec98b4e12ce54f163f6ec9690029bc2f4fad03ceaa3d22e434aefe9de95c		
263b779a92088839	query	dynamic:vitess;dynamic:vtgate	select id, col, rank() over (order by intcol asc) from `user` where id = 1 limit 10001 /* INT64 */	same	7b576bc10eddf862113a05f6d3faebfe44af17d2cec4b3e98afe4beb0de22162	7b576bc10eddf862113a05f6d3faebfe44af17d2cec4b3e98afe4beb0de22162		
2684d294cad29698	query	dynamic:vitess;dynamic:vtgate	with u(a, n) as (select id as b, `name` from `user`) select u.a from u where u.n = 1 limit 10001 /* INT64 */	same	c16efd54c1514677f95efeafe4168cfee72e76894a10d9d79a7a32f4ba8d0d16	c16efd54c1514677f95efeafe4168cfee72e76894a10d9d79a7a32f4ba8d0d16		
26c4224800c36475	query	dynamic:vitess;dynamic:movetables;dynamic:reshard	lock tables corder read	same	0f444752ba32ebf169f55f78a7bd9ac9f75cd15e3f615ce1f6c156bdefbba6d3	0f444752ba32ebf169f55f78a7bd9ac9f75cd15e3f615ce1f6c156bdefbba6d3		
26d7c9e5867611dc	query	dynamic:vitess;dynamic:onlineddl	DROP TABLE IF EXISTS `_vt_hld_9f79e7aabe1611f1a94c86d37cd5f354_20261003040619_`	same	0616f09233c84f82453b0bf4287c1db3954019b4477ad22f8891f9e35919fdff	0616f09233c84f82453b0bf4287c1db3954019b4477ad22f8891f9e35919fdff		
26f6ef03727509b6	query	dynamic:vitess;dynamic:vtgate	select t.col from (select `user`.id from `user` join user_extra) as t limit 10001	same	10aba574287a88a84d8597b32b0181bcb60ec5735eb5b43a7e5e0a83088b845a	10aba574287a88a84d8597b32b0181bcb60ec5735eb5b43a7e5e0a83088b845a		
27086872f8446d3d	query	dynamic:vitess;dynamic:vtgate	select id, count(*) as c from `user` group by id having max(col) > 10 limit 10001 /* INT64 */	same	f65f2588100537016ccfe736f04677957a66dc42367ab76cce2ed1fef42e8c05	f65f2588100537016ccfe736f04677957a66dc42367ab76cce2ed1fef42e8c05		
2739079461a8fede	query	dynamic:vitess;dynamic:vtgate	update `user` set col = (select count(*) from user_extra where user_extra.user_id = `user`.id) where id > 5 limit 10001 /* INT64 */	same	0f444752ba32ebf169f55f78a7bd9ac9f75cd15e3f615ce1f6c156bdefbba6d3	0f444752ba32ebf169f55f78a7bd9ac9f75cd15e3f615ce1f6c156bdefbba6d3		
273b21bdaa040e08	query	dynamic:vitess;dynamic:vtgate	select c2 from cfc_vindex_col where c1 like 'A%' limit 10001 /* VARCHAR */	same	402998a73664f0b1188bc71d2ed21bdbbbd75b2ca85bced7258261a395626d01	402998a73664f0b1188bc71d2ed21bdbbbd75b2ca85bced7258261a395626d01		
273b2478ce286cbb	query	dynamic:vitess;dynamic:vtgate	insert into new_orders1(no_o_id, no_d_id, no_w_id) values (8, 9, 48)	same	99cadf2aabf25ade2defd6c9047547939765b0d07a7f2ddb7379dccb3c649ce1	99cadf2aabf25ade2defd6c9047547939765b0d07a7f2ddb7379dccb3c649ce1		
273bc17f71ead946	query	dynamic:vitess;dynamic:vtgate	select count(*) from (select distinct u.user_id from `user` as u join user_extra as ue on u.id = ue.user_id join music as m on m.id = u.id) as subquery_for_count limit 10001	same	f5f2e8e184b1f05d704fa35b28a6186ae3b7763d883a6adce67fba3e32d54b73	f5f2e8e184b1f05d704fa35b28a6186ae3b7763d883a6adce67fba3e32d54b73		
2759593c2c710ce7	query	dynamic:vitess;dynamic:vtgate	update nouser set val = 1 /* INT64 */	same	99cadf2aabf25ade2defd6c9047547939765b0d07a7f2ddb7379dccb3c649ce1	99cadf2aabf25ade2defd6c9047547939765b0d07a7f2ddb7379dccb3c649ce1		
2766974a37faa442	query	dynamic:vitess;dynamic:vtgate	select ref.col from ref join (select aa from `user` where `user`.id = 1) as `user` limit 10001	same	10aba574287a88a84d8597b32b0181bcb60ec5735eb5b43a7e5e0a83088b845a	10aba574287a88a84d8597b32b0181bcb60ec5735eb5b43a7e5e0a83088b845a		
277b9e1e1f39f4e5	query	dynamic:vitess;dynamic:vtgate	select count(id), num from `user` limit 10001	same	10aba574287a88a84d8597b32b0181bcb60ec5735eb5b43a7e5e0a83088b845a	10aba574287a88a84d8597b32b0181bcb60ec5735eb5b43a7e5e0a83088b845a		
277f1fbc78f63fec	query	dynamic:vitess;dynamic:vtgate	select * from (select sum(predef1) over (partition by predef1) as s from unsharded) as t limit 10001	same	10aba574287a88a84d8597b32b0181bcb60ec5735eb5b43a7e5e0a83088b845a	10aba574287a88a84d8597b32b0181bcb60ec5735eb5b43a7e5e0a83088b845a		
27cc7a4983564742	query	dynamic:vitess;dynamic:vtgate	select * from (select rank() over (partition by col) as r from unsharded) as t limit 10001	same	44a790354275c6ab2ce5274ce19efacac7c3710ba412262dbf9710d117556ab1	44a790354275c6ab2ce5274ce19efacac7c3710ba412262dbf9710d117556ab1		
27d13a77867480f3	query	dynamic:vitess;dynamic:vtgate	select 1 from `user` as u1 join `user` as u2 on u1.col = case when u2.col = 2 then 0 when u2.col in (1, 2) then 1 else 2 end limit 10001	same	6e896260f53d1b8e06016cb34377992a2e3c229fa86def43505b2346d4642f3c	6e896260f53d1b8e06016cb34377992a2e3c229fa86def43505b2346d4642f3c		
2806323a3f13fec0	query	dynamic:vitess;dynamic:vtgate	update `user` set val = 1 where id = 1 limit 10001 /* INT64 */	same	10aba574287a88a84d8597b32b0181bcb60ec5735eb5b43a7e5e0a83088b845a	10aba574287a88a84d8597b32b0181bcb60ec5735eb5b43a7e5e0a83088b845a		
282ae5a826c222c9	query	dynamic:vitess;dynamic:vtgate	select col from `user` where exists (select 1 from user_extra where user_id = 3 and user_id < `user`.id) limit 10001	same	db6eafe6e00c4eca41cb4f828cab78210badd351516bf7feeec9b582b870f952	db6eafe6e00c4eca41cb4f828cab78210badd351516bf7feeec9b582b870f952		
282f66f96ec103d2	query	dynamic:vitess;dynamic:vtgate	select u.id from `user` as u, user_metadata as um where u.`name` = 'foo' and u.id = um.user_id limit 10001	same	a9ebc077a1fa73f7d4bcd5f5168ca8e4219309ffae9566026486841448fcf937	a9ebc077a1fa73f7d4bcd5f5168ca8e4219309ffae9566026486841448fcf937		
287772332fcc862a	query	dynamic:vitess;dynamic:vtgate	select t.title, `user`.col from `user` right join (select 'hello' as title from dual) as t on `user`.id >= 4 limit 10001 /* INT64 */	same	9d7b2db2796c26a7b54d06f7faa3dc44ba8d021a20fb96904a8c51a28557e68d	9d7b2db2796c26a7b54d06f7faa3dc44ba8d021a20fb96904a8c51a28557e68d		
2879740f3563310c	query	dynamic:vitess;dynamic:vtgate	select count(*) as b from authoritative group by b limit 10001	same	76dfc39a2d64d6b465987ccd08789eb9945286f480844290d42e2553489775db	76dfc39a2d64d6b465987ccd08789eb9945286f480844290d42e2553489775db		
287fd850f0f724e4	query	dynamic:vitess;dynamic:vtgate	select 1 from `user` as u where exists (select 1 from user_extra as ue where ue.col = u.col and u.col = ue.col2) limit 10001	same	10aba574287a88a84d8597b32b0181bcb60ec5735eb5b43a7e5e0a83088b845a	10aba574287a88a84d8597b32b0181bcb60ec5735eb5b43a7e5e0a83088b845a		
28a6e976586877f2	query	dynamic:vitess;dynamic:vtgate	select * from (select col1, col2 from unsharded where id = 1 union select col1, col2 from unsharded where id = 3) as a limit 10001	same	87cc68477c78e3d99c5c53ff5b3df766f1a7a9e6afaa9285c75b27c37bcfff0c	87cc68477c78e3d99c5c53ff5b3df766f1a7a9e6afaa9285c75b27c37bcfff0c		
28c923ee1513c6dd	query	dynamic:vitess;dynamic:vtgate	delete from `user` order by `name` asc, col asc limit 5 /* INT64 */	same	0f444752ba32ebf169f55f78a7bd9ac9f75cd15e3f615ce1f6c156bdefbba6d3	0f444752ba32ebf169f55f78a7bd9ac9f75cd15e3f615ce1f6c156bdefbba6d3		
2902905dc41ac3cd	query	dynamic:vitess;dynamic:vtgate	select m1.col from unsharded as m1 join unsharded as m2 right join unsharded as m3 on m1.a = m2.b limit 10001	same	10aba574287a88a84d8597b32b0181bcb60ec5735eb5b43a7e5e0a83088b845a	10aba574287a88a84d8597b32b0181bcb60ec5735eb5b43a7e5e0a83088b845a		
2931d40e42872b29	query	dynamic:vitess;dynamic:vtgate	select percent_rank() over (order by intcol asc) from `user` limit 10001	same	6b56bc4b103aff0e529fa927d757ff8a0d4751dc95d669d74203eb0f2d8fbee1	6b56bc4b103aff0e529fa927d757ff8a0d4751dc95d669d74203eb0f2d8fbee1		
29bc51a01f4bbe5a	query	dynamic:vitess;dynamic:vtgate	select u.id from `user` as u where u.col in (select ue.user_id from user_extra as ue where ue.user_id = u.id) limit 10001	same	a9ebc077a1fa73f7d4bcd5f5168ca8e4219309ffae9566026486841448fcf937	a9ebc077a1fa73f7d4bcd5f5168ca8e4219309ffae9566026486841448fcf937		
29cff2eb7a73107e	query	dynamic:vitess;dynamic:vtgate	select id from music where id not in (null, 1, 2) and user_id = 4 limit 10001 /* INT64 */	same	a9ebc077a1fa73f7d4bcd5f5168ca8e4219309ffae9566026486841448fcf937	a9ebc077a1fa73f7d4bcd5f5168ca8e4219309ffae9566026486841448fcf937		
2a2812b60a4c27c4	query	dynamic:vitess;dynamic:vtgate	with t as (select `user`.id from `user` where `user`.id = 5) select t.id from t join user_extra on t.id = user_extra.user_id limit 10001	same	a9ebc077a1fa73f7d4bcd5f5168ca8e4219309ffae9566026486841448fcf937	a9ebc077a1fa73f7d4bcd5f5168ca8e4219309ffae9566026486841448fcf937		
2a2e90d8a650b11c	query	dynamic:vitess;dynamic:keyspace-vschema;dynamic:movetables;dynamic:onlineddl	SELECT `id`, `col`, `name` FROM `vt_commerce`.`unsharded_a` WHERE 1 != 1	same	b9761e6acc64a00220965ed5b17b09536bff1a84ed2254a64e6a9e6a8577da48	b9761e6acc64a00220965ed5b17b09536bff1a84ed2254a64e6a9e6a8577da48		
2a70e1aa3be2ce31	query	dynamic:vitess;dynamic:vtgate	select `user`.id, (select `user`.id + outm.m + unsharded.m from unsharded) from `user` join unsharded as outm limit 10001	same	10aba574287a88a84d8597b32b0181bcb60ec5735eb5b43a7e5e0a83088b845a	10aba574287a88a84d8597b32b0181bcb60ec5735eb5b43a7e5e0a83088b845a		
2ac3e9b3af7ab771	query	dynamic:vitess;dynamic:vtgate	select * from (select bar as push_it from (select foo as bar from (select id as foo from `user`) as t1) as t2) as t3 where push_it = 12 limit 10001 /* INT64 */	same	d542b0150e18573268932a0aac3f82315b149986ef6cb0b3b0e43aa0813008a2	d542b0150e18573268932a0aac3f82315b149986ef6cb0b3b0e43aa0813008a2		
2b0397eefbed9b93	query	dynamic:vitess;dynamic:vtgate	select id from `user` union select id from music limit 10001	same	a9ebc077a1fa73f7d4bcd5f5168ca8e4219309ffae9566026486841448fcf937	a9ebc077a1fa73f7d4bcd5f5168ca8e4219309ffae9566026486841448fcf937		
2b1592decdcf75bd	query	dynamic:vitess;dynamic:vtgate	(select id from `user` order by 1 desc) union (select id from `user` order by 1 asc) limit 10001	same	a9ebc077a1fa73f7d4bcd5f5168ca8e4219309ffae9566026486841448fcf937	a9ebc077a1fa73f7d4bcd5f5168ca8e4219309ffae9566026486841448fcf937		
2b2aa912e43e64e7	query	dynamic:vitess;dynamic:vtgate	select c_balance, c_first, c_middle, c_id from customer1 where c_w_id = 840 and c_d_id = 1 and c_last = 'test' order by c_first asc limit 10001	same	99cadf2aabf25ade2defd6c9047547939765b0d07a7f2ddb7379dccb3c649ce1	99cadf2aabf25ade2defd6c9047547939765b0d07a7f2ddb7379dccb3c649ce1		
2b3ae1fbb533ca97	query	dynamic:vitess;dynamic:vtgate	insert into overlap_vindex(kid, column_a, column_b) values (1, 2, 3)	same	99cadf2aabf25ade2defd6c9047547939765b0d07a7f2ddb7379dccb3c649ce1	99cadf2aabf25ade2defd6c9047547939765b0d07a7f2ddb7379dccb3c649ce1		
2b560f634f3fa52f	query	dynamic:vitess;dynamic:vtgate	select music.id from music left join `user` on music.user_id = `user`.id where (`user`.`name` = 'Trent Reznor' or music.genre = 'pop') and music.user_id = 5 limit 10001 /* INT64 */	same	a9ebc077a1fa73f7d4bcd5f5168ca8e4219309ffae9566026486841448fcf937	a9ebc077a1fa73f7d4bcd5f5168ca8e4219309ffae9566026486841448fcf937		
2b69b5dc43afaed5	query	dynamic:vitess;dynamic:isolation	set transaction_isolation = 'SERIALIZABLE'	same	0f444752ba32ebf169f55f78a7bd9ac9f75cd15e3f615ce1f6c156bdefbba6d3	0f444752ba32ebf169f55f78a7bd9ac9f75cd15e3f615ce1f6c156bdefbba6d3		C-4
2b6a9942939596d9	query	dynamic:vitess;dynamic:vtgate	select col from `user` where id = 1 or id = 2 or id = 3 limit 10001 /* INT64 */	same	db6eafe6e00c4eca41cb4f828cab78210badd351516bf7feeec9b582b870f952	db6eafe6e00c4eca41cb4f828cab78210badd351516bf7feeec9b582b870f952		
2b9c5b20d9a7f02b	query	dynamic:vitess;dynamic:vtgate	select `user`.col, user_extra.id from `user` join user_extra limit 10001	same	b57a3805526fd9b7bfb8ebcea9232dac1569554dddfbca5d815450809fb58739	b57a3805526fd9b7bfb8ebcea9232dac1569554dddfbca5d815450809fb58739		
2bc74702b187189e	query	dynamic:vitess;dynamic:onlineddl	CREATE TABLE IF NOT EXISTS `_vt_hld_9f79e7aabe1611f1a94c86d37cd5f354_20261003040619_` (id INT PRIMARY KEY)	same	c86cf46a097faa769bb9da422e97d2acd3b690d4474790a9fb11c536dd793b1d	c86cf46a097faa769bb9da422e97d2acd3b690d4474790a9fb11c536dd793b1d	volatile on the reference: compared by shape	C-1
2be80151424e36ce	query	dynamic:vitess;dynamic:vtgate	select s_suppkey, s_name, s_address, s_phone, total_revenue from supplier, revenue0 where s_suppkey = supplier_no and total_revenue = (select max(total_revenue) from revenue0) order by s_suppkey asc limit 10001	same	99cadf2aabf25ade2defd6c9047547939765b0d07a7f2ddb7379dccb3c649ce1	99cadf2aabf25ade2defd6c9047547939765b0d07a7f2ddb7379dccb3c649ce1		
2c036729761dcb1b	query	dynamic:vitess;dynamic:vtgate	select `user`.intcol from `user` group by `user`.intcol order by count(`user`.intcol) asc limit 10001	same	3248701effd5d3a82be291138abefa45d17c5efa71132facf6909991ea9134ba	3248701effd5d3a82be291138abefa45d17c5efa71132facf6909991ea9134ba		
2c4e50c202d8b16b	query	dynamic:vitess;dynamic:vtgate	select `user`.col, m2.foo from `user` left join unsharded as m1 on `user`.col = m1.col left join unsharded as m2 on m1.col = m2.col limit 10001	same	10aba574287a88a84d8597b32b0181bcb60ec5735eb5b43a7e5e0a83088b845a	10aba574287a88a84d8597b32b0181bcb60ec5735eb5b43a7e5e0a83088b845a		
2c55901cbf881fc1	query	dynamic:vitess;dynamic:vtgate	delete from `user` limit 10 /* INT64 */	same	0f444752ba32ebf169f55f78a7bd9ac9f75cd15e3f615ce1f6c156bdefbba6d3	0f444752ba32ebf169f55f78a7bd9ac9f75cd15e3f615ce1f6c156bdefbba6d3		
2c7be003c2e2c4e2	query	dynamic:vitess;dynamic:vtgate	select last_value(textcol1) over (order by Id asc) from `user` limit 10001	same	f8121ac77acf713a9751dac2b4dd7093e8e80112794ea5ecde14837b24554f93	f8121ac77acf713a9751dac2b4dd7093e8e80112794ea5ecde14837b24554f93		
2c8fb2ee315601be	query	dynamic:vitess;dynamic:keyspace-vschema	CREATE TABLE cfc_vindex_col\n(\n    c1 VARCHAR(255),\n    c2 VARCHAR(255),\n    PRIMARY KEY (c1)\n)	same	c86cf46a097faa769bb9da422e97d2acd3b690d4474790a9fb11c536dd793b1d	c86cf46a097faa769bb9da422e97d2acd3b690d4474790a9fb11c536dd793b1d	replayed in an empty database: the object exists in the captured schema; volatile on the reference: compared by shape	
2cd121689950c99d	query	dynamic:vitess;dynamic:vtgate	insert into authoritative(user_id, col1, col2) values (1, '2', 3), (4, '5', 6) as new (a, b, c) on duplicate key update col1 = a + c	same	72f4a5e907cb9086eb62e083a957eb0a017f2f79e286b2a8900dc917b9691157	72f4a5e907cb9086eb62e083a957eb0a017f2f79e286b2a8900dc917b9691157		
2cd92731cabfc69e	query	dynamic:vitess;dynamic:vtgate	select id, udf_aggr(col2) as r from `user` group by id limit 10001	same	ed820fd2fdb55d922b376bb1a0e8869c59579008d174483defc50e9d55ef7029	ed820fd2fdb55d922b376bb1a0e8869c59579008d174483defc50e9d55ef7029		
2ce91cb382b1953b	query	dynamic:vitess;dynamic:vtgate	select avg(id) + count(foo) + bar from `user` group by bar limit 10001	same	0edeecbce9110b76a627b8cb6c436d7b24d40f8a18739ae79c833701e017c242	0edeecbce9110b76a627b8cb6c436d7b24d40f8a18739ae79c833701e017c242		
2d4bf54fc75466a2	query	dynamic:vitess;dynamic:vtgate	select col, count(*) from `user` group by col order by 5 asc limit 10 /* INT64 */	same	10aba574287a88a84d8597b32b0181bcb60ec5735eb5b43a7e5e0a83088b845a	10aba574287a88a84d8597b32b0181bcb60ec5735eb5b43a7e5e0a83088b845a		
2d9d7365edbe828a	query	dynamic:vitess;dynamic:vtgate	select avg(id) from `user` limit 10001	same	244d26a6e5ad87ab0f41c7c4abc034e05590254ac0bcda3d5a01311f4744a5bd	244d26a6e5ad87ab0f41c7c4abc034e05590254ac0bcda3d5a01311f4744a5bd		
2deefef3f9cb212c	query	dynamic:vitess;dynamic:vtgate	select id from `user` where id not in (select user_extra.col from user_extra where user_extra.user_id = 42) and id in (select user_extra.col from user_extra where user_extra.user_id = 411) limit 10001	same	a9ebc077a1fa73f7d4bcd5f5168ca8e4219309ffae9566026486841448fcf937	a9ebc077a1fa73f7d4bcd5f5168ca8e4219309ffae9566026486841448fcf937		
2df2b733e541dcce	query	dynamic:vitess;dynamic:vtgate	delete from user_extra limit 10001	same	0f444752ba32ebf169f55f78a7bd9ac9f75cd15e3f615ce1f6c156bdefbba6d3	0f444752ba32ebf169f55f78a7bd9ac9f75cd15e3f615ce1f6c156bdefbba6d3		
2e7d2b3f3f2ac880	query	dynamic:vitess;dynamic:vtgate	with u as (select `user`.col from `user` join user_extra) select u.col from u join user_extra as ue limit 1 /* INT64 */	same	db6eafe6e00c4eca41cb4f828cab78210badd351516bf7feeec9b582b870f952	db6eafe6e00c4eca41cb4f828cab78210badd351516bf7feeec9b582b870f952		
2e96fc2ccde534ce	query	dynamic:vitess;dynamic:vtgate	select id from unsharded union select id from unsharded_auto union select id from unsharded_auto union select `name` from unsharded limit 10001	same	a9ebc077a1fa73f7d4bcd5f5168ca8e4219309ffae9566026486841448fcf937	a9ebc077a1fa73f7d4bcd5f5168ca8e4219309ffae9566026486841448fcf937		
2ead34fa75fafcb4	query	dynamic:vitess;dynamic:vtgate	with d as (select id, count(*) as a from `user`) select d.a from music join d on music.user_id = d.id group by 1 limit 10001	same	35cebba4ba02f6d676538583ecfd3c5774493da092df7b760888127b011af817	35cebba4ba02f6d676538583ecfd3c5774493da092df7b760888127b011af817		
2eb83f39dfd62568	query	dynamic:vitess;dynamic:vtgate	select count(*) from stock1 where s_w_id = 1 and s_i_id = 8 and s_quantity < 1000 limit 10001 /* INT64 */	same	99cadf2aabf25ade2defd6c9047547939765b0d07a7f2ddb7379dccb3c649ce1	99cadf2aabf25ade2defd6c9047547939765b0d07a7f2ddb7379dccb3c649ce1		
2ee3c1c5cfc847b5	query	dynamic:vitess;dynamic:vtgate	select col1, count(distinct col2), sum(distinct col2) from `user` group by col1 limit 10001	same	f3189b8e3b91ddacd26097326f8fde7cc765f813df77aa43922a9245f7df382b	f3189b8e3b91ddacd26097326f8fde7cc765f813df77aa43922a9245f7df382b		
2f3ec73bbc7348d6	query	dynamic:vitess;dynamic:vtgate	select distinct last_value(col) over (partition by Id order by col desc) from `user` where Id = 1 limit 10001 /* INT64 */	same	139cf9d35d6b0eefb033dd1a108a5f25b11e1f751dfb27647231ddefe9ba85fb	139cf9d35d6b0eefb033dd1a108a5f25b11e1f751dfb27647231ddefe9ba85fb		
2f6dd47a9ba45555	query	dynamic:vitess;dynamic:vtgate	select `user`.col1 as a, `user`.col2, music.col3 from `user` join music on `user`.id = music.id where `user`.id = 1 order by 1 asc, 3 desc, 2 asc limit 10001	same	10aba574287a88a84d8597b32b0181bcb60ec5735eb5b43a7e5e0a83088b845a	10aba574287a88a84d8597b32b0181bcb60ec5735eb5b43a7e5e0a83088b845a		
2f992ce77af9c836	query	dynamic:vitess;dynamic:vtgate	delete from multicol_tbl where cola = 1 and colb = 2 limit 10001 /* INT64 */	same	0f444752ba32ebf169f55f78a7bd9ac9f75cd15e3f615ce1f6c156bdefbba6d3	0f444752ba32ebf169f55f78a7bd9ac9f75cd15e3f615ce1f6c156bdefbba6d3		
2f9fc2c1c86bbc5e	query	dynamic:vitess;dynamic:vtgate	select count(u.textcol1), count(ue.foo), us.bar from `user` as u join user_extra as ue on u.foo = ue.bar join unsharded as us on ue.bar = us.baz group by us.bar limit 10001	same	10aba574287a88a84d8597b32b0181bcb60ec5735eb5b43a7e5e0a83088b845a	10aba574287a88a84d8597b32b0181bcb60ec5735eb5b43a7e5e0a83088b845a		
30cae05e5d826f01	query	dynamic:vitess;dynamic:vtgate	select max((select group_concat(col1, col2) from `user` where id = 1)) from dual limit 10001	same	141b0d36433b441353a94eb4e93b0f623b3f5710ddb42d635f1240568d10cd3a	141b0d36433b441353a94eb4e93b0f623b3f5710ddb42d635f1240568d10cd3a		
30e525730129cb2c	query	dynamic:vitess;dynamic:vtgate	select u.id, u.`name`, t.num_segments from (select id, count(*) as num_segments from `user` group by 1 order by 2 desc limit 20) as t join unsharded as u on u.id = t.id limit 10001	same	1e841a29c6f92e1b852685b3708c23894b07e8515ab9d2f50792d30e46d00c55	1e841a29c6f92e1b852685b3708c23894b07e8515ab9d2f50792d30e46d00c55		
30f6ec2c3b941523	query	dynamic:vitess;dynamic:vtgate	select 1 from dual union select null from dual union select 1.0 from dual union select '1' from dual union select 2 from dual union select 2.0 from `user` limit 10001	same	2bf1d22a2defdac314ee2ad959c2c76f44f3573fb66204a7bc8e37504dd314fa	2bf1d22a2defdac314ee2ad959c2c76f44f3573fb66204a7bc8e37504dd314fa		
30f95de710f8f6ca	query	dynamic:vitess;dynamic:vtgate	select (select id from `user` order by id asc limit 1) from user_extra limit 10001	same	45feefc9de379f0d846a6589c5207788894f4b92d562c6341ec47d85599ce93e	45feefc9de379f0d846a6589c5207788894f4b92d562c6341ec47d85599ce93e		
310b5e35e9c881a0	query	dynamic:vitess;dynamic:vtgate	select c_balance, c_first, c_middle, c_last from customer1 where c_w_id = 15 and c_d_id = 5169 and c_id = 1 limit 10001 /* INT64 */	same	99cadf2aabf25ade2defd6c9047547939765b0d07a7f2ddb7379dccb3c649ce1	99cadf2aabf25ade2defd6c9047547939765b0d07a7f2ddb7379dccb3c649ce1		
31638fce6533c13d	query	dynamic:vitess;dynamic:vtgate	select `user`.col from user_extra join `user` on user_extra.user_id = `user`.`name` limit 10001	same	db6eafe6e00c4eca41cb4f828cab78210badd351516bf7feeec9b582b870f952	db6eafe6e00c4eca41cb4f828cab78210badd351516bf7feeec9b582b870f952		
3181994be27b7e1d	query	dynamic:vitess;dynamic:vtgate	select w_street_1, w_street_2, w_city, w_state, w_zip, w_name from warehouse1 where w_id = 998 limit 10001 /* INT64 */	same	99cadf2aabf25ade2defd6c9047547939765b0d07a7f2ddb7379dccb3c649ce1	99cadf2aabf25ade2defd6c9047547939765b0d07a7f2ddb7379dccb3c649ce1		
31b6f5eb2d137eae	query	dynamic:vitess;dynamic:vtgate	update multicol_tbl set `name` = 'bar' where cola in (1, 2) limit 10001	same	0f444752ba32ebf169f55f78a7bd9ac9f75cd15e3f615ce1f6c156bdefbba6d3	0f444752ba32ebf169f55f78a7bd9ac9f75cd15e3f615ce1f6c156bdefbba6d3		
31ffd98efa2eb452	query	dynamic:vitess;dynamic:vtgate	select `user`.id from `user` left join user_extra on `user`.col = user_extra.col where user_extra.col between 10 and 20 limit 10001 /* INT64 */	same	a9ebc077a1fa73f7d4bcd5f5168ca8e4219309ffae9566026486841448fcf937	a9ebc077a1fa73f7d4bcd5f5168ca8e4219309ffae9566026486841448fcf937		
32bae3e7e16ccf33	query	dynamic:vitess;dynamic:vtgate	select `user`.col, user_extra.id, `user`.col2 from `user` join user_extra limit 10001	same	172f760978c5cfdbf9028d4a679ee1366e255b7f9a18640fecdae19dec015fc2	172f760978c5cfdbf9028d4a679ee1366e255b7f9a18640fecdae19dec015fc2		
336db2a5a6dba96a	query	dynamic:vitess;dynamic:vtgate	insert into authoritative values (1, '2', 3), (4, '5', 6) as new on duplicate key update col2 = new.user_id + new.col1	same	72f4a5e907cb9086eb62e083a957eb0a017f2f79e286b2a8900dc917b9691157	72f4a5e907cb9086eb62e083a957eb0a017f2f79e286b2a8900dc917b9691157		
33a5f74a7dc93152	query	dynamic:vitess;dynamic:vtgate	select music.id from music join `user` on music.user_id = `user`.id where music.user_id = 5 and music.id = (select max(m2.id) from music as m2 where m2.user_id = `user`.id) limit 10001	same	a9ebc077a1fa73f7d4bcd5f5168ca8e4219309ffae9566026486841448fcf937	a9ebc077a1fa73f7d4bcd5f5168ca8e4219309ffae9566026486841448fcf937		
33a7d21415274d7e	query	dynamic:vitess;dynamic:vtgate	select cola, colb, colc from multicol_tbl where cola between 1 and 5 limit 10001 /* INT64 */	same	f6aee54a5e5742caba68fd18915bb9b4ac1fbd18d92e770185f7f186f45e2401	f6aee54a5e5742caba68fd18915bb9b4ac1fbd18d92e770185f7f186f45e2401		
33c51741a3bafe86	query	dynamic:vitess;dynamic:vtgate	select music.id from music where music.id in (select music.id from music where music.foo = 'bar') and music.user_id in (3, 4, 5) limit 10001	same	10aba574287a88a84d8597b32b0181bcb60ec5735eb5b43a7e5e0a83088b845a	10aba574287a88a84d8597b32b0181bcb60ec5735eb5b43a7e5e0a83088b845a		
33ec646609911998	query	dynamic:vitess;dynamic:vtgate	update customer1 set c_balance = c_balance + 988.01, c_delivery_cnt = c_delivery_cnt + 1 where c_id = 6 and c_d_id = 5 and c_w_id = 160 /* INT64 */	same	99cadf2aabf25ade2defd6c9047547939765b0d07a7f2ddb7379dccb3c649ce1	99cadf2aabf25ade2defd6c9047547939765b0d07a7f2ddb7379dccb3c649ce1		
347254dab27646cd	query	dynamic:vitess;dynamic:vtgate	select id from `user` join (select user_id from user_extra limit 10) as ue on `user`.id = ue.user_id limit 10001	same	a9ebc077a1fa73f7d4bcd5f5168ca8e4219309ffae9566026486841448fcf937	a9ebc077a1fa73f7d4bcd5f5168ca8e4219309ffae9566026486841448fcf937		
34d8ba40300aa86a	query	dynamic:vitess;dynamic:vtgate	update (select id from `user`) as u set id = 4 /* INT64 */	same	b99d771e2278d17872dda10e7c23bbba0698ea9dd422c78b82c9bf375e82586e	b99d771e2278d17872dda10e7c23bbba0698ea9dd422c78b82c9bf375e82586e		
3574fff081783d0d	query	dynamic:vitess;dynamic:vtgate	delete from corder where shopper_id = 5 limit 10001 /* INT64 */	same	99cadf2aabf25ade2defd6c9047547939765b0d07a7f2ddb7379dccb3c649ce1	99cadf2aabf25ade2defd6c9047547939765b0d07a7f2ddb7379dccb3c649ce1		
35939a7b3092a313	query	dynamic:vitess;dynamic:vtgate	with t as (select `user`.id, `user`.col from `user` join user_extra) select id + 1 from t limit 10001	same	c307a65d49bf0229bfe9ebd1b83132ad0a3ac45cef30385b1bd25796b682a2c4	c307a65d49bf0229bfe9ebd1b83132ad0a3ac45cef30385b1bd25796b682a2c4		
359e5732950b44e7	query	dynamic:vitess;dynamic:keyspace-vschema	create table if not exists product(sku varchar(128), description varchar(128), price bigint, primary key(sku)) ENGINE=InnoDB	differs	867a1b8ab78a0a10659dc5ee884b635299118dc67ab6d9ae858d365c7a52c401	3e4bef602d77d32d0ec67c93f2129199d658a8f8a93d747797444f873e472aa0	warnings differ	C-1
35ad94f1729e8bb3	query	dynamic:vitess;dynamic:vtgate	select id from `user`, user_extra where `user`.id = user_extra.col and (user_extra.col = user_extra.user_id or user_extra.col2 = user_extra.`name`) limit 10001	same	e0eb28784c58ece04f8d7c2a9e09e9b393fd48d09cb4d91f851970f0f48b4be8	e0eb28784c58ece04f8d7c2a9e09e9b393fd48d09cb4d91f851970f0f48b4be8		
35e5fe4bcf9a42d4	query	dynamic:vitess;dynamic:movetables;dynamic:reshard	SELECT `order_id`, `shopper_id`, `sku`, `price` FROM `vt_customer`.`corder` WHERE 1 != 1	same	5d297817583da85e072cdf990d2064f59a1ac802f04a1177bbc6dbfc9fe1dc4f	5d297817583da85e072cdf990d2064f59a1ac802f04a1177bbc6dbfc9fe1dc4f		
3601d4bc792d5355	query	dynamic:vitess;dynamic:vtgate	insert into multicolvin(column_a, column_b, column_c, kid) values (1, 2, 3, 4)	same	4f73cac56c213100458bcc43d0e31ddac4c170e120f75f92420e4a88b8129d5e	4f73cac56c213100458bcc43d0e31ddac4c170e120f75f92420e4a88b8129d5e		
364e2faefd836acf	query	dynamic:vitess;dynamic:keyspace-vschema;dynamic:movetables;dynamic:onlineddl	SELECT `id`, `col1`, `col2` FROM `vt_commerce`.`unsharded_auto` WHERE 1 != 1	same	554769299fc1a7f2ffd5697bdb835669748a014e343fa5e13e679b1fcf7775b8	554769299fc1a7f2ffd5697bdb835669748a014e343fa5e13e679b1fcf7775b8		
36a1828344f318ef	query	dynamic:vitess;dynamic:vtgate	select id from `user` where costly = 'aa' and `name` = 'bb' limit 10001 /* VARCHAR */	same	a9ebc077a1fa73f7d4bcd5f5168ca8e4219309ffae9566026486841448fcf937	a9ebc077a1fa73f7d4bcd5f5168ca8e4219309ffae9566026486841448fcf937		
370f3ca8371f5539	query	dynamic:vitess;dynamic:vtgate	select unsharded.col from unsharded join `user` on `user`.col in (select col from `user`) limit 10001	same	db6eafe6e00c4eca41cb4f828cab78210badd351516bf7feeec9b582b870f952	db6eafe6e00c4eca41cb4f828cab78210badd351516bf7feeec9b582b870f952		
37794f5e0b32a14a	query	dynamic:vitess;dynamic:vtgate	select distinct id, user_id from (select id, col from `user`) as u left join (select col, user_id from user_extra limit 10) as ue on u.col = ue.col limit 10001	same	729e18fe325e5a6dedfc92e6e88ab496d795321f1406474aaed1a98edcb84461	729e18fe325e5a6dedfc92e6e88ab496d795321f1406474aaed1a98edcb84461		
3782b55421f05b4a	query	dynamic:vitess;dynamic:vtgate	update `user` as u, user_extra as ue set u.col = ue.foo + ue.bar + u.baz where u.id = ue.id	same	10aba574287a88a84d8597b32b0181bcb60ec5735eb5b43a7e5e0a83088b845a	10aba574287a88a84d8597b32b0181bcb60ec5735eb5b43a7e5e0a83088b845a		
37d61b87e383e3ac	query	dynamic:vitess;dynamic:vtgate	select col, id from `user` where exists (select 1 from user_extra where user_id = 3 and user_id < `user`.id) order by id asc limit 10001	same	b57a3805526fd9b7bfb8ebcea9232dac1569554dddfbca5d815450809fb58739	b57a3805526fd9b7bfb8ebcea9232dac1569554dddfbca5d815450809fb58739		
384671a8542de18a	query	dynamic:vitess;dynamic:vtgate	select a, b, count(*) from `user` group by 2, 1 limit 10001	same	10aba574287a88a84d8597b32b0181bcb60ec5735eb5b43a7e5e0a83088b845a	10aba574287a88a84d8597b32b0181bcb60ec5735eb5b43a7e5e0a83088b845a		
385ab0358a01fc79	query	dynamic:vitess;dynamic:vtgate	select id, 42 from `user` where id = 1 union all select id from `user` where id = 5 limit 10001 /* INT64 */	same	4d77967280c0ab7ae849b265e677484605854c3e5f68e54d0aed3ac165e6502a	4d77967280c0ab7ae849b265e677484605854c3e5f68e54d0aed3ac165e6502a		
3886f64f4d0fc6f9	query	dynamic:vitess;dynamic:vtgate	select no_o_id from new_orders1 where no_d_id = 689 and no_w_id = 15 order by no_o_id asc limit 1 for update	same	99cadf2aabf25ade2defd6c9047547939765b0d07a7f2ddb7379dccb3c649ce1	99cadf2aabf25ade2defd6c9047547939765b0d07a7f2ddb7379dccb3c649ce1		
3891ea292273ac38	query	dynamic:vitess;dynamic:vtgate	select u.id from `user` as u join (select id as pid from `user` where id = 1 union select id as pid from unsharded where id = 1) as i on u.id = i.pid limit 10001	same	a9ebc077a1fa73f7d4bcd5f5168ca8e4219309ffae9566026486841448fcf937	a9ebc077a1fa73f7d4bcd5f5168ca8e4219309ffae9566026486841448fcf937		
38ae7514ce1d8d65	query	dynamic:vitess;dynamic:temporary-tables	insert into loams_tmp values (1)	same	99cadf2aabf25ade2defd6c9047547939765b0d07a7f2ddb7379dccb3c649ce1	99cadf2aabf25ade2defd6c9047547939765b0d07a7f2ddb7379dccb3c649ce1		
38c6857dbe7f9fb7	query	dynamic:vitess;dynamic:vtgate	select 0 from (select `user`.col1 from `user` join unsharded) as t join unsharded on unsharded.col1 = t.col1 and unsharded.a = t.col1 limit 10001	same	10aba574287a88a84d8597b32b0181bcb60ec5735eb5b43a7e5e0a83088b845a	10aba574287a88a84d8597b32b0181bcb60ec5735eb5b43a7e5e0a83088b845a		
38d94a7f5b95e17d	query	dynamic:vitess;dynamic:vtgate	with t as (select `user`.id, `user`.col1 from `user` join user_extra on user_extra.col = `user`.col) select t.id from t limit 10001	same	a9ebc077a1fa73f7d4bcd5f5168ca8e4219309ffae9566026486841448fcf937	a9ebc077a1fa73f7d4bcd5f5168ca8e4219309ffae9566026486841448fcf937		
39037331395ad81d	query	dynamic:vitess;dynamic:vtgate	select user_extra.id from `user` join user_extra on `user`.col = user_extra.col where `user`.id = 5 and user_extra.user_id = 5 limit 10001 /* INT64 */	same	a9ebc077a1fa73f7d4bcd5f5168ca8e4219309ffae9566026486841448fcf937	a9ebc077a1fa73f7d4bcd5f5168ca8e4219309ffae9566026486841448fcf937		
39725b37a4a91e55	query	dynamic:vitess;dynamic:vtgate	select id from `user`, user_extra order by coalesce(`user`.col, user_extra.col) asc limit 10001	same	e0eb28784c58ece04f8d7c2a9e09e9b393fd48d09cb4d91f851970f0f48b4be8	e0eb28784c58ece04f8d7c2a9e09e9b393fd48d09cb4d91f851970f0f48b4be8		
39a8f855c4e9f7b6	query	dynamic:vitess;dynamic:vtgate	select id from `user` group by id order by id + 1 asc limit 10001	same	a9ebc077a1fa73f7d4bcd5f5168ca8e4219309ffae9566026486841448fcf937	a9ebc077a1fa73f7d4bcd5f5168ca8e4219309ffae9566026486841448fcf937		
3a11f9bef9c2eb0d	query	dynamic:vitess;dynamic:vtgate	select id as foo from music order by foo asc limit 10001	same	0d1c707c4e48bdb60f8d0261ad402d33b29232299aa6737ff4d540fc65a5e574	0d1c707c4e48bdb60f8d0261ad402d33b29232299aa6737ff4d540fc65a5e574		
3a18e10008901d12	query	dynamic:vitess;dynamic:vtgate	select keyspace_id from user_index where 1 = id limit 10001	same	99cadf2aabf25ade2defd6c9047547939765b0d07a7f2ddb7379dccb3c649ce1	99cadf2aabf25ade2defd6c9047547939765b0d07a7f2ddb7379dccb3c649ce1		
3a2ff653200b0faf	query	dynamic:vitess;dynamic:vtgate	select `user`.col from `user` join ref_with_source limit 10001	same	99cadf2aabf25ade2defd6c9047547939765b0d07a7f2ddb7379dccb3c649ce1	99cadf2aabf25ade2defd6c9047547939765b0d07a7f2ddb7379dccb3c649ce1		
3a3770f46507d167	query	dynamic:vitess;dynamic:vtgate	insert into corder(shopper_id, sku, price) values (1, 'SKU-1001', 100), (2, 'SKU-1002', 30), (3, 'SKU-1002', 30), (4, 'SKU-1003', 15), (5, 'SKU-1003', 15)	same	99cadf2aabf25ade2defd6c9047547939765b0d07a7f2ddb7379dccb3c649ce1	99cadf2aabf25ade2defd6c9047547939765b0d07a7f2ddb7379dccb3c649ce1		
3a552e8f9ce485f8	query	dynamic:vitess;dynamic:vtgate	select col1, count(*) from (select colC + colD as col1 from `user`) as tbl group by col1 limit 10001	same	10aba574287a88a84d8597b32b0181bcb60ec5735eb5b43a7e5e0a83088b845a	10aba574287a88a84d8597b32b0181bcb60ec5735eb5b43a7e5e0a83088b845a		
3a5ada5acf79bf57	query	dynamic:vitess;dynamic:vtgate	select 1 from (select col, count(*) as a from unsharded group by col having a > 0 limit 0, 12) as f left join unsharded as u on f.col = u.id limit 10001	same	6e896260f53d1b8e06016cb34377992a2e3c229fa86def43505b2346d4642f3c	6e896260f53d1b8e06016cb34377992a2e3c229fa86def43505b2346d4642f3c		
3ab18ceb82d776ed	query	dynamic:vitess;dynamic:vtgate	select u.a, u.textcol1, un.col2 from `user` as u join unsharded as un order by u.textcol1 asc, un.col2 asc limit 10001	same	827c8157753bd86473320446e8e4bb6b3baa13897adce88633a721ce2b58516b	827c8157753bd86473320446e8e4bb6b3baa13897adce88633a721ce2b58516b		
3ad6b31e504aaaad	query	dynamic:vitess;dynamic:vtgate	select ps_partkey, sum(ps_supplycost * ps_availqty) as `value` from partsupp, supplier, nation where ps_suppkey = s_suppkey and s_nationkey = n_nationkey and n_name = 'GERMANY' group by ps_partkey having sum(ps_supplycost * ps_availqty) > (select sum(ps_supplycost * ps_availqty) * 0.00001000000 from partsupp, supplier, nation where ps_suppkey = s_suppkey and s_nationkey = n_nationkey and n_name = 'GERMANY') order by `value` desc limit 10001	same	99cadf2aabf25ade2defd6c9047547939765b0d07a7f2ddb7379dccb3c649ce1	99cadf2aabf25ade2defd6c9047547939765b0d07a7f2ddb7379dccb3c649ce1		
3ae2e3e2f6a29db2	query	dynamic:vitess;dynamic:vtgate	select id from `user` where `name` in (col, 'bb') limit 10001	same	a9ebc077a1fa73f7d4bcd5f5168ca8e4219309ffae9566026486841448fcf937	a9ebc077a1fa73f7d4bcd5f5168ca8e4219309ffae9566026486841448fcf937		
3b74f0bfb8ea349b	query	dynamic:vitess;dynamic:vtgate	select `user`.col from `user` join user_extra on `user`.id = 5 and `user`.id = user_extra.user_id limit 10001	same	db6eafe6e00c4eca41cb4f828cab78210badd351516bf7feeec9b582b870f952	db6eafe6e00c4eca41cb4f828cab78210badd351516bf7feeec9b582b870f952		
3be0f438b5276039	query	dynamic:vitess;dynamic:vtgate	insert into unsharded(col) select col from unsharded_auto	same	10aba574287a88a84d8597b32b0181bcb60ec5735eb5b43a7e5e0a83088b845a	10aba574287a88a84d8597b32b0181bcb60ec5735eb5b43a7e5e0a83088b845a		
3c1ce7f2579b4bed	query	dynamic:vitess;dynamic:vtgate	select col, count(*) from `user` group by col order by col + 1 asc limit 10001	same	b82131c5e60cb75a333e2787d59766b14ab4271ea4799ff5adc0733d7a0e0e29	b82131c5e60cb75a333e2787d59766b14ab4271ea4799ff5adc0733d7a0e0e29		
3c3e350c3c9a330c	query	dynamic:vitess;dynamic:vtgate	select last_insert_id(5) from `user` limit 12 /* INT64 */	same	512444db71be1f9f2b286ad66a586d2327dc0272197f8233a302e2a269aea834	512444db71be1f9f2b286ad66a586d2327dc0272197f8233a302e2a269aea834		
3c4a70a94859e43b	query	dynamic:vitess;dynamic:vtgate	select col, trim((select user_name from `user` where id = 3)) as val from user_extra where user_id = 3 group by col order by val asc limit 10001	same	10aba574287a88a84d8597b32b0181bcb60ec5735eb5b43a7e5e0a83088b845a	10aba574287a88a84d8597b32b0181bcb60ec5735eb5b43a7e5e0a83088b845a		
3c604e4dfc05371b	query	dynamic:vitess;dynamic:vtgate	select a from (select count(*) as a from `user`) as t limit 10001	same	c7d61d72b27f2c7a898b92936855f3e1c98bf2ea3971163e4d678297879751c3	c7d61d72b27f2c7a898b92936855f3e1c98bf2ea3971163e4d678297879751c3		
3c9865e8e42a1f29	query	dynamic:vitess;dynamic:vtgate	select nth_value(col, 2) over (order by col asc) from `user` where Id = 1 limit 10001 /* INT64 */	same	3d7cdea0d147b7f39a79d19a60b8f98a31b007b738450c84d8fbaa4dfdfe799e	3d7cdea0d147b7f39a79d19a60b8f98a31b007b738450c84d8fbaa4dfdfe799e		
3ca4eb64cad4996b	query	dynamic:vitess;dynamic:vtgate	select id from unsharded union select id from unsharded_auto order by id asc limit 5 /* INT64 */	same	a9ebc077a1fa73f7d4bcd5f5168ca8e4219309ffae9566026486841448fcf937	a9ebc077a1fa73f7d4bcd5f5168ca8e4219309ffae9566026486841448fcf937		
3ce2d848e7b47e04	query	dynamic:vitess;dynamic:vtgate	delete from multicol_tbl where colb = 2 and cola = 1 limit 10001 /* INT64 */	same	0f444752ba32ebf169f55f78a7bd9ac9f75cd15e3f615ce1f6c156bdefbba6d3	0f444752ba32ebf169f55f78a7bd9ac9f75cd15e3f615ce1f6c156bdefbba6d3		
3ce6a9fb29f83cbc	query	dynamic:vitess;dynamic:vtgate	select music.id from music where music.id in (select max(music.id) from music where music.user_id = 5) limit 10001	same	a9ebc077a1fa73f7d4bcd5f5168ca8e4219309ffae9566026486841448fcf937	a9ebc077a1fa73f7d4bcd5f5168ca8e4219309ffae9566026486841448fcf937		
3ce9c2a7982d9f53	query	dynamic:vitess;dynamic:reshard	CREATE TABLE `vt_customer`.`shopper` (\n  `shopper_id` bigint NOT NULL,\n  `email` varchar(128) DEFAULT NULL,\n  PRIMARY KEY (`shopper_id`)\n) ENGINE=InnoDB DEFAULT CHARSET=utf8mb4 COLLATE=utf8mb4_0900_ai_ci	same	c00361446ba29e1858c24a7d0edb0ffa3ccbb75916e18ed4127e556130b17c27	c00361446ba29e1858c24a7d0edb0ffa3ccbb75916e18ed4127e556130b17c27	replayed in an empty database: the object exists in the captured schema	C-1
3d094dba44053695	query	dynamic:vitess;dynamic:vtgate	insert into authoritative() values ()	same	e937c7864416f6658f75b90d8b6b4f2ce87ff06b124ba43d58137f961d8dfe88	e937c7864416f6658f75b90d8b6b4f2ce87ff06b124ba43d58137f961d8dfe88		
3d4bcef377cb1f24	query	dynamic:vitess;dynamic:vtgate	select * from customer where `name` = 'x' limit 10001 /* VARCHAR */	same	10aba574287a88a84d8597b32b0181bcb60ec5735eb5b43a7e5e0a83088b845a	10aba574287a88a84d8597b32b0181bcb60ec5735eb5b43a7e5e0a83088b845a		
3d8a578d2fc7bdad	query	dynamic:vitess;dynamic:vtgate	update multicol_tbl set x = 1 where colb in (1, 2) and cola = 1 limit 10001 /* INT64 */	same	10aba574287a88a84d8597b32b0181bcb60ec5735eb5b43a7e5e0a83088b845a	10aba574287a88a84d8597b32b0181bcb60ec5735eb5b43a7e5e0a83088b845a		
3db36118ac310b2b	query	dynamic:vitess;dynamic:vtgate	select 0 as `last_insert_id()` from dual limit 1 /* INT64 */	same	a9f3cf2a5eaef64752b7c2152f0fd8882f12032927be2a50b492b7f7e9670881	a9f3cf2a5eaef64752b7c2152f0fd8882f12032927be2a50b492b7f7e9670881		
3ddc660c9b7c2d01	query	dynamic:vitess;dynamic:vtgate	select id, rank() over (partition by col), row_number() over (partition by textcol1) from `user` where id = 1 limit 10001 /* INT64 */	same	dd0d0a92935cac943680a4ce54345d0783bd0e9a9fab5bd155849dd3cc7b4eff	dd0d0a92935cac943680a4ce54345d0783bd0e9a9fab5bd155849dd3cc7b4eff		
3e25bbcea299b49a	query	dynamic:vitess;dynamic:vtgate	select * from (select rank() over (partition by col) as r, id from `user`) as t where id = 1 limit 10001 /* INT64 */	same	7d0f37f6a5a3f7439522847df98404e13c455ce38252c34af2990a14987c7244	7d0f37f6a5a3f7439522847df98404e13c455ce38252c34af2990a14987c7244		
3e49d903bfbdeaa5	query	dynamic:vitess;dynamic:vtgate	select id as foo from music order by 1 asc limit 10001	same	0d1c707c4e48bdb60f8d0261ad402d33b29232299aa6737ff4d540fc65a5e574	0d1c707c4e48bdb60f8d0261ad402d33b29232299aa6737ff4d540fc65a5e574		
3e5dd2974b787bec	query	dynamic:vitess;dynamic:vtgate	select max((select group_concat(col1, col2) from `user` where id = 1)) from `user` limit 10001	same	141b0d36433b441353a94eb4e93b0f623b3f5710ddb42d635f1240568d10cd3a	141b0d36433b441353a94eb4e93b0f623b3f5710ddb42d635f1240568d10cd3a		
3e93bfe1448c5df3	query	dynamic:vitess;dynamic:vtgate	select t.title, `user`.col from `user` right join (select 'hello' as title from dual) as t on `user`.id = 1 limit 10001 /* INT64 */	same	9d7b2db2796c26a7b54d06f7faa3dc44ba8d021a20fb96904a8c51a28557e68d	9d7b2db2796c26a7b54d06f7faa3dc44ba8d021a20fb96904a8c51a28557e68d		
3ea770cde5971739	query	dynamic:vitess;dynamic:vtgate	select count(*) from `user` left join music on `user`.foo = music.bar group by music.col limit 10001	same	10aba574287a88a84d8597b32b0181bcb60ec5735eb5b43a7e5e0a83088b845a	10aba574287a88a84d8597b32b0181bcb60ec5735eb5b43a7e5e0a83088b845a		
3ea9758d4201a76d	query	dynamic:vitess;dynamic:vtgate	select * from multicol_tbl where cola in (1, 2) and colb in (3, 4) limit 10001	same	d03d99ce2dc026281aa99ec0faf68505d0480f9543e1d1d5ca18ccdf78935e88	d03d99ce2dc026281aa99ec0faf68505d0480f9543e1d1d5ca18ccdf78935e88		
3f04c0013dde2f50	query	dynamic:vitess;dynamic:vtgate	select count(u.id) from `user` as u left join user_extra as ue on u.col = ue.col limit 10001	same	1cf3076b67b7cac8b5a28d90d530efa98baa58f3839fed06690200a4afd32b3e	1cf3076b67b7cac8b5a28d90d530efa98baa58f3839fed06690200a4afd32b3e		
3f4e74827d043834	query	dynamic:vitess;dynamic:vtgate	update unsharded set col = (select id from unsharded as a join unsharded as b on a.id = b.id) limit 10001	same	e0eb28784c58ece04f8d7c2a9e09e9b393fd48d09cb4d91f851970f0f48b4be8	e0eb28784c58ece04f8d7c2a9e09e9b393fd48d09cb4d91f851970f0f48b4be8		
3f9d767920f351d9	query	dynamic:vitess;dynamic:vtgate	select `user`.col1, user_extra.col1 from `user` join user_extra having user_extra.col1 = 2 limit 10001 /* INT64 */	same	10aba574287a88a84d8597b32b0181bcb60ec5735eb5b43a7e5e0a83088b845a	10aba574287a88a84d8597b32b0181bcb60ec5735eb5b43a7e5e0a83088b845a		
3fcacee9c02c44ca	query	dynamic:vitess;dynamic:vtgate	update user_extra set val = 1 where id in (1, 2) limit 10001	same	10aba574287a88a84d8597b32b0181bcb60ec5735eb5b43a7e5e0a83088b845a	10aba574287a88a84d8597b32b0181bcb60ec5735eb5b43a7e5e0a83088b845a		
3fcd09a92689a550	query	dynamic:vitess;dynamic:vtgate	select (select (select col from `user` where id = 1) from `user` where id = 1) from `user` where id = 1 limit 10001 /* INT64 */	same	cdd032d7d1a2fc97636823555a9dfbb9b79cd9f6096c64a7668f72e1dcdf2c99	cdd032d7d1a2fc97636823555a9dfbb9b79cd9f6096c64a7668f72e1dcdf2c99		
402af1fcf3011b6e	query	dynamic:vitess;dynamic:vtgate	select t.title, `user`.col from (select 'hello' as title from dual) as t right join `user` on `user`.id <= 4 limit 10001 /* INT64 */	same	f61561d29261af1cc2af19050704185e2edf656cc11c91747b33e463ab12959e	f61561d29261af1cc2af19050704185e2edf656cc11c91747b33e463ab12959e		
4097b613a817f83f	query	dynamic:vitess;dynamic:vtgate	select char_length(col1) as a, count(*) from authoritative group by a order by a asc limit 10001	same	e79860a10e6a4c88e9ab255a06a787c1680617bbc854948fc22fd41bc8d01d36	e79860a10e6a4c88e9ab255a06a787c1680617bbc854948fc22fd41bc8d01d36		
40b600cf781206e1	query	dynamic:vitess;dynamic:vtgate	(select team_id as foo from `user` where team_id = 1 order by id desc limit 1) union all (select team_id as foo from `user` where team_id = 2 order by id desc limit 1) limit 10001	same	10aba574287a88a84d8597b32b0181bcb60ec5735eb5b43a7e5e0a83088b845a	10aba574287a88a84d8597b32b0181bcb60ec5735eb5b43a7e5e0a83088b845a		
40f2f0bb4a0d16dc	query	dynamic:vitess;dynamic:vtgate	select 1 from music where id = 1 union select 1 from music where id = 2 limit 10001 /* INT64 */	same	6e896260f53d1b8e06016cb34377992a2e3c229fa86def43505b2346d4642f3c	6e896260f53d1b8e06016cb34377992a2e3c229fa86def43505b2346d4642f3c		
413379190448897b	query	dynamic:vitess;dynamic:vtgate	select `user`.col from `user` join user_extra on `user`.id = user_extra.user_id limit 10001	same	db6eafe6e00c4eca41cb4f828cab78210badd351516bf7feeec9b582b870f952	db6eafe6e00c4eca41cb4f828cab78210badd351516bf7feeec9b582b870f952		
41472c4c005b94fb	query	dynamic:vitess;dynamic:vtgate	select id from `user` where `user`.col = case `user`.col when 'foo' then true else false end and `user`.id in (1, 2) limit 10001	same	a9ebc077a1fa73f7d4bcd5f5168ca8e4219309ffae9566026486841448fcf937	a9ebc077a1fa73f7d4bcd5f5168ca8e4219309ffae9566026486841448fcf937		
417438c19123e0d5	query	dynamic:vitess;dynamic:vtgate	insert into shopper(email) values ('alice@domain.com'), ('bob@domain.com'), ('charlie@domain.com'), ('dan@domain.com'), ('eve@domain.com')	same	99cadf2aabf25ade2defd6c9047547939765b0d07a7f2ddb7379dccb3c649ce1	99cadf2aabf25ade2defd6c9047547939765b0d07a7f2ddb7379dccb3c649ce1		
41874d89053b16af	query	dynamic:vitess;dynamic:vtgate	select distinct count(intcol) over (partition by Id) as cnt from `user` limit 10001	same	3704f44a92f3d2e83ff68862a22c0e167478f506be66c3b13beddaabc335d223	3704f44a92f3d2e83ff68862a22c0e167478f506be66c3b13beddaabc335d223		
41a15461c7efe5a3	query	dynamic:vitess;dynamic:vtgate	select col from `user` where id = (select id from route1 as a where a.id = `user`.id) limit 10001	same	99cadf2aabf25ade2defd6c9047547939765b0d07a7f2ddb7379dccb3c649ce1	99cadf2aabf25ade2defd6c9047547939765b0d07a7f2ddb7379dccb3c649ce1		
41c9cf312cebdcf4	query	dynamic:vitess;dynamic:keyspace-vschema;dynamic:movetables;dynamic:onlineddl	SELECT `id` FROM `vt_commerce`.`pin_test` WHERE 1 != 1	same	a9ebc077a1fa73f7d4bcd5f5168ca8e4219309ffae9566026486841448fcf937	a9ebc077a1fa73f7d4bcd5f5168ca8e4219309ffae9566026486841448fcf937		
41cc7648f39ae222	query	dynamic:vitess;dynamic:vtgate	select col from `user` where id = 5 order by aa asc limit 10001	same	10aba574287a88a84d8597b32b0181bcb60ec5735eb5b43a7e5e0a83088b845a	10aba574287a88a84d8597b32b0181bcb60ec5735eb5b43a7e5e0a83088b845a		
41d134d886aded50	query	dynamic:vitess;dynamic:vtgate	select 1 from `user` as u1, `user` as u2 where exists (select 1 from user_extra as ue where ue.col = u1.col and ue.col = u2.col) limit 10001	same	6e896260f53d1b8e06016cb34377992a2e3c229fa86def43505b2346d4642f3c	6e896260f53d1b8e06016cb34377992a2e3c229fa86def43505b2346d4642f3c		
41fb6fa243a384de	query	dynamic:vitess;dynamic:vtgate	select * from (select id from `user` order by foo asc) as dt1, (select id from `user` order by baz asc) as dt2 limit 10001	same	10aba574287a88a84d8597b32b0181bcb60ec5735eb5b43a7e5e0a83088b845a	10aba574287a88a84d8597b32b0181bcb60ec5735eb5b43a7e5e0a83088b845a		
42535a8cb3193f67	query	dynamic:vitess;dynamic:vtgate	select count(distinct `name`, id) from `user` limit 10001	same	662dbbcbaf4d22a807e8d5894c7202fdf3908a629d903a3c58ffad5fc49d8e17	662dbbcbaf4d22a807e8d5894c7202fdf3908a629d903a3c58ffad5fc49d8e17		
4254309afb18fb6a	query	dynamic:vitess;dynamic:vtgate	select count(1) from `user` where id = 'abc' group by n_id having json_arrayagg(a_id) = '[]' limit 10001 /* VARCHAR */	same	10aba574287a88a84d8597b32b0181bcb60ec5735eb5b43a7e5e0a83088b845a	10aba574287a88a84d8597b32b0181bcb60ec5735eb5b43a7e5e0a83088b845a		
42792611861593f3	query	dynamic:vitess;dynamic:vtgate	select c from sbtest12 where id between 1 and 10 limit 10001 /* INT64 */	same	99cadf2aabf25ade2defd6c9047547939765b0d07a7f2ddb7379dccb3c649ce1	99cadf2aabf25ade2defd6c9047547939765b0d07a7f2ddb7379dccb3c649ce1		
429fc346a0b875ea	query	dynamic:vitess;dynamic:vtgate	select * from (select * from `user` union all select * from user_extra) as t limit 10001	same	4d77967280c0ab7ae849b265e677484605854c3e5f68e54d0aed3ac165e6502a	4d77967280c0ab7ae849b265e677484605854c3e5f68e54d0aed3ac165e6502a		
43068d545e69e8bf	query	dynamic:vitess;dynamic:vtgate	select json_depth('{}'), json_length('{"a": 1, "b": {"c": 30}}', '$.b'), json_type(json_extract('{"a": [10, true]}', '$.a')), json_valid('{"a": 1}') from dual limit 10001	same	8a2893ab2fe07cc30439ac389bb4dc4309263712b3c20fce8e1520cf8f262552	8a2893ab2fe07cc30439ac389bb4dc4309263712b3c20fce8e1520cf8f262552		
431f125f81063a50	query	dynamic:vitess;dynamic:vtgate	select json_schema_valid('{"type":"string","pattern":"("}', '"abc"'), json_schema_validation_report('{"type":"string","pattern":"("}', '"abc"') from dual limit 10001	same	91f2b1b5fbc53c2f3f6895dd17308e79836a9a247d214a7b876325cc1db43b33	91f2b1b5fbc53c2f3f6895dd17308e79836a9a247d214a7b876325cc1db43b33		
432685749bf92349	query	dynamic:vitess;dynamic:vtgate	select count(*) as a from `user` having a <= 10 limit 10001 /* INT64 */	same	c7d61d72b27f2c7a898b92936855f3e1c98bf2ea3971163e4d678297879751c3	c7d61d72b27f2c7a898b92936855f3e1c98bf2ea3971163e4d678297879751c3		
43446bba9d56a4a9	query	dynamic:vitess;dynamic:vtgate	select u.id from `user` as u where u.col in (select ue.user_id from user_extra as ue where ue.user_id = u.id) and u.col2 in (select ue.user_id from user_extra as ue where ue.user_id = u.id) limit 10001	same	a9ebc077a1fa73f7d4bcd5f5168ca8e4219309ffae9566026486841448fcf937	a9ebc077a1fa73f7d4bcd5f5168ca8e4219309ffae9566026486841448fcf937		
44687e904de42ff6	query	dynamic:vitess;dynamic:vtgate	insert into unsharded(col) select col from t1	same	10aba574287a88a84d8597b32b0181bcb60ec5735eb5b43a7e5e0a83088b845a	10aba574287a88a84d8597b32b0181bcb60ec5735eb5b43a7e5e0a83088b845a		
45051b7e230b658a	query	dynamic:vitess;dynamic:vtgate	update multicol_tbl set x = 1 where cola = 1 and colb = 2 limit 10001 /* INT64 */	same	10aba574287a88a84d8597b32b0181bcb60ec5735eb5b43a7e5e0a83088b845a	10aba574287a88a84d8597b32b0181bcb60ec5735eb5b43a7e5e0a83088b845a		
45b02a5b75c8212d	query	dynamic:vitess;dynamic:vtgate	select `user`.id, user_extra.user_id from `user` straight_join user_extra where `user`.id = user_extra.foo limit 10001	same	10aba574287a88a84d8597b32b0181bcb60ec5735eb5b43a7e5e0a83088b845a	10aba574287a88a84d8597b32b0181bcb60ec5735eb5b43a7e5e0a83088b845a		
45ebfc68204ae69c	query	dynamic:vitess;dynamic:vtgate	select a, 1 + (select col from `user`) from unsharded limit 10001	same	10aba574287a88a84d8597b32b0181bcb60ec5735eb5b43a7e5e0a83088b845a	10aba574287a88a84d8597b32b0181bcb60ec5735eb5b43a7e5e0a83088b845a		
45f431c8eb902c08	query	dynamic:vitess;dynamic:vtgate	select id from `user` where `user`.id > 5 limit 10001 /* INT64 */	same	a9ebc077a1fa73f7d4bcd5f5168ca8e4219309ffae9566026486841448fcf937	a9ebc077a1fa73f7d4bcd5f5168ca8e4219309ffae9566026486841448fcf937		
466aa02b4d73b88d	query	dynamic:vitess;dynamic:vtgate	select music.id from music where music.id in (select music.id from music where music.user_id in (5)) and music.user_id = 5 limit 10001 /* INT64 */	same	a9ebc077a1fa73f7d4bcd5f5168ca8e4219309ffae9566026486841448fcf937	a9ebc077a1fa73f7d4bcd5f5168ca8e4219309ffae9566026486841448fcf937		
468ea6a34aaf3f8e	query	dynamic:vitess;dynamic:vtgate	select * from authoritative order by col1 asc limit 10001	same	63fd3808f9f067698f0a0793540560001b448038244427a7faab1e3b55dc7fa2	63fd3808f9f067698f0a0793540560001b448038244427a7faab1e3b55dc7fa2		
46a505199321fcaf	query	dynamic:vitess;dynamic:vtgate	select 3 from `user` union select col1 from `user` limit 10001	same	250c12ca972cf4a4f3f4426905eb5da59ef777dea9e3d090045c170f86783f5b	250c12ca972cf4a4f3f4426905eb5da59ef777dea9e3d090045c170f86783f5b		
46d7d5c817ffed7e	query	dynamic:vitess;dynamic:vtgate	select id from `user` where `user`.id = `user`.col and `user`.col = 5 limit 10001 /* INT64 */	same	a9ebc077a1fa73f7d4bcd5f5168ca8e4219309ffae9566026486841448fcf937	a9ebc077a1fa73f7d4bcd5f5168ca8e4219309ffae9566026486841448fcf937		
46e475504dea55e6	query	dynamic:vitess;dynamic:vtgate	update music set val = 1 where id = 1 limit 10001 /* INT64 */	same	10aba574287a88a84d8597b32b0181bcb60ec5735eb5b43a7e5e0a83088b845a	10aba574287a88a84d8597b32b0181bcb60ec5735eb5b43a7e5e0a83088b845a		
47f57c41d7914c70	query	dynamic:vitess;dynamic:keyspace-vschema	CREATE TABLE unq_lkp_idx\n(\n    unq_key     INT PRIMARY KEY,\n    keyspace_id VARCHAR(255)\n)	same	c86cf46a097faa769bb9da422e97d2acd3b690d4474790a9fb11c536dd793b1d	c86cf46a097faa769bb9da422e97d2acd3b690d4474790a9fb11c536dd793b1d	replayed in an empty database: the object exists in the captured schema; volatile on the reference: compared by shape	
485f956421e0c16d	query	dynamic:vitess;dynamic:vtgate	delete `user` from `user` join user_extra on `user`.id = user_extra.id where `user`.`name` = 'foo' /* VARCHAR */	same	0f444752ba32ebf169f55f78a7bd9ac9f75cd15e3f615ce1f6c156bdefbba6d3	0f444752ba32ebf169f55f78a7bd9ac9f75cd15e3f615ce1f6c156bdefbba6d3		
48eb2170288747df	query	dynamic:vitess;dynamic:vtgate	select id from music where id is null and user_id in (1, 2) limit 10001	same	a9ebc077a1fa73f7d4bcd5f5168ca8e4219309ffae9566026486841448fcf937	a9ebc077a1fa73f7d4bcd5f5168ca8e4219309ffae9566026486841448fcf937		
495a6dc4c493c3ff	query	dynamic:vitess;dynamic:vtgate	delete from unsharded_ref	same	99cadf2aabf25ade2defd6c9047547939765b0d07a7f2ddb7379dccb3c649ce1	99cadf2aabf25ade2defd6c9047547939765b0d07a7f2ddb7379dccb3c649ce1		
495df23ce8ce53e0	query	dynamic:vitess;dynamic:vtgate	insert into route1(id) values (1)	same	99cadf2aabf25ade2defd6c9047547939765b0d07a7f2ddb7379dccb3c649ce1	99cadf2aabf25ade2defd6c9047547939765b0d07a7f2ddb7379dccb3c649ce1		
49af47abd6f27b5d	query	dynamic:vitess;dynamic:temporary-tables	select * from loams_tmp2	same	99cadf2aabf25ade2defd6c9047547939765b0d07a7f2ddb7379dccb3c649ce1	99cadf2aabf25ade2defd6c9047547939765b0d07a7f2ddb7379dccb3c649ce1		
49da166ccdc4bfaf	query	dynamic:vitess;dynamic:vtgate	select a.id, b.id from `user` as a, user_extra as b union all select 1, 2 from dual order by 2 asc limit 10001	same	518082f3090efa34a12a6047a992f4af47ee261b820f232488c889beeae905c4	518082f3090efa34a12a6047a992f4af47ee261b820f232488c889beeae905c4		
49ef8b53d3bb5201	query	dynamic:vitess;dynamic:keyspace-vschema	CREATE TABLE seq\n(\n    id      INT,\n    next_id BIGINT,\n    cache   BIGINT,\n    PRIMARY KEY (id)\n) COMMENT 'vitess_sequence'	same	c86cf46a097faa769bb9da422e97d2acd3b690d4474790a9fb11c536dd793b1d	c86cf46a097faa769bb9da422e97d2acd3b690d4474790a9fb11c536dd793b1d	replayed in an empty database: the object exists in the captured schema; volatile on the reference: compared by shape	
4a389e4f445c8037	query	dynamic:vitess;dynamic:vtgate	delete from unsharded limit 10001	same	0f444752ba32ebf169f55f78a7bd9ac9f75cd15e3f615ce1f6c156bdefbba6d3	0f444752ba32ebf169f55f78a7bd9ac9f75cd15e3f615ce1f6c156bdefbba6d3		
4a6c3ef1fead29d1	query	dynamic:vitess;dynamic:vtgate	select a.user_id, row_number() over (partition by a.user_id order by a.col1 asc) from authoritative as a limit 10001	same	d7d3650878ad15340b7d1a29d4276ef93a8dccbf6729b2a8f9955cf831543e07	d7d3650878ad15340b7d1a29d4276ef93a8dccbf6729b2a8f9955cf831543e07		
4aaf2e5b9de5c156	query	dynamic:vitess;dynamic:vtgate	select id from `user` where `user`.col = 5 and `user`.id in (1, 2) limit 10001	same	a9ebc077a1fa73f7d4bcd5f5168ca8e4219309ffae9566026486841448fcf937	a9ebc077a1fa73f7d4bcd5f5168ca8e4219309ffae9566026486841448fcf937		
4aaf85e7ef492306	query	dynamic:vitess;dynamic:vtgate	select o_c_id from orders1 where o_id = 6 and o_d_id = 1983 and o_w_id = 894605 limit 10001 /* INT64 */	same	99cadf2aabf25ade2defd6c9047547939765b0d07a7f2ddb7379dccb3c649ce1	99cadf2aabf25ade2defd6c9047547939765b0d07a7f2ddb7379dccb3c649ce1		
4ae68a97323ae4a9	query	dynamic:vitess;dynamic:vtgate	select id from `user` group by id having count(id) = 10 limit 10001 /* INT64 */	same	a9ebc077a1fa73f7d4bcd5f5168ca8e4219309ffae9566026486841448fcf937	a9ebc077a1fa73f7d4bcd5f5168ca8e4219309ffae9566026486841448fcf937		
4af18985f44759f4	query	dynamic:vitess;dynamic:vtgate	select * from multicol_tbl where colb in (3, 4) and cola in (1, 2) limit 10001	same	d03d99ce2dc026281aa99ec0faf68505d0480f9543e1d1d5ca18ccdf78935e88	d03d99ce2dc026281aa99ec0faf68505d0480f9543e1d1d5ca18ccdf78935e88		
4b2799f21d8318ad	query	dynamic:vitess;dynamic:vtgate	select distinct col, rank() over (order by col asc) from `user` where Id = 1 limit 10001 /* INT64 */	same	95ca5d0f126eacd5ed38d3fce0faa3acd8cd2c2a40449e0ccc5ea443e3399400	95ca5d0f126eacd5ed38d3fce0faa3acd8cd2c2a40449e0ccc5ea443e3399400		
4b95139a337f58b5	query	dynamic:vitess;dynamic:vtgate	insert into `user`(id) values (1), (2)	same	72f4a5e907cb9086eb62e083a957eb0a017f2f79e286b2a8900dc917b9691157	72f4a5e907cb9086eb62e083a957eb0a017f2f79e286b2a8900dc917b9691157		
4ba1fe9b3d7c319d	query	dynamic:vitess;dynamic:vtgate	select * from samecolvin where secret = 12 limit 10001 /* INT64 */	same	10aba574287a88a84d8597b32b0181bcb60ec5735eb5b43a7e5e0a83088b845a	10aba574287a88a84d8597b32b0181bcb60ec5735eb5b43a7e5e0a83088b845a		
4bb3e7945c542e29	query	dynamic:vitess;dynamic:vtgate	select t1.id1, t2.id1 from t1 left join t1 as t2 on t2.id1 = t2.id2 limit 10001	same	10aba574287a88a84d8597b32b0181bcb60ec5735eb5b43a7e5e0a83088b845a	10aba574287a88a84d8597b32b0181bcb60ec5735eb5b43a7e5e0a83088b845a		
4bcb5b7a7a07432c	query	dynamic:vitess;dynamic:vtgate	select u.textcol1, count(distinct u.val2) from `user` as u join `user` as u2 on u.val2 = u2.id join music as m on u2.val2 = m.id group by u.textcol1 limit 10001	same	10aba574287a88a84d8597b32b0181bcb60ec5735eb5b43a7e5e0a83088b845a	10aba574287a88a84d8597b32b0181bcb60ec5735eb5b43a7e5e0a83088b845a		
4c0056ed9ebeb566	query	dynamic:vitess;dynamic:vtgate	select Id, row_number() over (order by intcol asc) as rn from `user` limit 10001	same	efd1202d19f63cbf500cc557032121f1cbdfebe063d163a99b985e87eea690ad	efd1202d19f63cbf500cc557032121f1cbdfebe063d163a99b985e87eea690ad		
4c2927f33f73553b	query	dynamic:vitess;dynamic:vtgate	select count(*) from `user` where `name` = 'aa' limit 10001	same	f5f2e8e184b1f05d704fa35b28a6186ae3b7763d883a6adce67fba3e32d54b73	f5f2e8e184b1f05d704fa35b28a6186ae3b7763d883a6adce67fba3e32d54b73		
4c310ed2fa98e782	query	dynamic:vitess;dynamic:vtgate	delete from user_extra where user_id between 1 and 2 limit 10001 /* INT64 */	same	0f444752ba32ebf169f55f78a7bd9ac9f75cd15e3f615ce1f6c156bdefbba6d3	0f444752ba32ebf169f55f78a7bd9ac9f75cd15e3f615ce1f6c156bdefbba6d3		
4c4929f64e172089	query	dynamic:vitess;dynamic:keyspace-vschema;dynamic:movetables;dynamic:onlineddl	SELECT `kid`, `column_a`, `column_b`, `column_c` FROM `vt_commerce`.`multicolvin` WHERE 1 != 1	same	675bea807831d3be8caf377dbdf11bf87165c2b5f601da364187920a340db1a1	675bea807831d3be8caf377dbdf11bf87165c2b5f601da364187920a340db1a1		
4d06c748f997287a	query	dynamic:vitess;dynamic:vtgate	select * from (select `name`, id as foo from `user` union select 'extra', user_id from user_extra) as X where X.foo = 3 limit 10001 /* INT64 */	same	4cd3d5ea05e7bf17a5485c336e9d9672f76c27705487c3e1cd578691f9792b6c	4cd3d5ea05e7bf17a5485c336e9d9672f76c27705487c3e1cd578691f9792b6c		
4d5f7639c83a12d7	query	dynamic:vitess;dynamic:vtgate	select count(*) from `user` join music on `user`.foo = music.bar limit 10001	same	10aba574287a88a84d8597b32b0181bcb60ec5735eb5b43a7e5e0a83088b845a	10aba574287a88a84d8597b32b0181bcb60ec5735eb5b43a7e5e0a83088b845a		
4d8eb4750a5d6403	query	dynamic:vitess;dynamic:vtgate	select route2.col from route2 join user_extra limit 10001	same	99cadf2aabf25ade2defd6c9047547939765b0d07a7f2ddb7379dccb3c649ce1	99cadf2aabf25ade2defd6c9047547939765b0d07a7f2ddb7379dccb3c649ce1		
4dbcae77d4c4fe4d	query	dynamic:vitess;dynamic:vtgate	select * from multicol_tbl where colb in (1, 2) and cola in (3, 4) and cola = 5 and colb = 6 limit 10001 /* INT64 */	same	d03d99ce2dc026281aa99ec0faf68505d0480f9543e1d1d5ca18ccdf78935e88	d03d99ce2dc026281aa99ec0faf68505d0480f9543e1d1d5ca18ccdf78935e88		
4e6185a44731de08	query	dynamic:vitess;dynamic:vtgate	select id from (select id, col from route1 where id = 5) as t limit 10001	same	99cadf2aabf25ade2defd6c9047547939765b0d07a7f2ddb7379dccb3c649ce1	99cadf2aabf25ade2defd6c9047547939765b0d07a7f2ddb7379dccb3c649ce1		
4e8954f4b5bbddf5	query	dynamic:vitess;dynamic:vtgate	insert into source_of_ref(x) values (4)	same	10aba574287a88a84d8597b32b0181bcb60ec5735eb5b43a7e5e0a83088b845a	10aba574287a88a84d8597b32b0181bcb60ec5735eb5b43a7e5e0a83088b845a		
4ea7c116912139e1	query	dynamic:vitess;dynamic:vtgate	update user_metadata set email = 'juan@vitess.io' where user_id = 1 order by user_id asc limit 10 /* INT64 */	same	0f444752ba32ebf169f55f78a7bd9ac9f75cd15e3f615ce1f6c156bdefbba6d3	0f444752ba32ebf169f55f78a7bd9ac9f75cd15e3f615ce1f6c156bdefbba6d3		
4efa2b82b06f2471	query	dynamic:vitess;dynamic:vtgate	select * from `user` where id = 5 order by col asc limit 10001	same	dbbd5ce79dcb2e3b1da74450edf825900a6d7f5c08d9585c23d5d1a2c88c4548	dbbd5ce79dcb2e3b1da74450edf825900a6d7f5c08d9585c23d5d1a2c88c4548		
4f0566109509b8af	query	dynamic:vitess;dynamic:vtgate	select min(user_extra.col) from `user` join user_extra on `user`.foo = user_extra.bar limit 10001	same	10aba574287a88a84d8597b32b0181bcb60ec5735eb5b43a7e5e0a83088b845a	10aba574287a88a84d8597b32b0181bcb60ec5735eb5b43a7e5e0a83088b845a		
4f0fbe6abc034e61	query	dynamic:vitess;dynamic:vtgate	insert into ref(col) values (1)	same	4f73cac56c213100458bcc43d0e31ddac4c170e120f75f92420e4a88b8129d5e	4f73cac56c213100458bcc43d0e31ddac4c170e120f75f92420e4a88b8129d5e		
4f76ababd88e4f17	query	dynamic:vitess;dynamic:vtgate	select u.foo, group_concat(u.bar) from `user` as u, music as m where u.col = m.col group by u.foo order by u.baz asc limit 10001	same	10aba574287a88a84d8597b32b0181bcb60ec5735eb5b43a7e5e0a83088b845a	10aba574287a88a84d8597b32b0181bcb60ec5735eb5b43a7e5e0a83088b845a		
4f9dce8492dfa3a0	query	dynamic:vitess;dynamic:vtgate	select a, b, count(*) as k from `user` group by a order by 1 asc, 3 asc limit 10001	same	10aba574287a88a84d8597b32b0181bcb60ec5735eb5b43a7e5e0a83088b845a	10aba574287a88a84d8597b32b0181bcb60ec5735eb5b43a7e5e0a83088b845a		
50299314fdddb2bc	query	dynamic:vitess;dynamic:vtgate	select sum(ol_amount) as sm from order_line1 where ol_o_id = 680 and ol_d_id = 201 and ol_w_id = 87 limit 10001 /* INT64 */	same	99cadf2aabf25ade2defd6c9047547939765b0d07a7f2ddb7379dccb3c649ce1	99cadf2aabf25ade2defd6c9047547939765b0d07a7f2ddb7379dccb3c649ce1		
504b2f21010d82d7	query	dynamic:vitess;dynamic:vtgate	select last_insert_id(id) from `user` limit 10001	same	ff30b9124f91f82228e26a7fcbee88f71691b07ca3aa735d1aa7ff026f6bbde7	ff30b9124f91f82228e26a7fcbee88f71691b07ca3aa735d1aa7ff026f6bbde7		
5088c0b558e20361	query	dynamic:vitess;dynamic:vtgate	select foo.col from foo, `user` limit 10001	same	99cadf2aabf25ade2defd6c9047547939765b0d07a7f2ddb7379dccb3c649ce1	99cadf2aabf25ade2defd6c9047547939765b0d07a7f2ddb7379dccb3c649ce1		
50a5ece8df4634a5	query	dynamic:vitess;dynamic:vtgate	select 1 from `user` having count(id) = 10 limit 10001 /* INT64 */	same	6e896260f53d1b8e06016cb34377992a2e3c229fa86def43505b2346d4642f3c	6e896260f53d1b8e06016cb34377992a2e3c229fa86def43505b2346d4642f3c		
50cc9c212e9555b8	query	dynamic:vitess;dynamic:vtgate	delete u, m from `user` as u join music as m on u.id = m.user_id	same	0f444752ba32ebf169f55f78a7bd9ac9f75cd15e3f615ce1f6c156bdefbba6d3	0f444752ba32ebf169f55f78a7bd9ac9f75cd15e3f615ce1f6c156bdefbba6d3		
50e503f8d85fe0ee	query	dynamic:vitess;dynamic:vtgate	select count(*) from `user` left join music on `user`.foo = music.bar join user_extra on `user`.foo = user_extra.baz limit 10001	same	10aba574287a88a84d8597b32b0181bcb60ec5735eb5b43a7e5e0a83088b845a	10aba574287a88a84d8597b32b0181bcb60ec5735eb5b43a7e5e0a83088b845a		
510b1c79484a335b	query	dynamic:vitess;dynamic:vtgate	select sum(case when tb.col = 1 then 1 else 2 end) from (select 1 as col from `user` where id = 14 union all select 2 from music where user_id = 12) as tb limit 10001	same	8d6aab1cd6f6711b0ab572f9a229e56bf425a0e9353fdc2d90d05a239e211e5c	8d6aab1cd6f6711b0ab572f9a229e56bf425a0e9353fdc2d90d05a239e211e5c		
5139db23f10a39a8	query	dynamic:vitess;dynamic:vtgate	select ntile(4) over (order by col asc) from `user` where Id = 1 limit 10001 /* INT64 */	same	13f62d816d3aa17aec599fd6a9a12d0172d908d2b72c1a46c190ae502e961655	13f62d816d3aa17aec599fd6a9a12d0172d908d2b72c1a46c190ae502e961655		
5141fc605afe5730	query	dynamic:vitess;dynamic:vtgate	select `user`.col from `user` join user_extra on user_extra.user_id = `user`.id limit 10001	same	db6eafe6e00c4eca41cb4f828cab78210badd351516bf7feeec9b582b870f952	db6eafe6e00c4eca41cb4f828cab78210badd351516bf7feeec9b582b870f952		
5143a816b05d52cb	query	dynamic:vitess;dynamic:vtgate	update multicolvin set column_a = 0, column_b = 1, column_c = 2 where kid = 1 limit 10001 /* INT64 */	same	0f444752ba32ebf169f55f78a7bd9ac9f75cd15e3f615ce1f6c156bdefbba6d3	0f444752ba32ebf169f55f78a7bd9ac9f75cd15e3f615ce1f6c156bdefbba6d3		
515731acc60e5899	query	dynamic:vitess;dynamic:vtgate	select u.id from `user` as u join user_extra as ue on ue.user_id = u.id group by u.id having count(u.`name`) = 3 limit 10001 /* INT64 */	same	a9ebc077a1fa73f7d4bcd5f5168ca8e4219309ffae9566026486841448fcf937	a9ebc077a1fa73f7d4bcd5f5168ca8e4219309ffae9566026486841448fcf937		
515f8d49fe982717	query	dynamic:vitess;dynamic:vtgate	select distinct row_number() over (partition by Id order by col asc) as rn, col from `user` where Id = 1 limit 10001 /* INT64 */	same	d2b5eb6b40505f70e19b4167902dd12cf163a2a45631697b22c9ec082a723917	d2b5eb6b40505f70e19b4167902dd12cf163a2a45631697b22c9ec082a723917		
51c620e4f85b8e21	query	dynamic:vitess;dynamic:vtgate	with t as (select id from `user` where id = 5) select t.id from t join user_extra on t.id = user_extra.user_id limit 10001	same	a9ebc077a1fa73f7d4bcd5f5168ca8e4219309ffae9566026486841448fcf937	a9ebc077a1fa73f7d4bcd5f5168ca8e4219309ffae9566026486841448fcf937		
51ee92b4225feaad	query	dynamic:vitess;dynamic:vtgate	select last_value(col) over (order by col asc) from `user` where Id = 1 limit 10001 /* INT64 */	same	9cb46be53133cec8b21489e6c78b7006c7a8c8e99a626a4ff6049456c8e088b6	9cb46be53133cec8b21489e6c78b7006c7a8c8e99a626a4ff6049456c8e088b6		
52188e9cd3b76765	query	dynamic:vitess;dynamic:vtgate	delete from music_extra where user_id = 1 /* INT64 */	same	99cadf2aabf25ade2defd6c9047547939765b0d07a7f2ddb7379dccb3c649ce1	99cadf2aabf25ade2defd6c9047547939765b0d07a7f2ddb7379dccb3c649ce1		
52b7de1538c3db6f	query	dynamic:vitess;dynamic:vtgate	select * from `user` as u join user_metadata as um on u.id = um.user_id where foo = 41 limit 20 /* INT64 */	same	6777e2393bf3064aa93f31066c2c982589913fdec3dbde1bc0aba2555055bf74	6777e2393bf3064aa93f31066c2c982589913fdec3dbde1bc0aba2555055bf74		
52fe99c99065fe80	query	dynamic:vitess;dynamic:vtgate	select distinct first_value(col) over (partition by Id order by col desc) as fv from `user` where Id in (1, 2, 3) order by fv asc limit 5 /* INT64 */	same	e70d13413d5226f50c938384187023fcf11a67d13f12ae5b9d1c945b9cc81a62	e70d13413d5226f50c938384187023fcf11a67d13f12ae5b9d1c945b9cc81a62		
530495f5ff1a7d2c	query	dynamic:vitess;dynamic:vtgate	select val2, count(distinct val1), count(*) from `user` group by val2 limit 10001	same	10aba574287a88a84d8597b32b0181bcb60ec5735eb5b43a7e5e0a83088b845a	10aba574287a88a84d8597b32b0181bcb60ec5735eb5b43a7e5e0a83088b845a		
5318425e470b3e46	query	dynamic:vitess;dynamic:reshard	CREATE DATABASE /*!32312 IF NOT EXISTS*/ `vt_customer` /*!40100 DEFAULT CHARACTER SET utf8mb4 COLLATE utf8mb4_0900_ai_ci */ /*!80016 DEFAULT ENCRYPTION='N' */	same	a0215245fcd7077f9a3548330d74f24b5f13ee7e6cc5cc6fa973dec8a4eb71dd	a0215245fcd7077f9a3548330d74f24b5f13ee7e6cc5cc6fa973dec8a4eb71dd		
53a0369e0855f0cb	query	dynamic:vitess;dynamic:vtgate	select col1, count(distinct col2) as c2 from `user` group by col1 limit 10001	same	67be4a4179ee192aac9182f94a4ee512608ae8fc266ff0e304cb24e98123ee0d	67be4a4179ee192aac9182f94a4ee512608ae8fc266ff0e304cb24e98123ee0d		
53bfdb91529839b0	query	dynamic:vitess;dynamic:movetables	drop table `vt_commerce`.`corder`	same	c86cf46a097faa769bb9da422e97d2acd3b690d4474790a9fb11c536dd793b1d	c86cf46a097faa769bb9da422e97d2acd3b690d4474790a9fb11c536dd793b1d	volatile on the reference: compared by shape	
53d4041e6a869e9c	query	dynamic:vitess;dynamic:vtgate	select id from `user` where someColumn = null limit 10001	same	a9ebc077a1fa73f7d4bcd5f5168ca8e4219309ffae9566026486841448fcf937	a9ebc077a1fa73f7d4bcd5f5168ca8e4219309ffae9566026486841448fcf937		
54385d36ea2d90bd	query	dynamic:vitess;dynamic:vtgate	select distinct lead(col, 1) over (partition by Id order by col asc) as next_col from `user` where Id in (1, 2, 3) limit 3 /* INT64 */	same	cf4badc2f73aa7f161cc44397c115d9fb8e55b71af64b2693783ef62e6aaa401	cf4badc2f73aa7f161cc44397c115d9fb8e55b71af64b2693783ef62e6aaa401		
543f587df44ca872	query	dynamic:vitess;dynamic:vtgate	select u.id, e.id from `user` as u join user_extra as e where u.col = e.col and u.col in (select * from `user` where `user`.id = u.id order by col asc) limit 10001	same	86801ab58285fc896643f29521f4bf46126a9347af4dfb7b754d09996e247c67	86801ab58285fc896643f29521f4bf46126a9347af4dfb7b754d09996e247c67		
547733ba573fcee6	query	dynamic:vitess;dynamic:vtgate	select a + 2 as a from `user` order by a asc limit 10001	same	c16efd54c1514677f95efeafe4168cfee72e76894a10d9d79a7a32f4ba8d0d16	c16efd54c1514677f95efeafe4168cfee72e76894a10d9d79a7a32f4ba8d0d16		
547944bb64f0f2c2	query	dynamic:vitess;dynamic:vtgate	with t as (select `user`.id, `user`.col from `user` join user_extra) select id from t where id = 5 limit 10001 /* INT64 */	same	a9ebc077a1fa73f7d4bcd5f5168ca8e4219309ffae9566026486841448fcf937	a9ebc077a1fa73f7d4bcd5f5168ca8e4219309ffae9566026486841448fcf937		
5486b3b806519ccf	query	dynamic:vitess;dynamic:vtgate	with t as (select id, textcol1 as baz from route1) , s as (select id, textcol1 + textcol1 as baz from `user`) select t.id from t join s on t.id = s.id where t.baz = '3' and s.baz = '3' limit 10001 /* VARCHAR */	same	99cadf2aabf25ade2defd6c9047547939765b0d07a7f2ddb7379dccb3c649ce1	99cadf2aabf25ade2defd6c9047547939765b0d07a7f2ddb7379dccb3c649ce1		
54ce75594e77c701	query	dynamic:vitess;dynamic:vtgate	select music.id from music where music.id in (select * from (select * from (select music.id from music where music.user_id in (5, 6) limit 10) as subquery_for_limit) as subquery_for_limit) limit 10001	same	a9ebc077a1fa73f7d4bcd5f5168ca8e4219309ffae9566026486841448fcf937	a9ebc077a1fa73f7d4bcd5f5168ca8e4219309ffae9566026486841448fcf937		
5504172485e02347	query	dynamic:vitess;dynamic:vtgate	delete u from `user` as u join music as m on u.id = m.user_id	same	0f444752ba32ebf169f55f78a7bd9ac9f75cd15e3f615ce1f6c156bdefbba6d3	0f444752ba32ebf169f55f78a7bd9ac9f75cd15e3f615ce1f6c156bdefbba6d3		
552ffda52007c71a	query	dynamic:vitess;dynamic:vtgate	with recursive cte as (select `name`, id from `user` where manager_id is null union all select e.`name`, e.id from cte join `user` as e on e.manager_id = cte.id) select `name` from cte limit 10001	same	10aba574287a88a84d8597b32b0181bcb60ec5735eb5b43a7e5e0a83088b845a	10aba574287a88a84d8597b32b0181bcb60ec5735eb5b43a7e5e0a83088b845a		
5536bceff064f9b5	query	dynamic:vitess;dynamic:vtgate	insert into `user`(one, two, three) values (1, 2, 3, 4)	same	10aba574287a88a84d8597b32b0181bcb60ec5735eb5b43a7e5e0a83088b845a	10aba574287a88a84d8597b32b0181bcb60ec5735eb5b43a7e5e0a83088b845a		
554fe0fd2c8922fd	query	dynamic:vitess;dynamic:keyspace-vschema;dynamic:movetables;dynamic:onlineddl	SELECT `id`, `user_id`, `extra_id`, `col`, `m2` FROM `vt_commerce`.`user_extra` WHERE 1 != 1	same	9807220a1618ab38db2c6b66e14a8922a247f1df8e66832f43097653c63d8a3d	9807220a1618ab38db2c6b66e14a8922a247f1df8e66832f43097653c63d8a3d		
55b7c71cb648d2cd	query	dynamic:vitess;dynamic:vtgate	select sum(col) over (partition by col) from ref limit 10001	same	e60021dc06947992e4eb9d10295ade22bb93919547ad7c6ee4bd9722aba1438a	e60021dc06947992e4eb9d10295ade22bb93919547ad7c6ee4bd9722aba1438a		
55f35d98951482c4	query	dynamic:vitess;dynamic:vtgate	select (select count(*) from user_extra) + (1 in (select count(*) from user_extra)) + (select count(*) from user_extra) from `user` where id = 1 limit 10001 /* INT64 */	same	c5a89be721616c6728fe770f49183e2815c01b513676e502093e282577b85900	c5a89be721616c6728fe770f49183e2815c01b513676e502093e282577b85900		
562091d7b1d144b7	query	dynamic:vitess;dynamic:vtgate	select `user`.id * user_id as amount from `user`, user_extra limit 10001	same	e0eb28784c58ece04f8d7c2a9e09e9b393fd48d09cb4d91f851970f0f48b4be8	e0eb28784c58ece04f8d7c2a9e09e9b393fd48d09cb4d91f851970f0f48b4be8		
5669d4207f663fcd	query	dynamic:vitess;dynamic:keyspace-vschema;dynamic:movetables;dynamic:onlineddl	SELECT `id`, `col`, `intcol`, `user_id`, `id1`, `id2`, `id3`, `m`, `bar`, `a`, `name`, `col1`, `col2`, `costly`, `predef1`, `predef2`, `textcol1`, `textcol2`, `someColumn`, `foo` FROM `vt_commerce`.`user` WHERE 1 != 1	same	dbbd5ce79dcb2e3b1da74450edf825900a6d7f5c08d9585c23d5d1a2c88c4548	dbbd5ce79dcb2e3b1da74450edf825900a6d7f5c08d9585c23d5d1a2c88c4548		
56b96f36b9f81dc4	query	dynamic:vitess;dynamic:vtgate	select count(*) from `user` where `user`.id = 2 or `user`.id not in (select id from unsharded_a where colb = 2) limit 10001	same	10aba574287a88a84d8597b32b0181bcb60ec5735eb5b43a7e5e0a83088b845a	10aba574287a88a84d8597b32b0181bcb60ec5735eb5b43a7e5e0a83088b845a		
5767b4b7d5ed616f	query	dynamic:vitess;dynamic:vtgate	select distinct textcol2 from `user` limit 10001	same	d15fa599ad4b4ac02d83de471db7b3b8b0733a378c4fd1a41305817aa9241818	d15fa599ad4b4ac02d83de471db7b3b8b0733a378c4fd1a41305817aa9241818		
578f8f73ba1910d5	query	dynamic:vitess;dynamic:vtgate	select unsharded_a.col from unsharded_a join unsharded_b on (select col from `user`) limit 10001	same	db6eafe6e00c4eca41cb4f828cab78210badd351516bf7feeec9b582b870f952	db6eafe6e00c4eca41cb4f828cab78210badd351516bf7feeec9b582b870f952		
57dab8dd3dfe53da	query	dynamic:vitess;dynamic:vtgate	select distinct a as c, a from `user` limit 10001	same	5ec3d177ffc53203819972884bd013e774e54a445ef5abce7deabe3b2ce5956c	5ec3d177ffc53203819972884bd013e774e54a445ef5abce7deabe3b2ce5956c		
580da33b9862ff93	query	dynamic:vitess;dynamic:vtgate	select rank() over (order by intcol asc) from `user` limit 10001	same	f75fa5b6741f1effd2f523b657d44ecdb38133c339b4d3e61feab581fc99688a	f75fa5b6741f1effd2f523b657d44ecdb38133c339b4d3e61feab581fc99688a		
58aefc6f0687c000	query	dynamic:vitess;dynamic:vtgate	insert into unsharded select 1 from dual union select 1 from dual	same	3ba5e2754f11856e1031977c739257530518b07b0d0035bfccd1be03087b3abe	3ba5e2754f11856e1031977c739257530518b07b0d0035bfccd1be03087b3abe		
58f33712ac3f580c	query	dynamic:vitess;dynamic:vtgate	select u1.col from `user` as u1 where u1.id = 5 and u1.`name` in (select u2.`name` from `user` as u2 where u2.id = 5) limit 10001	same	db6eafe6e00c4eca41cb4f828cab78210badd351516bf7feeec9b582b870f952	db6eafe6e00c4eca41cb4f828cab78210badd351516bf7feeec9b582b870f952		
5943d7a6e6aaedfe	query	dynamic:vitess;dynamic:vtgate	select count(*) from `user`, user_extra group by `user`.id + user_extra.id limit 10001	same	6f233a05f097ba51acbd9feee459b07cb36507ffc29bd2dffb7b11afc9d888f5	6f233a05f097ba51acbd9feee459b07cb36507ffc29bd2dffb7b11afc9d888f5		
59588c2235d1ee4c	query	dynamic:vitess;dynamic:vtgate	select * from user_details_view limit 10001	same	99cadf2aabf25ade2defd6c9047547939765b0d07a7f2ddb7379dccb3c649ce1	99cadf2aabf25ade2defd6c9047547939765b0d07a7f2ddb7379dccb3c649ce1		
597a2aca557df250	query	dynamic:vitess;dynamic:vtgate	select foo, foo, foo from `user` union select bar, baz, toto from music limit 10001	same	10aba574287a88a84d8597b32b0181bcb60ec5735eb5b43a7e5e0a83088b845a	10aba574287a88a84d8597b32b0181bcb60ec5735eb5b43a7e5e0a83088b845a		
59c96925bbbe1f71	query	dynamic:vitess;dynamic:vtgate	select lead(col, 1) over (order by col asc) from `user` where Id = 1 limit 10001 /* INT64 */	same	16156b05e10112059ef0c98a59dc88d673fb8a3c3670425bf6858a269e852155	16156b05e10112059ef0c98a59dc88d673fb8a3c3670425bf6858a269e852155		
5a17d36e7400441b	query	dynamic:vitess;dynamic:vtgate	select * from `user` where id = 4 and `name` = 'abc' limit 5 /* INT64 */	same	dbbd5ce79dcb2e3b1da74450edf825900a6d7f5c08d9585c23d5d1a2c88c4548	dbbd5ce79dcb2e3b1da74450edf825900a6d7f5c08d9585c23d5d1a2c88c4548		
5a34547d0a0a4b78	query	dynamic:vitess;dynamic:vtgate	with x as (select * from `user`) select * from x limit 10001	same	dbbd5ce79dcb2e3b1da74450edf825900a6d7f5c08d9585c23d5d1a2c88c4548	dbbd5ce79dcb2e3b1da74450edf825900a6d7f5c08d9585c23d5d1a2c88c4548		
5a78c792e050f264	query	dynamic:vitess;dynamic:vtgate	select a from `user` order by convert(a, binary) desc limit 10001	same	c16efd54c1514677f95efeafe4168cfee72e76894a10d9d79a7a32f4ba8d0d16	c16efd54c1514677f95efeafe4168cfee72e76894a10d9d79a7a32f4ba8d0d16		
5a8f87c1623d3ef1	query	dynamic:vitess;dynamic:vtgate	select id from `user` union all select id from music limit 10001	same	a9ebc077a1fa73f7d4bcd5f5168ca8e4219309ffae9566026486841448fcf937	a9ebc077a1fa73f7d4bcd5f5168ca8e4219309ffae9566026486841448fcf937		
5a9856d3dd913d2a	query	dynamic:vitess;dynamic:vtgate	insert into unsharded_auto(val) values ('aa')	same	10aba574287a88a84d8597b32b0181bcb60ec5735eb5b43a7e5e0a83088b845a	10aba574287a88a84d8597b32b0181bcb60ec5735eb5b43a7e5e0a83088b845a		
5a9b3dcfe274f928	query	dynamic:vitess;dynamic:vtgate	select * from primary_redirect limit 10001	same	99cadf2aabf25ade2defd6c9047547939765b0d07a7f2ddb7379dccb3c649ce1	99cadf2aabf25ade2defd6c9047547939765b0d07a7f2ddb7379dccb3c649ce1		
5ab7fe96b1fbf88d	query	dynamic:vitess;dynamic:vtgate	with recursive cte as (select ue.id, ue.foo from `user` as u join user_extra as ue on u.id = ue.user_id union all select sr.id, sr.foo from cte join source_of_ref as sr on sr.foo = cte.foo join rerouted_ref as rr on rr.bar = sr.bar) select * from cte limit 10001	same	10aba574287a88a84d8597b32b0181bcb60ec5735eb5b43a7e5e0a83088b845a	10aba574287a88a84d8597b32b0181bcb60ec5735eb5b43a7e5e0a83088b845a		
5aed791a27811d92	query	dynamic:vitess;dynamic:vtgate	select `user`.col1 as a from `user` order by 1 collate utf8_general_ci asc limit 10001	same	c16efd54c1514677f95efeafe4168cfee72e76894a10d9d79a7a32f4ba8d0d16	c16efd54c1514677f95efeafe4168cfee72e76894a10d9d79a7a32f4ba8d0d16		
5b06c0f4fdfbd7c4	query	dynamic:vitess;dynamic:vtgate	select bar, baz, toto from music union all select foo, foo, foo from `user` limit 10001	same	10aba574287a88a84d8597b32b0181bcb60ec5735eb5b43a7e5e0a83088b845a	10aba574287a88a84d8597b32b0181bcb60ec5735eb5b43a7e5e0a83088b845a		
5b3fed0ca656e83e	query	dynamic:vitess;dynamic:vtgate	select col, col, count(*) from `user` group by col limit 10001	same	931d9a8638688a8a9c8c0882ca3533e59e55e2ace59185fa4f18c396bbe59a73	931d9a8638688a8a9c8c0882ca3533e59e55e2ace59185fa4f18c396bbe59a73		
5b46b28b70dd8c49	query	dynamic:vitess;dynamic:vtgate	select sum(intcol) over (order by Id asc range between unbounded preceding and current row) from `user` limit 10001	same	447ec90a2c8f812bc624b2f81aaa00e99e546f1f68fab2faabf5d98a545ba187	447ec90a2c8f812bc624b2f81aaa00e99e546f1f68fab2faabf5d98a545ba187		
5ba20fba91ec90d8	query	dynamic:vitess;dynamic:vtgate	select a, b, count(*) from `user` group by a order by b asc limit 10001	same	10aba574287a88a84d8597b32b0181bcb60ec5735eb5b43a7e5e0a83088b845a	10aba574287a88a84d8597b32b0181bcb60ec5735eb5b43a7e5e0a83088b845a		
5c2ddfba8ad4a02b	query	dynamic:vitess;dynamic:vtgate	with u as (select col from `user` where id = 5) , e as (select col from user_extra where user_id = 5) select u.col, e.col from u join e limit 10001	same	61fff6c498b9b2a9107b9ffbf4e78ea064b85c6671bf42fc451504dbb4242b4b	61fff6c498b9b2a9107b9ffbf4e78ea064b85c6671bf42fc451504dbb4242b4b		
5c7037673fc8120e	query	dynamic:vitess;dynamic:vtgate	select * from multicol_tbl where colb = 4 and colb in (1, 10) and cola in (5, 6) limit 10001	same	d03d99ce2dc026281aa99ec0faf68505d0480f9543e1d1d5ca18ccdf78935e88	d03d99ce2dc026281aa99ec0faf68505d0480f9543e1d1d5ca18ccdf78935e88		
5c97c0cc8c7df0f1	query	dynamic:vitess;dynamic:vtgate	insert into history1(h_c_d_id, h_c_w_id, h_c_id, h_d_id, h_w_id, h_date, h_amount, h_data) values (6809887, 38748, 8746, 210, 8, now(), 8907, 'data')	same	99cadf2aabf25ade2defd6c9047547939765b0d07a7f2ddb7379dccb3c649ce1	99cadf2aabf25ade2defd6c9047547939765b0d07a7f2ddb7379dccb3c649ce1		
5cf69d48a12a67b9	query	dynamic:vitess;dynamic:vtgate	select foo from `user` group by foo having count(*) = 3 limit 10001 /* INT64 */	same	0d1c707c4e48bdb60f8d0261ad402d33b29232299aa6737ff4d540fc65a5e574	0d1c707c4e48bdb60f8d0261ad402d33b29232299aa6737ff4d540fc65a5e574		
5d00afe2d2b686f9	query	dynamic:vitess;dynamic:vtgate	select u.id, u.age from `user` as u group by u.id limit 10001	same	10aba574287a88a84d8597b32b0181bcb60ec5735eb5b43a7e5e0a83088b845a	10aba574287a88a84d8597b32b0181bcb60ec5735eb5b43a7e5e0a83088b845a		
5d2e176b2d504b37	query	dynamic:vitess;dynamic:vtgate	delete foo from unsharded as foo left join (select id from unsharded where col is not null order by col desc limit 10) as keepers on foo.id = keepers.id where keepers.id is null and foo.col is not null and foo.col < 1000 /* INT64 */	same	0f444752ba32ebf169f55f78a7bd9ac9f75cd15e3f615ce1f6c156bdefbba6d3	0f444752ba32ebf169f55f78a7bd9ac9f75cd15e3f615ce1f6c156bdefbba6d3		
5d62ee0bf2fed5bf	query	dynamic:vitess;dynamic:vtgate	with u as (select col from unsharded join unsharded_b) select col from u join unsharded_a as ua limit 1 /* INT64 */	same	e0eb28784c58ece04f8d7c2a9e09e9b393fd48d09cb4d91f851970f0f48b4be8	e0eb28784c58ece04f8d7c2a9e09e9b393fd48d09cb4d91f851970f0f48b4be8		
5d9c1f13e7b711d4	query	dynamic:vitess;dynamic:vtgate	select ref.col from ref join `user` limit 10001	same	db6eafe6e00c4eca41cb4f828cab78210badd351516bf7feeec9b582b870f952	db6eafe6e00c4eca41cb4f828cab78210badd351516bf7feeec9b582b870f952		
5db06b890c0f054d	query	dynamic:vitess;dynamic:vtgate	select `user`.col1 as a, `user`.col2 as b, music.col3 as c from `user`, music where `user`.id = music.id and `user`.id = 1 order by c asc limit 10001	same	10aba574287a88a84d8597b32b0181bcb60ec5735eb5b43a7e5e0a83088b845a	10aba574287a88a84d8597b32b0181bcb60ec5735eb5b43a7e5e0a83088b845a		
5dedf7292cb1eb83	query	dynamic:vitess;dynamic:vtgate	select rank() over w from `user` where Id = 1 window w AS (order by col asc) limit 10001	same	920649389ac4b92de89c0cf4ad0cc4d665ad2151e87fa4499f4a025c57550ac0	920649389ac4b92de89c0cf4ad0cc4d665ad2151e87fa4499f4a025c57550ac0		
5e1d313e1976a091	query	dynamic:vitess;dynamic:vtgate	select `user`.* from `user` where id = 5 order by e.col asc limit 10001	same	10aba574287a88a84d8597b32b0181bcb60ec5735eb5b43a7e5e0a83088b845a	10aba574287a88a84d8597b32b0181bcb60ec5735eb5b43a7e5e0a83088b845a		
5e344ac5f923e499	query	dynamic:vitess;dynamic:vtgate	select id from `user` order by 1 asc limit 2 /* INT64 */	same	a9ebc077a1fa73f7d4bcd5f5168ca8e4219309ffae9566026486841448fcf937	a9ebc077a1fa73f7d4bcd5f5168ca8e4219309ffae9566026486841448fcf937		
5e42a3ab5b9650b3	query	dynamic:vitess;dynamic:vtgate	select `user`.col from `user` join user_extra on `user`.id = user_extra.col limit 10001	same	db6eafe6e00c4eca41cb4f828cab78210badd351516bf7feeec9b582b870f952	db6eafe6e00c4eca41cb4f828cab78210badd351516bf7feeec9b582b870f952		
5eb24dc1ee699503	query	dynamic:vitess;dynamic:vtgate	select predef1, predef3 from `user` join unsharded on predef1 = predef3 limit 10001	same	10aba574287a88a84d8597b32b0181bcb60ec5735eb5b43a7e5e0a83088b845a	10aba574287a88a84d8597b32b0181bcb60ec5735eb5b43a7e5e0a83088b845a		
5f0cd524d9385a88	query	dynamic:vitess;dynamic:vtgate	select id from `user` where id = 5 and `user`.col in (select user_extra.col from user_extra where user_extra.user_id = 5) limit 10001	same	a9ebc077a1fa73f7d4bcd5f5168ca8e4219309ffae9566026486841448fcf937	a9ebc077a1fa73f7d4bcd5f5168ca8e4219309ffae9566026486841448fcf937		
5f22a5f79707f99f	query	dynamic:vitess;dynamic:vtgate	select * from (select * from unsharded where branchId = 203622 and buildNumber <= 113893 and state = 'FAILED' order by buildNumber desc limit 1) as last_failed union all select * from (select * from unsharded where branchId = 203622 and buildNumber <= 113893 and state = 'SUCCEEDED' order by buildNumber desc limit 1) as last_succeeded order by buildNumber desc limit 1 /* INT64 */	same	10aba574287a88a84d8597b32b0181bcb60ec5735eb5b43a7e5e0a83088b845a	10aba574287a88a84d8597b32b0181bcb60ec5735eb5b43a7e5e0a83088b845a		
5f61b945cb9ae2f8	query	dynamic:vitess;dynamic:vtgate	select id, textcol1, rank() over (partition by id, textcol1 order by id asc) as rnk from `user` where id = 5 limit 10001 /* INT64 */	same	5091e772de857fac277bf3a971ec5600fb9c38509258a8ac7bd93916d40b9d01	5091e772de857fac277bf3a971ec5600fb9c38509258a8ac7bd93916d40b9d01		
5f7cc91b9c9222cd	query	dynamic:vitess;dynamic:vtgate	update unsharded set col = (select id from unsharded join `user` on unsharded.id = `user`.id) limit 10001	same	e0eb28784c58ece04f8d7c2a9e09e9b393fd48d09cb4d91f851970f0f48b4be8	e0eb28784c58ece04f8d7c2a9e09e9b393fd48d09cb4d91f851970f0f48b4be8		
5f7f0712304055ab	query	dynamic:vitess;dynamic:vtgate	select count(`user`.col) from `user` join user_extra on `user`.foo = user_extra.bar limit 10001	same	10aba574287a88a84d8597b32b0181bcb60ec5735eb5b43a7e5e0a83088b845a	10aba574287a88a84d8597b32b0181bcb60ec5735eb5b43a7e5e0a83088b845a		
5f81d397936b4ab5	query	dynamic:vitess;dynamic:vtgate	select a from `user` group by a + 1 limit 10001 /* INT64 */	same	4e979173b9700413bcbf9c1aa26fdf2488e27d3eaefb1d501987d1fe82f27457	4e979173b9700413bcbf9c1aa26fdf2488e27d3eaefb1d501987d1fe82f27457		
5fb394aee26749e0	query	dynamic:vitess;dynamic:vtgate	select music.id from music join `user` on music.user_id = `user`.id where music.user_id in (null) and `user`.id = 5 limit 10001 /* INT64 */	same	a9ebc077a1fa73f7d4bcd5f5168ca8e4219309ffae9566026486841448fcf937	a9ebc077a1fa73f7d4bcd5f5168ca8e4219309ffae9566026486841448fcf937		
5fe5314145b02c6e	query	dynamic:vitess;dynamic:vtgate	select 1 from `user` where id = 12 and exists (select 1 from music where user_id = 12 union select 1 from user_extra where user_id = 12) limit 10001	same	6e896260f53d1b8e06016cb34377992a2e3c229fa86def43505b2346d4642f3c	6e896260f53d1b8e06016cb34377992a2e3c229fa86def43505b2346d4642f3c		
601d6c76dd27885e	query	dynamic:vitess;dynamic:vtgate	select predef1, rank() over (partition by predef1), row_number() over (order by predef3 asc) from unsharded limit 10001	same	10aba574287a88a84d8597b32b0181bcb60ec5735eb5b43a7e5e0a83088b845a	10aba574287a88a84d8597b32b0181bcb60ec5735eb5b43a7e5e0a83088b845a		
6048bd24c9f06e3d	query	dynamic:vitess;dynamic:vtgate	select `name`, `name` from `user`, music order by `name` asc limit 10001	same	586a659c69a9ad3db1284f239c994a16345f5cd3ca274857443a3ef945811694	586a659c69a9ad3db1284f239c994a16345f5cd3ca274857443a3ef945811694		
60530bc253049942	query	dynamic:vitess;dynamic:vtgate	select `user`.col from `user` join source_of_ref limit 10001	same	db6eafe6e00c4eca41cb4f828cab78210badd351516bf7feeec9b582b870f952	db6eafe6e00c4eca41cb4f828cab78210badd351516bf7feeec9b582b870f952		
607752d003db6fd3	query	dynamic:vitess;dynamic:vtgate	with recursive emp_cte as (select id, `name`, manager_id from `user` where manager_id is null union all select e.id, e.`name`, e.manager_id from `user` as e join emp_cte as cte on e.manager_id = cte.id) select manager_id, count(*) as employee_count from emp_cte group by manager_id limit 10001	same	10aba574287a88a84d8597b32b0181bcb60ec5735eb5b43a7e5e0a83088b845a	10aba574287a88a84d8597b32b0181bcb60ec5735eb5b43a7e5e0a83088b845a		
60b05d9584dc1fa9	query	dynamic:vitess;dynamic:vtgate	select u.col from `user` as u left join unsharded as m on u.a = m.b limit 10001	same	10aba574287a88a84d8597b32b0181bcb60ec5735eb5b43a7e5e0a83088b845a	10aba574287a88a84d8597b32b0181bcb60ec5735eb5b43a7e5e0a83088b845a		
60c633d754fbf527	query	dynamic:vitess;dynamic:keyspace-vschema;dynamic:movetables;dynamic:onlineddl	SELECT `col` FROM `vt_commerce`.`samecolvin` WHERE 1 != 1	same	db6eafe6e00c4eca41cb4f828cab78210badd351516bf7feeec9b582b870f952	db6eafe6e00c4eca41cb4f828cab78210badd351516bf7feeec9b582b870f952		
60d4b27a5d1d2795	query	dynamic:vitess;dynamic:vtgate	select id from `user` where exists (select 1 from user_index) limit 10001	same	99cadf2aabf25ade2defd6c9047547939765b0d07a7f2ddb7379dccb3c649ce1	99cadf2aabf25ade2defd6c9047547939765b0d07a7f2ddb7379dccb3c649ce1		
60ee0bc2c40e7861	query	dynamic:vitess;dynamic:vtgate	select id from (select id from (select id from `user`) as u) as t where id = 5 limit 10001 /* INT64 */	same	a9ebc077a1fa73f7d4bcd5f5168ca8e4219309ffae9566026486841448fcf937	a9ebc077a1fa73f7d4bcd5f5168ca8e4219309ffae9566026486841448fcf937		
614ddca68bdefea5	query	dynamic:vitess;dynamic:vtgate	select 1 from unsharded where foo = all (select 1 from unsharded_a where foo = 1) limit 10001	same	10aba574287a88a84d8597b32b0181bcb60ec5735eb5b43a7e5e0a83088b845a	10aba574287a88a84d8597b32b0181bcb60ec5735eb5b43a7e5e0a83088b845a		
615730678680778d	query	dynamic:vitess;dynamic:vtgate	select c from t limit 10001	same	99cadf2aabf25ade2defd6c9047547939765b0d07a7f2ddb7379dccb3c649ce1	99cadf2aabf25ade2defd6c9047547939765b0d07a7f2ddb7379dccb3c649ce1		
61627a63b2bb7c56	query	dynamic:vitess;dynamic:vtgate	select 42 from `user` as u join user_extra as ue on u.id = ue.user_id join music as m on m.user_id = u.id where u.foo or m.foo or ue.foo limit 10001	same	10aba574287a88a84d8597b32b0181bcb60ec5735eb5b43a7e5e0a83088b845a	10aba574287a88a84d8597b32b0181bcb60ec5735eb5b43a7e5e0a83088b845a		
618f51175f4fa031	query	dynamic:vitess;dynamic:vtgate	select max(`user`.col) from `user` join user_extra on `user`.foo = user_extra.bar limit 10001	same	10aba574287a88a84d8597b32b0181bcb60ec5735eb5b43a7e5e0a83088b845a	10aba574287a88a84d8597b32b0181bcb60ec5735eb5b43a7e5e0a83088b845a		
61a24770744efb89	query	dynamic:vitess;dynamic:vtgate	with x as (select user_extra.col as col from `user` left join user_extra on `user`.id = user_extra.id limit 10) select count(col) from x limit 10001	same	5c3b8cc4794d6b34c50d674e8a616660eb3fc5e988d392a7710ec22b120141d9	5c3b8cc4794d6b34c50d674e8a616660eb3fc5e988d392a7710ec22b120141d9		
61fdbe4ab6c698cd	query	dynamic:vitess;dynamic:movetables;dynamic:reshard	lock tables shopper read	same	0f444752ba32ebf169f55f78a7bd9ac9f75cd15e3f615ce1f6c156bdefbba6d3	0f444752ba32ebf169f55f78a7bd9ac9f75cd15e3f615ce1f6c156bdefbba6d3		
622ab875e2f70f8d	query	dynamic:vitess;dynamic:keyspace-vschema	CREATE TABLE `unsharded_a`\n(\n    `id`   INT NOT NULL PRIMARY KEY,\n    `col`  VARCHAR(255) DEFAULT NULL,\n    `name` VARCHAR(255) DEFAULT NULL\n)	same	c86cf46a097faa769bb9da422e97d2acd3b690d4474790a9fb11c536dd793b1d	c86cf46a097faa769bb9da422e97d2acd3b690d4474790a9fb11c536dd793b1d	replayed in an empty database: the object exists in the captured schema; volatile on the reference: compared by shape	
6251e772287fcec9	query	dynamic:vitess;dynamic:vtgate	select col from `user` order by 2 asc limit 10001	same	10aba574287a88a84d8597b32b0181bcb60ec5735eb5b43a7e5e0a83088b845a	10aba574287a88a84d8597b32b0181bcb60ec5735eb5b43a7e5e0a83088b845a		
6335044e8956849d	query	dynamic:vitess;dynamic:vtgate	select d_street_1, d_street_2, d_city, d_state, d_zip, d_name from district1 where d_w_id = 896 and d_id = 9 limit 10001 /* INT64 */	same	99cadf2aabf25ade2defd6c9047547939765b0d07a7f2ddb7379dccb3c649ce1	99cadf2aabf25ade2defd6c9047547939765b0d07a7f2ddb7379dccb3c649ce1		
6364feb9904cc360	query	dynamic:vitess;dynamic:vtgate	select * from disabled limit 10001	same	99cadf2aabf25ade2defd6c9047547939765b0d07a7f2ddb7379dccb3c649ce1	99cadf2aabf25ade2defd6c9047547939765b0d07a7f2ddb7379dccb3c649ce1		
63b914d3227460ff	query	dynamic:vitess;dynamic:vtgate	select group_concat(`user`.a) from `user` join user_extra limit 10001	same	4d40a496e760038ae6469b38673e1cc7a0c210caea915d504ac6ce060addcb1d	4d40a496e760038ae6469b38673e1cc7a0c210caea915d504ac6ce060addcb1d		
63fb389b1a5c26b8	query	dynamic:vitess;dynamic:vtgate	select exists (select 1 from dual) from `user` where id = 5 limit 10001 /* INT64 */	same	ed01d077c82bf83b2056590351bd9a89bb0c737d1c6e5853569e6bd5a78fc69e	ed01d077c82bf83b2056590351bd9a89bb0c737d1c6e5853569e6bd5a78fc69e		
640eca0dbaefc8e6	query	dynamic:vitess;dynamic:vtgate	select * from `user` where id = 5 order by `user`.col asc limit 10001	same	dbbd5ce79dcb2e3b1da74450edf825900a6d7f5c08d9585c23d5d1a2c88c4548	dbbd5ce79dcb2e3b1da74450edf825900a6d7f5c08d9585c23d5d1a2c88c4548		
6446dead04a9d665	query	dynamic:vitess;dynamic:vtgate	select id from `user` order by id + 1 asc limit 10001	same	a9ebc077a1fa73f7d4bcd5f5168ca8e4219309ffae9566026486841448fcf937	a9ebc077a1fa73f7d4bcd5f5168ca8e4219309ffae9566026486841448fcf937		
6457c27bb0e7bdf2	query	dynamic:vitess;dynamic:vtgate	update route1 set a = 1 where id = 1 /* INT64 */	same	99cadf2aabf25ade2defd6c9047547939765b0d07a7f2ddb7379dccb3c649ce1	99cadf2aabf25ade2defd6c9047547939765b0d07a7f2ddb7379dccb3c649ce1		
64ef2d8a65208c89	query	dynamic:vitess;dynamic:vtgate	select rank() over (order by col asc), row_number() over (partition by textcol1) from `user` where Id = 1 limit 10001 /* INT64 */	same	4e4653616b181baa59e4df48a59ed2e232a8d7b34eba78cf4f65dbebde12e401	4e4653616b181baa59e4df48a59ed2e232a8d7b34eba78cf4f65dbebde12e401		
650eb3a1bc7776e9	query	dynamic:vitess;dynamic:vtgate	select json_extract(a, '$[4]'), json_unquote(json_extract(a, '$[3]')) from `user` limit 10001	same	3814286d910258d83bf25586aca9e40e00b2df7627b07d833fdcbbf39979f27e	3814286d910258d83bf25586aca9e40e00b2df7627b07d833fdcbbf39979f27e		
6587898a13ffd9ee	query	dynamic:vitess;dynamic:vtgate	insert into `user`(nonid, `name`, id) values (2, 'foo', 1)	same	10aba574287a88a84d8597b32b0181bcb60ec5735eb5b43a7e5e0a83088b845a	10aba574287a88a84d8597b32b0181bcb60ec5735eb5b43a7e5e0a83088b845a		
658d053dd0868c53	query	dynamic:vitess;dynamic:vtgate	select a, b, count(*) from `user` group by b, a limit 10001	same	10aba574287a88a84d8597b32b0181bcb60ec5735eb5b43a7e5e0a83088b845a	10aba574287a88a84d8597b32b0181bcb60ec5735eb5b43a7e5e0a83088b845a		
65c95d5d7bd87cf2	query	dynamic:vitess;dynamic:vtgate	select music.id from music join (select id from music where music.user_id in (5, 6, 7)) as other on other.id = music.id limit 10001	same	a9ebc077a1fa73f7d4bcd5f5168ca8e4219309ffae9566026486841448fcf937	a9ebc077a1fa73f7d4bcd5f5168ca8e4219309ffae9566026486841448fcf937		
65cbd64d71a03cb1	query	dynamic:vitess;dynamic:vtgate	delete from sbtest15 where id = 7525 /* INT64 */	same	99cadf2aabf25ade2defd6c9047547939765b0d07a7f2ddb7379dccb3c649ce1	99cadf2aabf25ade2defd6c9047547939765b0d07a7f2ddb7379dccb3c649ce1		
65d22c1d3f135a84	query	dynamic:vitess;dynamic:vtgate	select * from `user` limit 10001	same	dbbd5ce79dcb2e3b1da74450edf825900a6d7f5c08d9585c23d5d1a2c88c4548	dbbd5ce79dcb2e3b1da74450edf825900a6d7f5c08d9585c23d5d1a2c88c4548		
65e39ef3bbc3389c	query	dynamic:vitess;dynamic:vtgate	select a, b, count(*) as k from `user` group by a order by b asc, a asc, k asc limit 10001	same	10aba574287a88a84d8597b32b0181bcb60ec5735eb5b43a7e5e0a83088b845a	10aba574287a88a84d8597b32b0181bcb60ec5735eb5b43a7e5e0a83088b845a		
663cded91f1d7d79	query	dynamic:vitess;dynamic:vtgate	update unsharded_a as a, unsharded_b as b set a.val = 'foo' where a.id = b.id and b.val = 1 /* INT64 */	same	10aba574287a88a84d8597b32b0181bcb60ec5735eb5b43a7e5e0a83088b845a	10aba574287a88a84d8597b32b0181bcb60ec5735eb5b43a7e5e0a83088b845a		
6651f2d27c449f5c	query	dynamic:vitess;dynamic:vtgate	select col from unsharded union select id from `user` union select col2 from unsharded union select col from user_extra limit 10001	same	db6eafe6e00c4eca41cb4f828cab78210badd351516bf7feeec9b582b870f952	db6eafe6e00c4eca41cb4f828cab78210badd351516bf7feeec9b582b870f952		
6687900ac30db2c6	query	dynamic:vitess;dynamic:vtgate	select id from `user` where (col, `name`) in (('aa', 'bb'), ('cc', 'dd')) limit 10001	same	e3d2894c539aabc78562a039dde5d1a3f05f74e12b311f4356d73698b715a692	e3d2894c539aabc78562a039dde5d1a3f05f74e12b311f4356d73698b715a692		
66f0184e8f767ac1	query	dynamic:vitess;dynamic:vtgate	select cume_dist() over (order by intcol asc) from `user` limit 10001	same	7da41ab463e78449d03b54b0cda15b3046613a282bf43c018cb7ef1e137d05d6	7da41ab463e78449d03b54b0cda15b3046613a282bf43c018cb7ef1e137d05d6		
67107aa42641cbc5	query	dynamic:vitess;dynamic:vtgate	select distinct ol_i_id from order_line1 where ol_w_id = 1 and ol_d_id = 156 and ol_o_id < 500 and ol_o_id >= 56 limit 10001 /* INT64 */	same	99cadf2aabf25ade2defd6c9047547939765b0d07a7f2ddb7379dccb3c649ce1	99cadf2aabf25ade2defd6c9047547939765b0d07a7f2ddb7379dccb3c649ce1		
671e07f294f33a6b	query	dynamic:vitess;dynamic:vtgate	select `user`.id from `user` left join user_extra on `user`.col = user_extra.col where user_extra.foobar = 5 limit 10001 /* INT64 */	same	10aba574287a88a84d8597b32b0181bcb60ec5735eb5b43a7e5e0a83088b845a	10aba574287a88a84d8597b32b0181bcb60ec5735eb5b43a7e5e0a83088b845a		
673c5fa6fdca0262	query	dynamic:vitess;dynamic:vtgate	select rank() over (partition by user_id, col1) from authoritative limit 10001	same	f15ba0c0f7a822817ea9cd62c1504d9b718bc30427f32d6de6e4a247cf78718f	f15ba0c0f7a822817ea9cd62c1504d9b718bc30427f32d6de6e4a247cf78718f		
67ed6a89ba1a076c	query	dynamic:vitess;dynamic:vtgate	delete from multicol_tbl where colb in (1, 2) and cola in (3, 4) limit 10001	same	0f444752ba32ebf169f55f78a7bd9ac9f75cd15e3f615ce1f6c156bdefbba6d3	0f444752ba32ebf169f55f78a7bd9ac9f75cd15e3f615ce1f6c156bdefbba6d3		
6867323d26efbd85	query	dynamic:vitess;dynamic:vtgate	select id from (select `user`.id, `user`.col from `user` join user_extra) as t where id = 5 limit 10001 /* INT64 */	same	a9ebc077a1fa73f7d4bcd5f5168ca8e4219309ffae9566026486841448fcf937	a9ebc077a1fa73f7d4bcd5f5168ca8e4219309ffae9566026486841448fcf937		
68a10d9f599d9472	query	dynamic:vitess;dynamic:temporary-tables	insert into loams_tmp2 values (1)	same	99cadf2aabf25ade2defd6c9047547939765b0d07a7f2ddb7379dccb3c649ce1	99cadf2aabf25ade2defd6c9047547939765b0d07a7f2ddb7379dccb3c649ce1		
68aa6deb82dad24d	query	dynamic:vitess;dynamic:vtgate	select * from (select id from `user` having count(*) = 1) as s limit 10001	same	35cebba4ba02f6d676538583ecfd3c5774493da092df7b760888127b011af817	35cebba4ba02f6d676538583ecfd3c5774493da092df7b760888127b011af817		
68b5f042221b92dd	query	dynamic:vitess;dynamic:vtgate	select next_id, cache from seq where id = 0 for update	same	519e217953b7537273d735a1cc094b58255e50b06e1e6a28551fc69fceb58399	519e217953b7537273d735a1cc094b58255e50b06e1e6a28551fc69fceb58399		
68ebf6177c51a129	query	dynamic:vitess;dynamic:vtgate	select * from multicol_tbl where cola = 1 limit 10001 /* INT64 */	same	d03d99ce2dc026281aa99ec0faf68505d0480f9543e1d1d5ca18ccdf78935e88	d03d99ce2dc026281aa99ec0faf68505d0480f9543e1d1d5ca18ccdf78935e88		
6927441452125e5e	query	dynamic:vitess;dynamic:vtgate	delete from `user` where id = (select id from music where user_id = 1) limit 10001	same	0f444752ba32ebf169f55f78a7bd9ac9f75cd15e3f615ce1f6c156bdefbba6d3	0f444752ba32ebf169f55f78a7bd9ac9f75cd15e3f615ce1f6c156bdefbba6d3		
69aa4b92f047ef3b	query	dynamic:vitess;dynamic:vtgate	select id from `user`, user_extra where `user`.id = user_extra.col and user_extra.col = user_extra.user_id limit 10001	same	e0eb28784c58ece04f8d7c2a9e09e9b393fd48d09cb4d91f851970f0f48b4be8	e0eb28784c58ece04f8d7c2a9e09e9b393fd48d09cb4d91f851970f0f48b4be8		
69c91f5fa7cff084	query	dynamic:vitess;dynamic:vtgate	select * from multicolvin where column_a = 3 and column_b = 1 limit 10001 /* INT64 */	same	675bea807831d3be8caf377dbdf11bf87165c2b5f601da364187920a340db1a1	675bea807831d3be8caf377dbdf11bf87165c2b5f601da364187920a340db1a1		
69da4af2e528aff4	query	dynamic:vitess;dynamic:vtgate	select bar, baz, toto from music union select foo, foo, foo from `user` limit 10001	same	10aba574287a88a84d8597b32b0181bcb60ec5735eb5b43a7e5e0a83088b845a	10aba574287a88a84d8597b32b0181bcb60ec5735eb5b43a7e5e0a83088b845a		
69e0cb44ce4c97cb	query	dynamic:vitess;dynamic:vtgate	select user_extra.id from `user` join user_extra on `user`.id = user_extra.user_id where user_extra.user_id = 5 limit 10001 /* INT64 */	same	a9ebc077a1fa73f7d4bcd5f5168ca8e4219309ffae9566026486841448fcf937	a9ebc077a1fa73f7d4bcd5f5168ca8e4219309ffae9566026486841448fcf937		
6a04e2e2de87d5b3	query	dynamic:vitess;dynamic:vtgate	select id from `user` where ((col1, `name`), col2) in ((('aa', 'bb'), 'cc'), (('dd', 'ee'), 'ff')) limit 10001	same	a9ebc077a1fa73f7d4bcd5f5168ca8e4219309ffae9566026486841448fcf937	a9ebc077a1fa73f7d4bcd5f5168ca8e4219309ffae9566026486841448fcf937		
6a14691f30d1d8a3	query	dynamic:vitess;dynamic:vtgate	insert into music_extra(music_id, user_id) values (1, 18446744073709551616)	same	99cadf2aabf25ade2defd6c9047547939765b0d07a7f2ddb7379dccb3c649ce1	99cadf2aabf25ade2defd6c9047547939765b0d07a7f2ddb7379dccb3c649ce1		
6a2a60518b717df8	query	dynamic:vitess;dynamic:vtgate	with x as (select phone, id, city from `user` where id > 12 limit 10) select count(*) from x limit 10001	same	10aba574287a88a84d8597b32b0181bcb60ec5735eb5b43a7e5e0a83088b845a	10aba574287a88a84d8597b32b0181bcb60ec5735eb5b43a7e5e0a83088b845a		
6a42735c18accdee	query	dynamic:vitess;dynamic:vtgate	select textcol1 from `user` where foo = 42 and `user`.foo = 42 limit 10001 /* INT64 */	same	f8e34b376810b2588de1428b1fcc34afc8d0a3668ab74a57b622f768b2ee7283	f8e34b376810b2588de1428b1fcc34afc8d0a3668ab74a57b622f768b2ee7283		
6a76d8ea83e5e225	query	dynamic:vitess;dynamic:vtgate	select * from multicol_tbl where colb in (1, 10) and colb = 4 and cola in (5, 6) limit 10001	same	d03d99ce2dc026281aa99ec0faf68505d0480f9543e1d1d5ca18ccdf78935e88	d03d99ce2dc026281aa99ec0faf68505d0480f9543e1d1d5ca18ccdf78935e88		
6ad6d0127c7fcb02	query	dynamic:vitess;dynamic:vtgate	select `user`.* from `user` limit 10001	same	dbbd5ce79dcb2e3b1da74450edf825900a6d7f5c08d9585c23d5d1a2c88c4548	dbbd5ce79dcb2e3b1da74450edf825900a6d7f5c08d9585c23d5d1a2c88c4548		
6af337b985278818	query	dynamic:vitess;dynamic:vtgate	select m1.col from unsharded as m1 left join unsharded as m2 on m1.a = m2.b limit 10001	same	10aba574287a88a84d8597b32b0181bcb60ec5735eb5b43a7e5e0a83088b845a	10aba574287a88a84d8597b32b0181bcb60ec5735eb5b43a7e5e0a83088b845a		
6af9ea143b49b6f9	query	dynamic:vitess;dynamic:vtgate	update multicol_tbl set x = 1 where `name` = 'foo' and cola = 2 limit 10001 /* INT64 */	same	10aba574287a88a84d8597b32b0181bcb60ec5735eb5b43a7e5e0a83088b845a	10aba574287a88a84d8597b32b0181bcb60ec5735eb5b43a7e5e0a83088b845a		
6b09d842d3f5b95d	query	dynamic:vitess;dynamic:vtgate	(select id from `user` union select id from music order by id asc) union select 1 from unsharded limit 10001	same	a9ebc077a1fa73f7d4bcd5f5168ca8e4219309ffae9566026486841448fcf937	a9ebc077a1fa73f7d4bcd5f5168ca8e4219309ffae9566026486841448fcf937		
6bba7c2815fc04a8	query	dynamic:vitess;dynamic:vtgate	select music.id from music where music.id in (select music.id from music where music.genre = 'pop' group by music.id) limit 10001	same	a9ebc077a1fa73f7d4bcd5f5168ca8e4219309ffae9566026486841448fcf937	a9ebc077a1fa73f7d4bcd5f5168ca8e4219309ffae9566026486841448fcf937		
6c0b81a2cc9f1230	query	dynamic:vitess;dynamic:vtgate	delete from user_extra where user_id in (1, 2) limit 10001	same	0f444752ba32ebf169f55f78a7bd9ac9f75cd15e3f615ce1f6c156bdefbba6d3	0f444752ba32ebf169f55f78a7bd9ac9f75cd15e3f615ce1f6c156bdefbba6d3		
6c18a60eec7f3456	query	dynamic:vitess;dynamic:vtgate	update unsharded_a set a = (select a from route2) limit 10001	same	99cadf2aabf25ade2defd6c9047547939765b0d07a7f2ddb7379dccb3c649ce1	99cadf2aabf25ade2defd6c9047547939765b0d07a7f2ddb7379dccb3c649ce1		
6c3a0445e73ba5c6	query	dynamic:vitess;dynamic:vtgate	select u.a from (select id as b, `name` from `user`) as u(a, n) where u.n = 1 limit 10001 /* INT64 */	same	c16efd54c1514677f95efeafe4168cfee72e76894a10d9d79a7a32f4ba8d0d16	c16efd54c1514677f95efeafe4168cfee72e76894a10d9d79a7a32f4ba8d0d16		
6cbe94822ff8256f	query	dynamic:vitess;dynamic:vtgate	select id from `user` where col = 'aa' and `name` = 'bb' or col = 'cc' and `name` = 'dd' or col = 'ee' and `name` = 'ff' or col = 'gg' and `name` = 'hh' limit 10001 /* VARCHAR */	same	c4479c21aaac4d93c3d2dc0b6a85f80f15716c37cf23a6d6a3ca527b41d84738	c4479c21aaac4d93c3d2dc0b6a85f80f15716c37cf23a6d6a3ca527b41d84738		
6cc3402e6b609103	query	dynamic:vitess;dynamic:vtgate	select sum(k) from sbtest43 where id between 90 and 990 limit 10001 /* INT64 */	same	99cadf2aabf25ade2defd6c9047547939765b0d07a7f2ddb7379dccb3c649ce1	99cadf2aabf25ade2defd6c9047547939765b0d07a7f2ddb7379dccb3c649ce1		
6d2e43d2ea422a56	query	dynamic:vitess;dynamic:vtgate	select x from (select t.*, 1 as x from unsharded as t union select t.*, 1 as x from unsharded as t) as x limit 10001	same	51ef80a39f6e9baed1d8071cbeda9c8279752db4af13415eb4ba5bebccec9cc1	51ef80a39f6e9baed1d8071cbeda9c8279752db4af13415eb4ba5bebccec9cc1		
6d5eeb87ec807185	query	dynamic:vitess;dynamic:vtgate	select music.id from music left join `user` on music.user_id = `user`.id where music.user_id = 5 and music.componist = `user`.`name` limit 10001	same	a9ebc077a1fa73f7d4bcd5f5168ca8e4219309ffae9566026486841448fcf937	a9ebc077a1fa73f7d4bcd5f5168ca8e4219309ffae9566026486841448fcf937		
6d888d35b99b7801	query	dynamic:vitess;dynamic:vtgate	select * from multicol_tbl where (cola, colb) in ((1, 2), (3, 4)) limit 10001	same	d03d99ce2dc026281aa99ec0faf68505d0480f9543e1d1d5ca18ccdf78935e88	d03d99ce2dc026281aa99ec0faf68505d0480f9543e1d1d5ca18ccdf78935e88		
6dad2ae5d7b85a9e	query	dynamic:vitess;dynamic:vtgate	select group_concat(col1, col2) from `user` limit 10001	same	92c95663d7f164e91e647a2aee93cfa61c5778a6500e8d347207183195d306a0	92c95663d7f164e91e647a2aee93cfa61c5778a6500e8d347207183195d306a0		
6dbdbda80dd78505	query	dynamic:vitess;dynamic:vtgate	insert into unsharded select id from unsharded_auto	same	3ba5e2754f11856e1031977c739257530518b07b0d0035bfccd1be03087b3abe	3ba5e2754f11856e1031977c739257530518b07b0d0035bfccd1be03087b3abe		
6dc65160bf906246	query	dynamic:vitess;dynamic:vtgate	select id from `user` where `user`.id = 5 limit 10001 /* INT64 */	same	a9ebc077a1fa73f7d4bcd5f5168ca8e4219309ffae9566026486841448fcf937	a9ebc077a1fa73f7d4bcd5f5168ca8e4219309ffae9566026486841448fcf937		
6dc7a31a7de58bdd	query	dynamic:vitess;dynamic:vtgate	select id from `user` where id = 5 and id not in (select user_extra.col from user_extra where user_extra.user_id = 5) and id in (select user_extra.col from user_extra where user_extra.user_id = 4) limit 10001	same	a9ebc077a1fa73f7d4bcd5f5168ca8e4219309ffae9566026486841448fcf937	a9ebc077a1fa73f7d4bcd5f5168ca8e4219309ffae9566026486841448fcf937		
6ddd8a102c46d1e4	query	dynamic:vitess;dynamic:vtgate	select * from (select distinct `name` from `user`) as t limit 10001	same	a8e51290911835ff9ae085f30a0e52e58945aea87fefc36d77adb48b8a5e1ea5	a8e51290911835ff9ae085f30a0e52e58945aea87fefc36d77adb48b8a5e1ea5		
6e5c5aaeb8b52dbd	query	dynamic:vitess;dynamic:vtgate	update user_extra set val = 1 limit 10001 /* INT64 */	same	10aba574287a88a84d8597b32b0181bcb60ec5735eb5b43a7e5e0a83088b845a	10aba574287a88a84d8597b32b0181bcb60ec5735eb5b43a7e5e0a83088b845a		
6ebd33716516635b	query	dynamic:vitess;dynamic:vtgate	select * from authoritative limit 10001	same	63fd3808f9f067698f0a0793540560001b448038244427a7faab1e3b55dc7fa2	63fd3808f9f067698f0a0793540560001b448038244427a7faab1e3b55dc7fa2		
6ebe3befb7fa3aa1	query	dynamic:vitess;dynamic:vtgate	(select 1 from unsharded union select 1 from unsharded union all select 1 from unsharded order by 1 asc) union select 1 from unsharded union all select 1 from unsharded order by 1 asc limit 10001	same	6e896260f53d1b8e06016cb34377992a2e3c229fa86def43505b2346d4642f3c	6e896260f53d1b8e06016cb34377992a2e3c229fa86def43505b2346d4642f3c		
6f14017f05a19f60	query	dynamic:vitess;dynamic:vtgate	select ntile(4) over (order by Id asc) from `user` limit 10001	same	9226b01d375074ef081a80a9f3e6cce79f5d2edef12eb0565ffa46f42ae589e3	9226b01d375074ef081a80a9f3e6cce79f5d2edef12eb0565ffa46f42ae589e3		
6f4b9f61c599cf5f	query	dynamic:vitess;dynamic:vtgate	delete from orders1 where o_w_id = 1 and o_d_id = 3 and o_id = 384 /* INT64 */	same	99cadf2aabf25ade2defd6c9047547939765b0d07a7f2ddb7379dccb3c649ce1	99cadf2aabf25ade2defd6c9047547939765b0d07a7f2ddb7379dccb3c649ce1		
6f6e9064b90bb7f7	query	dynamic:vitess;dynamic:vtgate	select distinct a, a from `user` limit 10001	same	88faf1feaf2ef1f5788c96d422815e79ccc41933804657e745b4f05800a4bb20	88faf1feaf2ef1f5788c96d422815e79ccc41933804657e745b4f05800a4bb20		
6f7e42d1f7b1aa12	query	dynamic:vitess;dynamic:vtgate	select `user`.col from `user` where foo in (select id from `user` where id > 1 and id < 10) limit 10001	same	db6eafe6e00c4eca41cb4f828cab78210badd351516bf7feeec9b582b870f952	db6eafe6e00c4eca41cb4f828cab78210badd351516bf7feeec9b582b870f952		
6f7f4b53d1ad6d5a	query	dynamic:vitess;dynamic:vtgate	select l_shipmode, sum(case when o_orderpriority = '1-URGENT' or o_orderpriority = '2-HIGH' then 1 else 0 end) as high_line_count, sum(case when o_orderpriority != '1-URGENT' and o_orderpriority != '2-HIGH' then 1 else 0 end) as low_line_count from orders, lineitem where o_orderkey = l_orderkey and l_shipmode in ('MAIL', 'SHIP') and l_commitdate < l_receiptdate and l_shipdate < l_commitdate and l_receiptdate >= date('1994-01-01') and l_receiptdate < date('1994-01-01') + interval '1' year group by l_shipmode order by l_shipmode asc limit 10001	same	99cadf2aabf25ade2defd6c9047547939765b0d07a7f2ddb7379dccb3c649ce1	99cadf2aabf25ade2defd6c9047547939765b0d07a7f2ddb7379dccb3c649ce1		
6f8e04ef6028b621	query	dynamic:vitess;dynamic:vtgate	select col from `user` group by col limit 10001	same	db6eafe6e00c4eca41cb4f828cab78210badd351516bf7feeec9b582b870f952	db6eafe6e00c4eca41cb4f828cab78210badd351516bf7feeec9b582b870f952		
6f9e2b59a08633dc	query	dynamic:vitess;dynamic:vtgate	select col from `user` where exists (select 1 from user_extra where user_id = 3 and user_id < `user`.id) order by col asc limit 10001	same	db6eafe6e00c4eca41cb4f828cab78210badd351516bf7feeec9b582b870f952	db6eafe6e00c4eca41cb4f828cab78210badd351516bf7feeec9b582b870f952		
6fbc90b642d53d4e	query	dynamic:vitess;dynamic:vtgate	select t.id, s.id from `user` as t join user_extra as s on t.id = s.user_id join unsharded limit 10001	same	11f83dca92c93cd8492512e1ae7c3fb0e056c89dade73d89f5cb5fdcf32a5a4f	11f83dca92c93cd8492512e1ae7c3fb0e056c89dade73d89f5cb5fdcf32a5a4f		
6fbef13ff60ef04f	query	dynamic:vitess;dynamic:vtgate	select a from (select 1 from dual union all select 2 from dual) as dt(a) where exists (with recursive qn as (select a * 0 as b from dual union all select b + 1 from qn where b = 0) select 1 from qn where b = a) limit 10001	same	78bbd4bea35216008bcc1354057c334497b7d58297aaf748e923e4149ab22a99	78bbd4bea35216008bcc1354057c334497b7d58297aaf748e923e4149ab22a99		
6fd70af96cbf83e3	query	dynamic:vitess;dynamic:vtgate	select 0 from unsharded_a left join unsharded_b on unsharded_a.col = unsharded_b.col where coalesce(unsharded_b.col, 4) = 5 limit 10001 /* INT64 */	same	54b1b775e0f8dae74ad7f438c5ba8b9dd547d31fa0a9b15622b80fe090aa1633	54b1b775e0f8dae74ad7f438c5ba8b9dd547d31fa0a9b15622b80fe090aa1633		
6fdfe098391460c9	query	dynamic:vitess;dynamic:vtgate	delete from `user` where id = 1 limit 10001 /* INT64 */	same	0f444752ba32ebf169f55f78a7bd9ac9f75cd15e3f615ce1f6c156bdefbba6d3	0f444752ba32ebf169f55f78a7bd9ac9f75cd15e3f615ce1f6c156bdefbba6d3		
6fe5ec50c9c7f37a	query	dynamic:vitess;dynamic:vtgate	select distinct count(*) from `user` group by col limit 10001	same	6f233a05f097ba51acbd9feee459b07cb36507ffc29bd2dffb7b11afc9d888f5	6f233a05f097ba51acbd9feee459b07cb36507ffc29bd2dffb7b11afc9d888f5		
6ffeb45a3f24a15f	query	dynamic:vitess;dynamic:vtgate	select id or col as val from `user` where `user`.col = 5 and `user`.id in (1, 2) and `user`.`name` = 'aa' limit 10001 /* VARCHAR */	same	5d43a956bd7009ff571a371c0d8d8e46eb1881c19724440572e258226c93f713	5d43a956bd7009ff571a371c0d8d8e46eb1881c19724440572e258226c93f713		
70092490dbebc2e9	query	dynamic:vitess;dynamic:vtgate	select 1 from `user` limit 10001	same	6e896260f53d1b8e06016cb34377992a2e3c229fa86def43505b2346d4642f3c	6e896260f53d1b8e06016cb34377992a2e3c229fa86def43505b2346d4642f3c		
7050d60d12374ff1	query	dynamic:vitess;dynamic:vtgate	select col1 from `user` union select 3 from `user` limit 10001	same	4fc686edf10f246477a969a4c12a0dfbd59b56bcfc93b7f3dc0a5b7d688d16da	4fc686edf10f246477a969a4c12a0dfbd59b56bcfc93b7f3dc0a5b7d688d16da		
70db65327ead3892	query	dynamic:vitess;dynamic:vtgate	select 3 from `user` union select now() from `user` limit 10001	same	250c12ca972cf4a4f3f4426905eb5da59ef777dea9e3d090045c170f86783f5b	250c12ca972cf4a4f3f4426905eb5da59ef777dea9e3d090045c170f86783f5b		
717bae8fec92d7b3	query	dynamic:vitess;dynamic:vtgate	update `user` as user_alias set val = 1 where user_alias.id = 1 limit 10001 /* INT64 */	same	10aba574287a88a84d8597b32b0181bcb60ec5735eb5b43a7e5e0a83088b845a	10aba574287a88a84d8597b32b0181bcb60ec5735eb5b43a7e5e0a83088b845a		
725f1c11ef846b3c	query	dynamic:vitess;dynamic:vtgate	select count(*), any_value(u.`name`), any_value(ue.title) from `user` as u join user_extra as ue on u.bar = ue.foo limit 10001	same	10aba574287a88a84d8597b32b0181bcb60ec5735eb5b43a7e5e0a83088b845a	10aba574287a88a84d8597b32b0181bcb60ec5735eb5b43a7e5e0a83088b845a		
727ba15ee53998ab	query	dynamic:vitess;dynamic:vtgate	select * from (select `user`.id as id1, user_extra.id as id2 from `user` join user_extra) as t limit 10001	same	3fc92b4d652f8172f7ebc9034c88779a2804f9e804706c7bdb1f5d0128b19e6a	3fc92b4d652f8172f7ebc9034c88779a2804f9e804706c7bdb1f5d0128b19e6a		
727e69701d289fce	query	dynamic:vitess;dynamic:vtgate	select `user`.col from `user` join user_extra on user_extra.col = `user`.col group by `user`.id limit 10001	same	db6eafe6e00c4eca41cb4f828cab78210badd351516bf7feeec9b582b870f952	db6eafe6e00c4eca41cb4f828cab78210badd351516bf7feeec9b582b870f952		
72861815ee9539ba	query	dynamic:vitess;dynamic:vtgate	delete from `user` where col = (select id from unsharded) limit 10001	same	0f444752ba32ebf169f55f78a7bd9ac9f75cd15e3f615ce1f6c156bdefbba6d3	0f444752ba32ebf169f55f78a7bd9ac9f75cd15e3f615ce1f6c156bdefbba6d3		
73171c71b32c4252	query	dynamic:vitess;dynamic:vtgate	update sbtest6 set k = k + 1 where id = 5 /* INT64 */	same	99cadf2aabf25ade2defd6c9047547939765b0d07a7f2ddb7379dccb3c649ce1	99cadf2aabf25ade2defd6c9047547939765b0d07a7f2ddb7379dccb3c649ce1		
73514018c3ea39d7	query	dynamic:vitess;dynamic:vtgate	select max((select group_concat(col1, col2) from `user` where id = 1)) from `user` where id = 1 limit 10001 /* INT64 */	same	141b0d36433b441353a94eb4e93b0f623b3f5710ddb42d635f1240568d10cd3a	141b0d36433b441353a94eb4e93b0f623b3f5710ddb42d635f1240568d10cd3a		
738414fca0b8ee66	query	dynamic:vitess;dynamic:vtgate	select id from `user` where (`name`, (col1, col2)) in (('aa', ('bb', 'cc')), ('dd', ('ee', 'ff'))) limit 10001	same	a9ebc077a1fa73f7d4bcd5f5168ca8e4219309ffae9566026486841448fcf937	a9ebc077a1fa73f7d4bcd5f5168ca8e4219309ffae9566026486841448fcf937		
73e89e5f4566cc65	query	dynamic:vitess;dynamic:vtgate	select id, col1 from unq_binary_idx where col1 between 10 and 50 limit 10001 /* INT64 */	same	b0f260db5960710be8e3ff6e5f3cab1f6421c768d971c04763f7f10d8df707c2	b0f260db5960710be8e3ff6e5f3cab1f6421c768d971c04763f7f10d8df707c2		
7462095db9e8ef2b	query	dynamic:vitess;dynamic:vtgate	select id from `user` left join (select col from user_extra limit 10) as ue on `user`.col = ue.col limit 10001	same	a9ebc077a1fa73f7d4bcd5f5168ca8e4219309ffae9566026486841448fcf937	a9ebc077a1fa73f7d4bcd5f5168ca8e4219309ffae9566026486841448fcf937		
74757b994cd7bf52	query	dynamic:vitess;dynamic:keyspace-vschema;dynamic:movetables;dynamic:onlineddl	SELECT `unq_key`, `keyspace_id` FROM `vt_commerce`.`unq_lkp_idx` WHERE 1 != 1	same	df153feccbea14760db6f3b19ad19db64dbc7c51e4d0957959fa378810b54cfa	df153feccbea14760db6f3b19ad19db64dbc7c51e4d0957959fa378810b54cfa		
749eb5de8d984a36	query	dynamic:vitess;dynamic:vtgate	select user_id from music order by user_id asc limit 10, 20 /* INT64 */	same	f7c47c750b77e75b1db61a6561b5a030ae6f574b3160fa0cf7b5e3f0cce31825	f7c47c750b77e75b1db61a6561b5a030ae6f574b3160fa0cf7b5e3f0cce31825		
74a0c55c1b7a5a70	query	dynamic:vitess;dynamic:vtgate	select `user`.col from `user` join rerouted_ref limit 10001	same	db6eafe6e00c4eca41cb4f828cab78210badd351516bf7feeec9b582b870f952	db6eafe6e00c4eca41cb4f828cab78210badd351516bf7feeec9b582b870f952		
74bccc895a9f09e5	query	dynamic:vitess;dynamic:vtgate	select `user`.a from `user` join user_extra group by `user`.a limit 10001	same	c16efd54c1514677f95efeafe4168cfee72e76894a10d9d79a7a32f4ba8d0d16	c16efd54c1514677f95efeafe4168cfee72e76894a10d9d79a7a32f4ba8d0d16		
74ca4969143e5d42	query	dynamic:vitess;dynamic:vtgate	select id, `name` from unsharded where id in (select id from unsharded where id = 1 union select id from unsharded where id = 3) limit 10001	same	66a43b6cdcbf1f5b6a510ff0ea8de6db413a058261b1dede7d99cdbf6ac4166f	66a43b6cdcbf1f5b6a510ff0ea8de6db413a058261b1dede7d99cdbf6ac4166f		
75678ca54b7fa76d	query	dynamic:vitess;dynamic:vtgate	delete a from unsharded_a as a, unsharded_b as b where a.id = b.id and b.val = 1 /* INT64 */	same	10aba574287a88a84d8597b32b0181bcb60ec5735eb5b43a7e5e0a83088b845a	10aba574287a88a84d8597b32b0181bcb60ec5735eb5b43a7e5e0a83088b845a		
7591279d636ee383	query	dynamic:vitess;dynamic:vtgate	insert into music(id, user_id) select id, user_id from music where user_id = 1 /* INT64 */	same	0f444752ba32ebf169f55f78a7bd9ac9f75cd15e3f615ce1f6c156bdefbba6d3	0f444752ba32ebf169f55f78a7bd9ac9f75cd15e3f615ce1f6c156bdefbba6d3		
75941389f66ba3a1	query	dynamic:vitess;dynamic:vtgate	select c from sbtest34 where id = 15 limit 10001 /* INT64 */	same	99cadf2aabf25ade2defd6c9047547939765b0d07a7f2ddb7379dccb3c649ce1	99cadf2aabf25ade2defd6c9047547939765b0d07a7f2ddb7379dccb3c649ce1		
75aae295075bf98e	query	dynamic:vitess;dynamic:vtgate	select ref.col from ref where ref.col in (select ref.col from ref) limit 10001	same	db6eafe6e00c4eca41cb4f828cab78210badd351516bf7feeec9b582b870f952	db6eafe6e00c4eca41cb4f828cab78210badd351516bf7feeec9b582b870f952		
75eaaf26b61ec23f	query	dynamic:vitess;dynamic:vtgate	update user_extra set val = 1 where `name` = 'foo' or id = 1 limit 10001 /* INT64 */	same	10aba574287a88a84d8597b32b0181bcb60ec5735eb5b43a7e5e0a83088b845a	10aba574287a88a84d8597b32b0181bcb60ec5735eb5b43a7e5e0a83088b845a		
76064d21d94ec4d8	query	dynamic:vitess;dynamic:vtgate	select predef2, predef3 from `user` join unsharded on predef2 = predef3 limit 10001	same	10aba574287a88a84d8597b32b0181bcb60ec5735eb5b43a7e5e0a83088b845a	10aba574287a88a84d8597b32b0181bcb60ec5735eb5b43a7e5e0a83088b845a		
760bb907ffc06d7d	query	dynamic:vitess;dynamic:vtgate	delete from multicol_tbl where cola in (1, 2) limit 10001	same	0f444752ba32ebf169f55f78a7bd9ac9f75cd15e3f615ce1f6c156bdefbba6d3	0f444752ba32ebf169f55f78a7bd9ac9f75cd15e3f615ce1f6c156bdefbba6d3		
7683b9e36fde1a0d	query	dynamic:vitess;dynamic:reshard	alter table shopper change shopper_id shopper_id bigint not null	same	0f444752ba32ebf169f55f78a7bd9ac9f75cd15e3f615ce1f6c156bdefbba6d3	0f444752ba32ebf169f55f78a7bd9ac9f75cd15e3f615ce1f6c156bdefbba6d3		
76a26563dbef5173	query	dynamic:vitess;dynamic:vtgate	select 1 from `user` left join user_extra on `user`.foo = 42 and `user`.bar = user_extra.bar limit 10001	same	10aba574287a88a84d8597b32b0181bcb60ec5735eb5b43a7e5e0a83088b845a	10aba574287a88a84d8597b32b0181bcb60ec5735eb5b43a7e5e0a83088b845a		
76e387e7521c8fce	query	dynamic:vitess;dynamic:vtgate	update `user` set val = 1 where `name` = 'foo' and id = 1 limit 10001 /* INT64 */	same	10aba574287a88a84d8597b32b0181bcb60ec5735eb5b43a7e5e0a83088b845a	10aba574287a88a84d8597b32b0181bcb60ec5735eb5b43a7e5e0a83088b845a		
76e4892868c82550	query	dynamic:vitess;dynamic:vtgate	select distinct first_value(col) over (partition by Id order by col desc) from `user` where Id in (1, 2, 3) limit 10001	same	c9e22c193433fb096d7373b33b539b17291fe8af007b591aef40d58403220e6a	c9e22c193433fb096d7373b33b539b17291fe8af007b591aef40d58403220e6a		
76f7427060078e3b	query	dynamic:vitess;dynamic:vtgate	select missing_column from unsharded, unsharded_a limit 10001	same	10aba574287a88a84d8597b32b0181bcb60ec5735eb5b43a7e5e0a83088b845a	10aba574287a88a84d8597b32b0181bcb60ec5735eb5b43a7e5e0a83088b845a		
77089244e4248765	query	dynamic:vitess;dynamic:vtgate	select ambiguous_ref_with_source.col from ambiguous_ref_with_source join (select aa from `user` where `user`.id = 1) as `user` limit 10001	same	99cadf2aabf25ade2defd6c9047547939765b0d07a7f2ddb7379dccb3c649ce1	99cadf2aabf25ade2defd6c9047547939765b0d07a7f2ddb7379dccb3c649ce1		
77455987011094b9	query	dynamic:vitess;dynamic:vtgate	select count(*) over (order by col asc range between unbounded preceding and current row) from `user` where Id = 1 limit 10001 /* INT64 */	same	37fdcaf381b9d683a89d1027550b257f25eea06b500d624cac3919981833ff5f	37fdcaf381b9d683a89d1027550b257f25eea06b500d624cac3919981833ff5f		
774ff5271906bbab	query	dynamic:vitess;dynamic:vtgate	select foo, sum(foo), sum(bar) from `user` group by foo having sum(foo) + sum(bar) = 42 limit 10001 /* INT64 */	same	817559d7b5fc9bd141c1410230df535056866419a2fb78cf79eb6e01d6d5a80b	817559d7b5fc9bd141c1410230df535056866419a2fb78cf79eb6e01d6d5a80b		
7773da8e80040d11	query	dynamic:vitess;dynamic:vtgate	select user_extra.id from `user` join user_extra limit 10001	same	a9ebc077a1fa73f7d4bcd5f5168ca8e4219309ffae9566026486841448fcf937	a9ebc077a1fa73f7d4bcd5f5168ca8e4219309ffae9566026486841448fcf937		
777bc239aa8db5be	query	dynamic:vitess;dynamic:vtgate	insert into user_extra(user_id, col) select col1, col2 from unsharded_tab	same	99cadf2aabf25ade2defd6c9047547939765b0d07a7f2ddb7379dccb3c649ce1	99cadf2aabf25ade2defd6c9047547939765b0d07a7f2ddb7379dccb3c649ce1		
77a89d57c23b95f9	query	dynamic:vitess;dynamic:vtgate	select ascii(col2) as a, count(*) from `user` group by a limit 10001	same	4e979173b9700413bcbf9c1aa26fdf2488e27d3eaefb1d501987d1fe82f27457	4e979173b9700413bcbf9c1aa26fdf2488e27d3eaefb1d501987d1fe82f27457		
77d7dab69e737aff	query	dynamic:vitess;dynamic:vtgate	select a as k from (select count(*) as a from `user`) as t limit 10001	same	dbcfa51a43428ffa2169bbcddd3ba01cf233c5a5cb7beb7d530fcd8ed5f84b92	dbcfa51a43428ffa2169bbcddd3ba01cf233c5a5cb7beb7d530fcd8ed5f84b92		
781283e57600a9b3	query	dynamic:vitess;dynamic:vtgate	select user_extra.id from `user` join user_extra on `user`.col = user_extra.col where 1 = 1 limit 10001 /* INT64 */	same	a9ebc077a1fa73f7d4bcd5f5168ca8e4219309ffae9566026486841448fcf937	a9ebc077a1fa73f7d4bcd5f5168ca8e4219309ffae9566026486841448fcf937		
784c272089005878	query	dynamic:vitess;dynamic:vtgate	select count(*) from `user` where exists (select 1 from user_extra where user_id = `user`.id group by user_id having max(col) > 10) limit 10001	same	f5f2e8e184b1f05d704fa35b28a6186ae3b7763d883a6adce67fba3e32d54b73	f5f2e8e184b1f05d704fa35b28a6186ae3b7763d883a6adce67fba3e32d54b73		
7857543fa1cafe93	query	dynamic:vitess;dynamic:vtgate	select foo from (select foo, max(baz) as bazo from (select foo, baz from `user`) as f group by foo) as tt where bazo between 100 and 200 limit 10001 /* INT64 */	same	10aba574287a88a84d8597b32b0181bcb60ec5735eb5b43a7e5e0a83088b845a	10aba574287a88a84d8597b32b0181bcb60ec5735eb5b43a7e5e0a83088b845a		
7867df0dbd5353ce	query	dynamic:vitess;dynamic:vtgate	insert into `user`(nonid) values (2)	same	10aba574287a88a84d8597b32b0181bcb60ec5735eb5b43a7e5e0a83088b845a	10aba574287a88a84d8597b32b0181bcb60ec5735eb5b43a7e5e0a83088b845a		
78b20b430b70e92b	query	dynamic:vitess;dynamic:vtgate	select 1 from `user` where id = 1 and 1 = (select (select intcol from `user` where id = 1) from `user` where id = 1) limit 10001	same	6e896260f53d1b8e06016cb34377992a2e3c229fa86def43505b2346d4642f3c	6e896260f53d1b8e06016cb34377992a2e3c229fa86def43505b2346d4642f3c		
78c7cf8380f27793	query	dynamic:vitess;dynamic:vtgate	select id from `user` group by id having udf_aggr(foo) > 1 limit 10001 /* INT64 */	same	ed820fd2fdb55d922b376bb1a0e8869c59579008d174483defc50e9d55ef7029	ed820fd2fdb55d922b376bb1a0e8869c59579008d174483defc50e9d55ef7029		
7962ab737397a549	query	dynamic:vitess;dynamic:movetables;dynamic:reshard	select order_id, shopper_id, sku, price from corder force index (`PRIMARY`) order by order_id	same	99cadf2aabf25ade2defd6c9047547939765b0d07a7f2ddb7379dccb3c649ce1	99cadf2aabf25ade2defd6c9047547939765b0d07a7f2ddb7379dccb3c649ce1		
79658f09d920b17b	query	dynamic:vitess;dynamic:vtgate	select cntrycode, count(*) as numcust, sum(c_acctbal) as totacctbal from (select substr(c_phone, 1, 2) as cntrycode, c_acctbal from customer where substr(c_phone, 1, 2) in ('13', '31', '23', '29', '30', '18', '17') and c_acctbal > (select avg(c_acctbal) from customer where c_acctbal > 0.00 and substr(c_phone, 1, 2) in ('13', '31', '23', '29', '30', '18', '17')) and not exists (select 1 from orders where o_custkey = c_custkey)) as custsale group by cntrycode order by cntrycode asc limit 10001	same	99cadf2aabf25ade2defd6c9047547939765b0d07a7f2ddb7379dccb3c649ce1	99cadf2aabf25ade2defd6c9047547939765b0d07a7f2ddb7379dccb3c649ce1		
7979121a64039d5b	query	dynamic:vitess;dynamic:vtgate	insert into unsharded(col) select col from unsharded_tab	same	99cadf2aabf25ade2defd6c9047547939765b0d07a7f2ddb7379dccb3c649ce1	99cadf2aabf25ade2defd6c9047547939765b0d07a7f2ddb7379dccb3c649ce1		
79b816c4c5f4db8a	query	dynamic:vitess;dynamic:vtgate	select col from `user` order by id asc limit 10001	same	db6eafe6e00c4eca41cb4f828cab78210badd351516bf7feeec9b582b870f952	db6eafe6e00c4eca41cb4f828cab78210badd351516bf7feeec9b582b870f952		
79e2f370ba93f09e	query	dynamic:vitess;dynamic:vtgate	select col, count(distinct id), sum(distinct id) from `user` group by col limit 10001	same	a4ffcabfcfb3978834b7587a2aec946da8410817eadeb44a3fa6a8a8cd4e9742	a4ffcabfcfb3978834b7587a2aec946da8410817eadeb44a3fa6a8a8cd4e9742		
79f828e3606ee62f	query	dynamic:vitess;dynamic:vtgate	select count(*) as b from `user` group by b limit 10001	same	76dfc39a2d64d6b465987ccd08789eb9945286f480844290d42e2553489775db	76dfc39a2d64d6b465987ccd08789eb9945286f480844290d42e2553489775db		
7a53fc9da6a5cb06	query	dynamic:vitess;dynamic:vtgate	update customer1 set c_balance = 508.98, c_ytd_payment = 48941.980301, c_data = 'i am data' where c_w_id = 20 and c_d_id = 387 and c_id = 98 /* INT64 */	same	99cadf2aabf25ade2defd6c9047547939765b0d07a7f2ddb7379dccb3c649ce1	99cadf2aabf25ade2defd6c9047547939765b0d07a7f2ddb7379dccb3c649ce1		
7a6db4987a2bf1ad	query	dynamic:vitess;dynamic:vtgate	select count(distinct user_id, `name`) from unsharded limit 10001	same	10aba574287a88a84d8597b32b0181bcb60ec5735eb5b43a7e5e0a83088b845a	10aba574287a88a84d8597b32b0181bcb60ec5735eb5b43a7e5e0a83088b845a		
7ab74bc499949945	query	dynamic:vitess;dynamic:vtgate	select id, id from `user` union select id, bar from user_extra order by 1 asc limit 10001	same	10aba574287a88a84d8597b32b0181bcb60ec5735eb5b43a7e5e0a83088b845a	10aba574287a88a84d8597b32b0181bcb60ec5735eb5b43a7e5e0a83088b845a		
7ac640acbc7b16d4	query	dynamic:vitess;dynamic:vtgate	select keyspace_id from user_index where id = id + 1 limit 10001 /* INT64 */	same	99cadf2aabf25ade2defd6c9047547939765b0d07a7f2ddb7379dccb3c649ce1	99cadf2aabf25ade2defd6c9047547939765b0d07a7f2ddb7379dccb3c649ce1		
7af702bcbc0d8829	query	dynamic:vitess;dynamic:vtgate	select `user`.col from `user` use index (a) use index for group by (b) limit 10001	same	c9d85a5574cc49961bee84d7ab117827ad42854e6167423aaac35d98d809a426	c9d85a5574cc49961bee84d7ab117827ad42854e6167423aaac35d98d809a426		
7b4638f5a1f5835c	query	dynamic:vitess;dynamic:vtgate	select 1 from `user` join music_extra on `user`.id = music_extra.user_id where music_extra.music_id = (select max(music_id) from music_extra where user_id = `user`.id) limit 10001	same	99cadf2aabf25ade2defd6c9047547939765b0d07a7f2ddb7379dccb3c649ce1	99cadf2aabf25ade2defd6c9047547939765b0d07a7f2ddb7379dccb3c649ce1		
7b885869dc06d5ae	query	dynamic:vitess;dynamic:movetables;dynamic:reshard	insert into corder(order_id,shopper_id,sku,price) values (1,1,'SKU-1001',100), (2,2,'SKU-1002',30), (3,3,'SKU-1002',30), (4,4,'SKU-1003',15)	same	8564c3999cc4e1760834b81630bf8aa79bd3cfc71f74aec461f29c0367ad3ce6	8564c3999cc4e1760834b81630bf8aa79bd3cfc71f74aec461f29c0367ad3ce6		
7b9a96590c4b3d64	query	dynamic:vitess;dynamic:vtgate	select id + 1 from (select `user`.id, `user`.col from `user` join user_extra) as t limit 10001	same	c307a65d49bf0229bfe9ebd1b83132ad0a3ac45cef30385b1bd25796b682a2c4	c307a65d49bf0229bfe9ebd1b83132ad0a3ac45cef30385b1bd25796b682a2c4		
7ba75f9da5204309	query	dynamic:vitess;dynamic:vtgate	select col, count(*) from `user` group by col limit 10 /* INT64 */	same	b82131c5e60cb75a333e2787d59766b14ab4271ea4799ff5adc0733d7a0e0e29	b82131c5e60cb75a333e2787d59766b14ab4271ea4799ff5adc0733d7a0e0e29		
7bb1c31bcc550085	query	dynamic:vitess;dynamic:movetables;dynamic:reshard	select shopper_id, email from shopper force index (`PRIMARY`) order by shopper_id	same	99cadf2aabf25ade2defd6c9047547939765b0d07a7f2ddb7379dccb3c649ce1	99cadf2aabf25ade2defd6c9047547939765b0d07a7f2ddb7379dccb3c649ce1		
7c1ad4a8af55becf	query	dynamic:vitess;dynamic:vtgate	select b.col from music as b join (select min(bb.id) as min_id, max(bb.id) as max_id from `user` as bb) as foobars where b.id > foobars.min_id group by b.col limit 10001	same	db6eafe6e00c4eca41cb4f828cab78210badd351516bf7feeec9b582b870f952	db6eafe6e00c4eca41cb4f828cab78210badd351516bf7feeec9b582b870f952		
7cbfd3abb946ec41	query	dynamic:vitess;dynamic:keyspace-vschema;dynamic:movetables;dynamic:onlineddl	SELECT `col` FROM `vt_commerce`.`ref` WHERE 1 != 1	same	db6eafe6e00c4eca41cb4f828cab78210badd351516bf7feeec9b582b870f952	db6eafe6e00c4eca41cb4f828cab78210badd351516bf7feeec9b582b870f952		
7cd8e5ec3c312704	query	dynamic:vitess;dynamic:vtgate	select gtid_subset('3E11FA47-71CA-11E1-9E33-C80AA9429562:23', '3E11FA47-71CA-11E1-9E33-C80AA9429562:21-57'), gtid_subtract('3E11FA47-71CA-11E1-9E33-C80AA9429562:23', '3E11FA47-71CA-11E1-9E33-C80AA9429562:21-57') from dual limit 10001	same	09874988a94b9f7a6c3e473edf2647f601a9ca98fd22c97ea0395542c95d5511	09874988a94b9f7a6c3e473edf2647f601a9ca98fd22c97ea0395542c95d5511		
7d018859d77ebbad	query	dynamic:vitess;dynamic:vtgate	select col from `user` where Id = 1 order by rank() over (order by col asc) asc limit 10001	same	db6eafe6e00c4eca41cb4f828cab78210badd351516bf7feeec9b582b870f952	db6eafe6e00c4eca41cb4f828cab78210badd351516bf7feeec9b582b870f952		
7d3fd3100fc8e2fc	query	dynamic:vitess;dynamic:vtgate	select * from authoritative join `user` on authoritative.user_id = `user`.id limit 10001	same	7d32c23b2a1a4e81a6855491ffcaa6e4caee4178af03fcc3c6bc7d38c2edc025	7d32c23b2a1a4e81a6855491ffcaa6e4caee4178af03fcc3c6bc7d38c2edc025		
7d7ae80fa62c6342	query	dynamic:vitess;dynamic:vtgate	select `user`.a, t.b from `user` join (select id, count(*) as b, req from user_extra group by req, id) as t on `user`.id = t.id limit 10001	same	10aba574287a88a84d8597b32b0181bcb60ec5735eb5b43a7e5e0a83088b845a	10aba574287a88a84d8597b32b0181bcb60ec5735eb5b43a7e5e0a83088b845a		
7e5cce8944d7c437	query	dynamic:vitess;dynamic:vtgate	select * from (select u.foo, ue.bar from `user` as u, user_extra as ue) as tbl order by tbl.bar asc, tbl.foo asc limit 10001	same	10aba574287a88a84d8597b32b0181bcb60ec5735eb5b43a7e5e0a83088b845a	10aba574287a88a84d8597b32b0181bcb60ec5735eb5b43a7e5e0a83088b845a		
7eb790965d47ce46	query	dynamic:vitess;dynamic:movetables	select 1 from `corder` limit 1	same	6e896260f53d1b8e06016cb34377992a2e3c229fa86def43505b2346d4642f3c	6e896260f53d1b8e06016cb34377992a2e3c229fa86def43505b2346d4642f3c		
7eca3188489191b5	query	dynamic:vitess;dynamic:vtgate	select col from `user` order by null limit 10001	same	db6eafe6e00c4eca41cb4f828cab78210badd351516bf7feeec9b582b870f952	db6eafe6e00c4eca41cb4f828cab78210badd351516bf7feeec9b582b870f952		
7ed488d9021d6add	query	dynamic:vitess;dynamic:vtgate	select col from ref order by col asc limit 10001	same	db6eafe6e00c4eca41cb4f828cab78210badd351516bf7feeec9b582b870f952	db6eafe6e00c4eca41cb4f828cab78210badd351516bf7feeec9b582b870f952		
7f21f20ae802c4ad	query	dynamic:vitess;dynamic:vtgate	select `user`.col from `user` join ref limit 10001	same	db6eafe6e00c4eca41cb4f828cab78210badd351516bf7feeec9b582b870f952	db6eafe6e00c4eca41cb4f828cab78210badd351516bf7feeec9b582b870f952		
7f46a957790a9573	query	dynamic:vitess;dynamic:vtgate	select music.id from music where music.id in (select music.id from music where music.user_id in (1, 2, 3)) limit 10001	same	a9ebc077a1fa73f7d4bcd5f5168ca8e4219309ffae9566026486841448fcf937	a9ebc077a1fa73f7d4bcd5f5168ca8e4219309ffae9566026486841448fcf937		
7f73333e3458c8c1	query	dynamic:vitess;dynamic:vtgate	select foo, min(bar) as `min(distinct bar)`, count(distinct baz), sum(distinct baz), max(toto) as `max(distinct toto)` from `user` group by foo limit 10001	same	10aba574287a88a84d8597b32b0181bcb60ec5735eb5b43a7e5e0a83088b845a	10aba574287a88a84d8597b32b0181bcb60ec5735eb5b43a7e5e0a83088b845a		
7fb0004ce7ef94b5	query	dynamic:vitess;dynamic:vtgate	select Id, textcol1, row_number() over (partition by textcol1 order by Id asc) as rn from `user` where Id in (1, 2) limit 10001	same	c767fe6291f4904d52f83151139909b7f394d604cef06afc113b2148873203f5	c767fe6291f4904d52f83151139909b7f394d604cef06afc113b2148873203f5		
803ffdf397ef5f88	query	dynamic:vitess;dynamic:vtgate	select rank() over (partition by user_id) from authoritative limit 10001	same	f104ae633704468c49de3f3fb7caaf161e97167b77158750d2310989dd797c09	f104ae633704468c49de3f3fb7caaf161e97167b77158750d2310989dd797c09		
804766d380d12b55	query	dynamic:vitess;dynamic:vtgate	insert into mixed_tbl(shard_key) select foo from `user` where id = 1 /* INT64 */	same	0f444752ba32ebf169f55f78a7bd9ac9f75cd15e3f615ce1f6c156bdefbba6d3	0f444752ba32ebf169f55f78a7bd9ac9f75cd15e3f615ce1f6c156bdefbba6d3		
805cc64a3bdb70ec	query	dynamic:vitess;dynamic:vtgate	select foo, count(bar) as x from `user` group by foo having baz > avg(baz) order by x asc limit 10001	same	10aba574287a88a84d8597b32b0181bcb60ec5735eb5b43a7e5e0a83088b845a	10aba574287a88a84d8597b32b0181bcb60ec5735eb5b43a7e5e0a83088b845a		
806071eb21b3a21c	query	dynamic:vitess;dynamic:vtgate	select * from multicol_tbl where colb = 1 and cola in (3, 4) limit 10001	same	d03d99ce2dc026281aa99ec0faf68505d0480f9543e1d1d5ca18ccdf78935e88	d03d99ce2dc026281aa99ec0faf68505d0480f9543e1d1d5ca18ccdf78935e88		
80791a9abf98a91e	query	dynamic:vitess;dynamic:keyspace-vschema;dynamic:movetables;dynamic:onlineddl	SELECT `shard_key`, `lkp_key` FROM `vt_commerce`.`mixed_tbl` WHERE 1 != 1	same	83118b801705c026b58bcd8781f44c201dae55120ffee1ae87883b2932832e4c	83118b801705c026b58bcd8781f44c201dae55120ffee1ae87883b2932832e4c		
80f81791b08804f4	query	dynamic:vitess;dynamic:vtgate	select distinct nth_value(col, 2) over (partition by Id order by col asc) as second_val from `user` where Id = 1 limit 10001 /* INT64 */	same	77d92b4b007a2008360868790d98e312677726532855ce3ce1f6f609abbdab3a	77d92b4b007a2008360868790d98e312677726532855ce3ce1f6f609abbdab3a		
813247e8be2272f1	query	dynamic:vitess;dynamic:movetables	CREATE TABLE `shopper` (\n  `shopper_id` bigint NOT NULL AUTO_INCREMENT,\n  `email` varchar(128) DEFAULT NULL,\n  PRIMARY KEY (`shopper_id`)\n) ENGINE=InnoDB DEFAULT CHARSET=utf8mb4 COLLATE=utf8mb4_0900_ai_ci	same	c86cf46a097faa769bb9da422e97d2acd3b690d4474790a9fb11c536dd793b1d	c86cf46a097faa769bb9da422e97d2acd3b690d4474790a9fb11c536dd793b1d	replayed in an empty database: the object exists in the captured schema; volatile on the reference: compared by shape	C-1
8189e6dc49d97810	query	dynamic:vitess;dynamic:vtgate	select o_orderpriority, count(*) as order_count from orders where o_orderdate >= date('1993-07-01') and o_orderdate < date('1993-07-01') + interval '3' month and exists (select 1 from lineitem where l_orderkey = o_orderkey and l_commitdate < l_receiptdate) group by o_orderpriority order by o_orderpriority asc limit 10001	same	99cadf2aabf25ade2defd6c9047547939765b0d07a7f2ddb7379dccb3c649ce1	99cadf2aabf25ade2defd6c9047547939765b0d07a7f2ddb7379dccb3c649ce1		
81a8e1becbd6fd9d	query	dynamic:vitess;dynamic:keyspace-vschema	CREATE TABLE t1\n(\n    c1 INT,\n    c2 INT,\n    c3 INT,\n    PRIMARY KEY (c1)\n)	same	c86cf46a097faa769bb9da422e97d2acd3b690d4474790a9fb11c536dd793b1d	c86cf46a097faa769bb9da422e97d2acd3b690d4474790a9fb11c536dd793b1d	replayed in an empty database: the object exists in the captured schema; volatile on the reference: compared by shape	
820d3882c230771c	query	dynamic:vitess;dynamic:vtgate	select last_insert_id(count(*)) from `user` limit 10001	same	4439f2e05896dfa35bca2009ada54747875b66b2f55c8d9c9ecc057a5d0c8463	4439f2e05896dfa35bca2009ada54747875b66b2f55c8d9c9ecc057a5d0c8463		
8230abf8fab9abcb	query	dynamic:vitess;dynamic:vtgate	insert into user_extra(nonid, extra_id) values (2, 18446744073709551616)	same	10aba574287a88a84d8597b32b0181bcb60ec5735eb5b43a7e5e0a83088b845a	10aba574287a88a84d8597b32b0181bcb60ec5735eb5b43a7e5e0a83088b845a		
826724600c5102df	query	dynamic:vitess;dynamic:2pc	insert into shopper(shopper_id, email) values (900, 'twopc@domain.com')	same	4f73cac56c213100458bcc43d0e31ddac4c170e120f75f92420e4a88b8129d5e	4f73cac56c213100458bcc43d0e31ddac4c170e120f75f92420e4a88b8129d5e		
8309b9a4a57609ec	query	dynamic:vitess;dynamic:vtgate	delete m from `user` as u join music as m on u.col = m.col join user_extra as ue on m.user_id = ue.user_id where ue.foo = 20 and u.col = 30 and m.bar = 40 /* INT64 */	same	10aba574287a88a84d8597b32b0181bcb60ec5735eb5b43a7e5e0a83088b845a	10aba574287a88a84d8597b32b0181bcb60ec5735eb5b43a7e5e0a83088b845a		
8348686882844be0	query	dynamic:vitess;dynamic:vtgate	select s_name, s_address from supplier, nation where s_suppkey in (select ps_suppkey from partsupp where ps_partkey in (select p_partkey from part where p_name like 'forest%') and ps_availqty > (select 0.5 * sum(l_quantity) from lineitem where l_partkey = ps_partkey and l_suppkey = ps_suppkey and l_shipdate >= date('1994-01-01') and l_shipdate < date('1994-01-01') + interval '1' year)) and s_nationkey = n_nationkey and n_name = 'CANADA' order by s_name asc limit 10001	same	99cadf2aabf25ade2defd6c9047547939765b0d07a7f2ddb7379dccb3c649ce1	99cadf2aabf25ade2defd6c9047547939765b0d07a7f2ddb7379dccb3c649ce1		
8364640cd81dedbd	query	dynamic:vitess;dynamic:vtgate	select * from pin_test limit 10001	same	a9ebc077a1fa73f7d4bcd5f5168ca8e4219309ffae9566026486841448fcf937	a9ebc077a1fa73f7d4bcd5f5168ca8e4219309ffae9566026486841448fcf937		
836ee1e81d79d7bf	query	dynamic:vitess;dynamic:vtgate	update user_metadata set email = 'juan@vitess.io' where user_id = 1 limit 10001 /* INT64 */	same	0f444752ba32ebf169f55f78a7bd9ac9f75cd15e3f615ce1f6c156bdefbba6d3	0f444752ba32ebf169f55f78a7bd9ac9f75cd15e3f615ce1f6c156bdefbba6d3		
83ca1154a2c0306b	query	dynamic:vitess;dynamic:vtgate	insert into `user`(one, two, three, four) values (1, 2, 3)	same	10aba574287a88a84d8597b32b0181bcb60ec5735eb5b43a7e5e0a83088b845a	10aba574287a88a84d8597b32b0181bcb60ec5735eb5b43a7e5e0a83088b845a		
83f08c451c1d06e4	query	dynamic:vitess;dynamic:temporary-tables	select * from loams_tmp limit 10001	same	99cadf2aabf25ade2defd6c9047547939765b0d07a7f2ddb7379dccb3c649ce1	99cadf2aabf25ade2defd6c9047547939765b0d07a7f2ddb7379dccb3c649ce1		
84365a943b25fda3	query	dynamic:vitess;dynamic:vtgate	update user_extra set col = last_insert_id(123) limit 10001	same	0f444752ba32ebf169f55f78a7bd9ac9f75cd15e3f615ce1f6c156bdefbba6d3	0f444752ba32ebf169f55f78a7bd9ac9f75cd15e3f615ce1f6c156bdefbba6d3		
846ee33711c72647	query	dynamic:vitess;dynamic:vtgate	select id from `user` union select 3 from dual order by id asc limit 10001	same	36cb6b828ac29032c2b45d9cd63aab0c0161c08a7f517c7fc9800512c030e822	36cb6b828ac29032c2b45d9cd63aab0c0161c08a7f517c7fc9800512c030e822		
847f9894dd735b12	query	dynamic:vitess;dynamic:vtgate	insert into music_extra(music_id, user_id) values (1, id)	same	99cadf2aabf25ade2defd6c9047547939765b0d07a7f2ddb7379dccb3c649ce1	99cadf2aabf25ade2defd6c9047547939765b0d07a7f2ddb7379dccb3c649ce1		
84cdc9980da0bc10	query	dynamic:vitess;dynamic:vtgate	select count(*) from (select phone, id, city from `user` where id > 12 limit 10) as x limit 10001	same	10aba574287a88a84d8597b32b0181bcb60ec5735eb5b43a7e5e0a83088b845a	10aba574287a88a84d8597b32b0181bcb60ec5735eb5b43a7e5e0a83088b845a		
84d05e9e4eb1f433	query	dynamic:vitess;dynamic:vtgate	select * from music where id = 1 union select * from `user` where id = 1 limit 10001 /* INT64 */	same	4d77967280c0ab7ae849b265e677484605854c3e5f68e54d0aed3ac165e6502a	4d77967280c0ab7ae849b265e677484605854c3e5f68e54d0aed3ac165e6502a		
84ed5b2ebe83a6a7	query	dynamic:vitess;dynamic:vtgate	select count(*) from music limit 10001	same	f5f2e8e184b1f05d704fa35b28a6186ae3b7763d883a6adce67fba3e32d54b73	f5f2e8e184b1f05d704fa35b28a6186ae3b7763d883a6adce67fba3e32d54b73		
84fde0f03f68c5f8	query	dynamic:vitess;dynamic:vtgate	select u.id from `user` as u having u.id in (select col2 from `user` where `user`.id = u.id order by u.col asc) limit 10001	same	a9ebc077a1fa73f7d4bcd5f5168ca8e4219309ffae9566026486841448fcf937	a9ebc077a1fa73f7d4bcd5f5168ca8e4219309ffae9566026486841448fcf937		
851bb196bbf6cc7c	query	dynamic:vitess;dynamic:vtgate	update `user` as u set u.`name` = 'john' where u.col > 20 limit 10001 /* INT64 */	same	0f444752ba32ebf169f55f78a7bd9ac9f75cd15e3f615ce1f6c156bdefbba6d3	0f444752ba32ebf169f55f78a7bd9ac9f75cd15e3f615ce1f6c156bdefbba6d3		
8526decbeef1d569	query	dynamic:vitess;dynamic:vtgate	select col from (select `user`.col, user_extra.extra from `user` join user_extra on `user`.id = user_extra.user_id order by user_extra.extra asc) as a limit 10001	same	10aba574287a88a84d8597b32b0181bcb60ec5735eb5b43a7e5e0a83088b845a	10aba574287a88a84d8597b32b0181bcb60ec5735eb5b43a7e5e0a83088b845a		
8541f418e7a3e59f	query	dynamic:vitess;dynamic:vtgate	delete u, ue from `user` as u join user_extra as ue on u.id = ue.user_id	same	0f444752ba32ebf169f55f78a7bd9ac9f75cd15e3f615ce1f6c156bdefbba6d3	0f444752ba32ebf169f55f78a7bd9ac9f75cd15e3f615ce1f6c156bdefbba6d3		
854afc3541068d6e	query	dynamic:vitess;dynamic:vtgate	select c.`column_name` from `columns` as c limit 10001	same	99cadf2aabf25ade2defd6c9047547939765b0d07a7f2ddb7379dccb3c649ce1	99cadf2aabf25ade2defd6c9047547939765b0d07a7f2ddb7379dccb3c649ce1		
8568bf3b79703e26	query	dynamic:vitess;dynamic:vtgate	select music.id from music left join `user` on `user`.id = music.user_id where music.user_id = 5 and `user`.id is not null limit 10001	same	a9ebc077a1fa73f7d4bcd5f5168ca8e4219309ffae9566026486841448fcf937	a9ebc077a1fa73f7d4bcd5f5168ca8e4219309ffae9566026486841448fcf937		
856beaa4652de485	query	dynamic:vitess;dynamic:keyspace-vschema;dynamic:movetables;dynamic:onlineddl	SELECT `colx`, `cola`, `colb`, `start`, `end` FROM `vt_commerce`.`sales_extra` WHERE 1 != 1	same	e0067237cf2cca1e8959c5f01782648f2c4f65d2fc036374a460c67e4a198f55	e0067237cf2cca1e8959c5f01782648f2c4f65d2fc036374a460c67e4a198f55		
85cba0d085b68f6e	query	dynamic:vitess;dynamic:vtgate	insert into noexist(music_id, user_id) values (1, 18446744073709551616)	same	99cadf2aabf25ade2defd6c9047547939765b0d07a7f2ddb7379dccb3c649ce1	99cadf2aabf25ade2defd6c9047547939765b0d07a7f2ddb7379dccb3c649ce1		
85ec3cbaef699f94	query	dynamic:vitess;dynamic:vtgate	select col from `user` where id = (select id from route2) limit 10001	same	99cadf2aabf25ade2defd6c9047547939765b0d07a7f2ddb7379dccb3c649ce1	99cadf2aabf25ade2defd6c9047547939765b0d07a7f2ddb7379dccb3c649ce1		
860b17c54a170ed0	query	dynamic:vitess;dynamic:vtgate	select c_data from customer1 where c_w_id = 32 and c_d_id = 68 and c_id = 5 limit 10001 /* INT64 */	same	99cadf2aabf25ade2defd6c9047547939765b0d07a7f2ddb7379dccb3c649ce1	99cadf2aabf25ade2defd6c9047547939765b0d07a7f2ddb7379dccb3c649ce1		
8649123d3ffe988d	query	dynamic:vitess;dynamic:vtgate	select id from unsharded order by (select id from unsharded) asc limit 10001	same	a9ebc077a1fa73f7d4bcd5f5168ca8e4219309ffae9566026486841448fcf937	a9ebc077a1fa73f7d4bcd5f5168ca8e4219309ffae9566026486841448fcf937		
86eef97543b11727	query	dynamic:vitess;dynamic:vtgate	select user_extra.id from `user` left join user_extra on `user`.id = user_extra.user_id where user_extra.user_id = 5 limit 10001 /* INT64 */	same	a9ebc077a1fa73f7d4bcd5f5168ca8e4219309ffae9566026486841448fcf937	a9ebc077a1fa73f7d4bcd5f5168ca8e4219309ffae9566026486841448fcf937		
876ac11aafb98102	query	dynamic:vitess;dynamic:vtgate	select anon_col from `user` join user_extra on `user`.id = user_extra.user_id limit 10001	same	10aba574287a88a84d8597b32b0181bcb60ec5735eb5b43a7e5e0a83088b845a	10aba574287a88a84d8597b32b0181bcb60ec5735eb5b43a7e5e0a83088b845a		
879606d773ee21bd	query	dynamic:vitess;dynamic:vtgate	delete from seq limit 10001	same	0f444752ba32ebf169f55f78a7bd9ac9f75cd15e3f615ce1f6c156bdefbba6d3	0f444752ba32ebf169f55f78a7bd9ac9f75cd15e3f615ce1f6c156bdefbba6d3		
87be32a8f9411122	query	dynamic:vitess;dynamic:vtgate	select user0_.col as col0_ from `user` as user0_ where id = 1 order by user0_.col desc limit 2 /* INT64 */	same	842eba76cf7a09ced80b86a4dffd8846e0756a7c7f5520f179a40c230623bc57	842eba76cf7a09ced80b86a4dffd8846e0756a7c7f5520f179a40c230623bc57		
87c637f466dfe35e	query	dynamic:vitess;dynamic:vtgate	insert into corder(shopper_id, sku, price) values (1, 'SKU-1002', 30)	same	99cadf2aabf25ade2defd6c9047547939765b0d07a7f2ddb7379dccb3c649ce1	99cadf2aabf25ade2defd6c9047547939765b0d07a7f2ddb7379dccb3c649ce1		
88eae4903a225fb6	query	dynamic:vitess;dynamic:vtgate	select * from `user` where id = 1 and `name` limit 5 /* INT64 */	same	dbbd5ce79dcb2e3b1da74450edf825900a6d7f5c08d9585c23d5d1a2c88c4548	dbbd5ce79dcb2e3b1da74450edf825900a6d7f5c08d9585c23d5d1a2c88c4548		
899d2af7a0687a92	query	dynamic:vitess;dynamic:vtgate	select last_insert_id(18446744073709547416)	same	e833dc18c299568f5986a0bc28dd5494181b615c6d8d9373e830b6031bbd97e0	e833dc18c299568f5986a0bc28dd5494181b615c6d8d9373e830b6031bbd97e0		
89d338c999af3ac4	query	dynamic:vitess;dynamic:vtgate	select c_name, c_custkey, o_orderkey, o_orderdate, o_totalprice, sum(l_quantity) from customer, orders, lineitem where o_orderkey in (select l_orderkey from lineitem group by l_orderkey having sum(l_quantity) > 300) and c_custkey = o_custkey and o_orderkey = l_orderkey group by c_name, c_custkey, o_orderkey, o_orderdate, o_totalprice order by o_totalprice desc, o_orderdate asc limit 100 /* INT64 */	same	99cadf2aabf25ade2defd6c9047547939765b0d07a7f2ddb7379dccb3c649ce1	99cadf2aabf25ade2defd6c9047547939765b0d07a7f2ddb7379dccb3c649ce1		
89e73865648abd90	query	dynamic:vitess;dynamic:vtgate	select user_extra.id from `user` join user_extra on `user`.col = user_extra.col where `user`.id = 5 limit 10001 /* INT64 */	same	a9ebc077a1fa73f7d4bcd5f5168ca8e4219309ffae9566026486841448fcf937	a9ebc077a1fa73f7d4bcd5f5168ca8e4219309ffae9566026486841448fcf937		
8aa09a2e0f8e2935	query	dynamic:vitess;dynamic:vtgate	select u.m from user_extra join `user` as u where u.id in (select m2 from `user` where `user`.id = u.id and user_extra.col = `user`.col) and u.id in (user_extra.col, 1) limit 10001	same	38cc1786192ae7866225f86095af441820c672aafb2c83abdd99bb15fe6cba68	38cc1786192ae7866225f86095af441820c672aafb2c83abdd99bb15fe6cba68		
8acefd09a730a999	query	dynamic:vitess;dynamic:vtgate	insert into `user`(id, val) values (1, 1)	same	10aba574287a88a84d8597b32b0181bcb60ec5735eb5b43a7e5e0a83088b845a	10aba574287a88a84d8597b32b0181bcb60ec5735eb5b43a7e5e0a83088b845a		
8ba9ce0a1d6c87c0	query	dynamic:vitess;dynamic:vtgate	with recursive cte as (select 1 as n from dual union all select n + 1 from cte where n < 5) select n from cte limit 10001	same	18d0c9c6d86f1dc1e49f27a2755419fd61f49ac16abc4ad5a2bf6e0a401b27e9	18d0c9c6d86f1dc1e49f27a2755419fd61f49ac16abc4ad5a2bf6e0a401b27e9		
8c0fcca71773bc45	query	dynamic:vitess;dynamic:vtgate	select id from `user` where someColumn <=> null limit 10001	same	a9ebc077a1fa73f7d4bcd5f5168ca8e4219309ffae9566026486841448fcf937	a9ebc077a1fa73f7d4bcd5f5168ca8e4219309ffae9566026486841448fcf937		
8c2ca4ded2132782	query	dynamic:vitess;dynamic:vtgate	with A as (select sum(a) as a, sum(b) as b from `user`) select A.a, A.b, A.a / A.b as d from A limit 10001	same	10aba574287a88a84d8597b32b0181bcb60ec5735eb5b43a7e5e0a83088b845a	10aba574287a88a84d8597b32b0181bcb60ec5735eb5b43a7e5e0a83088b845a		
8c5b12a318f28fa5	query	dynamic:vitess;dynamic:vtgate	select id from `user` where costly in ('aa', 'bb') and `name` in ('aa', 'bb') limit 10001	same	a9ebc077a1fa73f7d4bcd5f5168ca8e4219309ffae9566026486841448fcf937	a9ebc077a1fa73f7d4bcd5f5168ca8e4219309ffae9566026486841448fcf937		
8c7174b5addbddd3	query	dynamic:vitess;dynamic:vtgate	select id as foo, id2 as id from music order by id asc limit 10001	same	10aba574287a88a84d8597b32b0181bcb60ec5735eb5b43a7e5e0a83088b845a	10aba574287a88a84d8597b32b0181bcb60ec5735eb5b43a7e5e0a83088b845a		
8c73d1d4329a6c46	query	dynamic:vitess;dynamic:vtgate	select distinct count(*) from `user` limit 10001	same	f5f2e8e184b1f05d704fa35b28a6186ae3b7763d883a6adce67fba3e32d54b73	f5f2e8e184b1f05d704fa35b28a6186ae3b7763d883a6adce67fba3e32d54b73		
8c830f02ca6b2c3f	query	dynamic:vitess;dynamic:vtgate	select `user`.a, count(*) from `user` join user_extra group by `user`.a limit 10001	same	e79860a10e6a4c88e9ab255a06a787c1680617bbc854948fc22fd41bc8d01d36	e79860a10e6a4c88e9ab255a06a787c1680617bbc854948fc22fd41bc8d01d36		
8cacd7883cf151be	query	dynamic:vitess;dynamic:keyspace-vschema	CREATE TABLE multicol_tbl\n(\n    cola VARCHAR(255),\n    colb VARCHAR(255),\n    colc VARCHAR(255),\n    name VARCHAR(255),\n    PRIMARY KEY (cola, colb)\n)	same	c86cf46a097faa769bb9da422e97d2acd3b690d4474790a9fb11c536dd793b1d	c86cf46a097faa769bb9da422e97d2acd3b690d4474790a9fb11c536dd793b1d	replayed in an empty database: the object exists in the captured schema; volatile on the reference: compared by shape	
8cb2a9bafc7d8eac	query	dynamic:vitess;dynamic:vtgate	(select id from `user` order by id desc limit 1) union all (select id from music order by id desc limit 1) limit 10001	same	a9ebc077a1fa73f7d4bcd5f5168ca8e4219309ffae9566026486841448fcf937	a9ebc077a1fa73f7d4bcd5f5168ca8e4219309ffae9566026486841448fcf937		
8cb436f99ede7fc1	query	dynamic:vitess;dynamic:vtgate	select o.o_id, o.o_d_id from orders1 as o, (select o_c_id, o_w_id, o_d_id, count(distinct o_w_id), o_id from orders1 where o_w_id = 1 and o_id > 2100 and o_id < 11153 group by o_c_id, o_d_id, o_w_id having count(distinct o_id) > 1 limit 1) as t where t.o_w_id = o.o_w_id and t.o_d_id = o.o_d_id and t.o_c_id = o.o_c_id limit 1 /* INT64 */	same	99cadf2aabf25ade2defd6c9047547939765b0d07a7f2ddb7379dccb3c649ce1	99cadf2aabf25ade2defd6c9047547939765b0d07a7f2ddb7379dccb3c649ce1		
8cd641bac1da5502	query	dynamic:vitess;dynamic:vtgate	select col1, min(id) as `min(distinct id)`, sum(distinct col3) from `user` group by col1 limit 10001	same	10aba574287a88a84d8597b32b0181bcb60ec5735eb5b43a7e5e0a83088b845a	10aba574287a88a84d8597b32b0181bcb60ec5735eb5b43a7e5e0a83088b845a		
8d002f0f924c9160	query	dynamic:vitess;dynamic:vtgate	select (select u.id from `user` as u where u.id = 1), a.id from `user` as a where a.id = 1 limit 10001 /* INT64 */	same	20d09af7931f61a1c6c75b791c5f6c2c646307890aea1c732a422355edbe2d3d	20d09af7931f61a1c6c75b791c5f6c2c646307890aea1c732a422355edbe2d3d		
8d230d3acc29dc9d	query	dynamic:vitess;dynamic:keyspace-vschema;dynamic:movetables;dynamic:onlineddl	SELECT `id`, `col1` FROM `vt_commerce`.`unq_binary_idx` WHERE 1 != 1	same	b0f260db5960710be8e3ff6e5f3cab1f6421c768d971c04763f7f10d8df707c2	b0f260db5960710be8e3ff6e5f3cab1f6421c768d971c04763f7f10d8df707c2		
8d882e20d3a34587	query	dynamic:vitess;dynamic:vtgate	select col from `user` where id = 1 order by 1 asc limit 10001	same	db6eafe6e00c4eca41cb4f828cab78210badd351516bf7feeec9b582b870f952	db6eafe6e00c4eca41cb4f828cab78210badd351516bf7feeec9b582b870f952		
8dc84af311efad58	query	dynamic:vitess;dynamic:vtgate	select t.id from (select id from `user` where id = 5) as t join user_extra on t.id = user_extra.col limit 10001	same	a9ebc077a1fa73f7d4bcd5f5168ca8e4219309ffae9566026486841448fcf937	a9ebc077a1fa73f7d4bcd5f5168ca8e4219309ffae9566026486841448fcf937		
8dffc8ef613f2f61	query	dynamic:vitess;dynamic:vtgate	select `user`.* from `user` where id = 5 order by `user`.col asc limit 10001	same	dbbd5ce79dcb2e3b1da74450edf825900a6d7f5c08d9585c23d5d1a2c88c4548	dbbd5ce79dcb2e3b1da74450edf825900a6d7f5c08d9585c23d5d1a2c88c4548		
8e4b9e19c4bd218f	query	dynamic:vitess;dynamic:vtgate	with x as (select id, val1 from `user` where val2 < 4 order by val1 asc limit 2) select val1, count(*) from x group by val1 limit 10001	same	10aba574287a88a84d8597b32b0181bcb60ec5735eb5b43a7e5e0a83088b845a	10aba574287a88a84d8597b32b0181bcb60ec5735eb5b43a7e5e0a83088b845a		
8e8040fe414ce2d3	query	dynamic:vitess;dynamic:vtgate	select music.id from music where music.id in (select * from (select music.id from music where music.user_id in (1, 2, 3)) as _inner) limit 10001	same	a9ebc077a1fa73f7d4bcd5f5168ca8e4219309ffae9566026486841448fcf937	a9ebc077a1fa73f7d4bcd5f5168ca8e4219309ffae9566026486841448fcf937		
8f4b4e4e9ba4d5f7	query	dynamic:vitess;dynamic:vtgate	insert into unsharded_auto(id, val) values (1, 'aa'), (null, 'bb')	same	10aba574287a88a84d8597b32b0181bcb60ec5735eb5b43a7e5e0a83088b845a	10aba574287a88a84d8597b32b0181bcb60ec5735eb5b43a7e5e0a83088b845a		
8f67dc34b7699987	query	dynamic:vitess;dynamic:vtgate	insert into `user`(nonid) values (true)	same	10aba574287a88a84d8597b32b0181bcb60ec5735eb5b43a7e5e0a83088b845a	10aba574287a88a84d8597b32b0181bcb60ec5735eb5b43a7e5e0a83088b845a		
8f938d70be4303f9	query	dynamic:vitess;dynamic:vtgate	select a, b, c, d, count(*) from `user` group by 3, 2, 1, 4 order by d asc, b asc, a asc, c asc limit 10001	same	10aba574287a88a84d8597b32b0181bcb60ec5735eb5b43a7e5e0a83088b845a	10aba574287a88a84d8597b32b0181bcb60ec5735eb5b43a7e5e0a83088b845a		
8fc2c71ebc087f11	query	dynamic:vitess;dynamic:vtgate	select count(*) from `user` order by null limit 10001	same	f5f2e8e184b1f05d704fa35b28a6186ae3b7763d883a6adce67fba3e32d54b73	f5f2e8e184b1f05d704fa35b28a6186ae3b7763d883a6adce67fba3e32d54b73		
90125631a80baf60	query	dynamic:vitess;dynamic:vtgate	select first_value(textcol1) over (order by Id asc) from `user` limit 10001	same	23bcaa4879927664ac0aaa1da9b7b5fc327b93314a3a73dde55420c770067d62	23bcaa4879927664ac0aaa1da9b7b5fc327b93314a3a73dde55420c770067d62		
90152d29afef477f	query	dynamic:vitess;dynamic:vtgate	select 1 from `user` join (select id as uid from `user`) as t where t.uid = `user`.id limit 10001	same	6e896260f53d1b8e06016cb34377992a2e3c229fa86def43505b2346d4642f3c	6e896260f53d1b8e06016cb34377992a2e3c229fa86def43505b2346d4642f3c		
909335c005e6589a	query	dynamic:vitess;dynamic:vtgate	select col1, udf_aggr(col2) as r from `user` where id = 1 group by col1 having r >= 0.3 limit 10001 /* DECIMAL(2,1) */	same	ed820fd2fdb55d922b376bb1a0e8869c59579008d174483defc50e9d55ef7029	ed820fd2fdb55d922b376bb1a0e8869c59579008d174483defc50e9d55ef7029		
912f1c50dbcf3029	query	dynamic:vitess;dynamic:vtgate	delete u from `user` as u join music as m on u.col = m.col	same	0f444752ba32ebf169f55f78a7bd9ac9f75cd15e3f615ce1f6c156bdefbba6d3	0f444752ba32ebf169f55f78a7bd9ac9f75cd15e3f615ce1f6c156bdefbba6d3		
913f87214b99b612	query	dynamic:vitess;dynamic:keyspace-vschema	CREATE TABLE mixed_tbl\n(\n    shard_key VARCHAR(255),\n    lkp_key   VARCHAR(255),\n    PRIMARY KEY (shard_key)\n)	same	c86cf46a097faa769bb9da422e97d2acd3b690d4474790a9fb11c536dd793b1d	c86cf46a097faa769bb9da422e97d2acd3b690d4474790a9fb11c536dd793b1d	replayed in an empty database: the object exists in the captured schema; volatile on the reference: compared by shape	
915c8876998bca1a	query	dynamic:vitess;dynamic:vtgate	select col, count(distinct textcol1) from `user` group by col limit 10001	same	c69d3a679174512b9c0559c5928086c82d859562b8c19085b81ce811acfa67e1	c69d3a679174512b9c0559c5928086c82d859562b8c19085b81ce811acfa67e1		
9178df2b9f69534d	query	dynamic:vitess;dynamic:vtgate	update unsharded set col = (select id from unsharded union select id from unsharded) limit 10001	same	3552d7bcdfad079de645325e1b52ebeec7d9d1fa32cd18cae26e60e3e33f8b09	3552d7bcdfad079de645325e1b52ebeec7d9d1fa32cd18cae26e60e3e33f8b09		
917fbcb4a92f3e44	query	dynamic:vitess;dynamic:vtgate	select textcol1 from `user` union select textcol1 from `user` limit 10001	same	f8e34b376810b2588de1428b1fcc34afc8d0a3668ab74a57b622f768b2ee7283	f8e34b376810b2588de1428b1fcc34afc8d0a3668ab74a57b622f768b2ee7283		
91964f017d3f80eb	query	dynamic:vitess;dynamic:vtgate	update orders1 set o_carrier_id = 9 where o_id = 56 and o_d_id = 98 and o_w_id = 897 /* INT64 */	same	99cadf2aabf25ade2defd6c9047547939765b0d07a7f2ddb7379dccb3c649ce1	99cadf2aabf25ade2defd6c9047547939765b0d07a7f2ddb7379dccb3c649ce1		
91b6b29bfbce2f45	query	dynamic:vitess;dynamic:vtgate	select id from `user` where `user`.id = 1 and `user`.`name` = 'aa' and `user`.id in (1, 2) and `user`.col = 5 limit 10001 /* INT64 */	same	a9ebc077a1fa73f7d4bcd5f5168ca8e4219309ffae9566026486841448fcf937	a9ebc077a1fa73f7d4bcd5f5168ca8e4219309ffae9566026486841448fcf937		
922336a8a94ec6af	query	dynamic:vitess;dynamic:vtgate	with x as (select id, foo from `user`) select * from x union select * from x limit 10001	same	72de2ee24e3832e667077c0a639d58b207772998a9623872c5a8ba49395395b8	72de2ee24e3832e667077c0a639d58b207772998a9623872c5a8ba49395395b8		
923e164a7fe402eb	query	dynamic:vitess;dynamic:vtgate	insert into orders1(o_id, o_d_id, o_w_id, o_c_id, o_entry_d, o_ol_cnt, o_all_local) values (334983, 59896, 99, 156, now(), 781038, 'hello')	same	99cadf2aabf25ade2defd6c9047547939765b0d07a7f2ddb7379dccb3c649ce1	99cadf2aabf25ade2defd6c9047547939765b0d07a7f2ddb7379dccb3c649ce1		
9312007510c53234	query	dynamic:vitess;dynamic:vtgate	update `user` set col = (select count(*) from user_extra), textcol1 = 1 in (select count(*) from user_extra) where id = 1 limit 10001 /* INT64 */	same	0f444752ba32ebf169f55f78a7bd9ac9f75cd15e3f615ce1f6c156bdefbba6d3	0f444752ba32ebf169f55f78a7bd9ac9f75cd15e3f615ce1f6c156bdefbba6d3		
934cf98280d3fd75	query	dynamic:vitess;dynamic:vtgate	delete from ambiguous_ref_with_source where col = 1 /* INT64 */	same	99cadf2aabf25ade2defd6c9047547939765b0d07a7f2ddb7379dccb3c649ce1	99cadf2aabf25ade2defd6c9047547939765b0d07a7f2ddb7379dccb3c649ce1		
9362c0adb5febaff	query	dynamic:vitess;dynamic:vtgate	select count(*) as a from `user` having a != '1' limit 10001 /* VARCHAR */	same	c7d61d72b27f2c7a898b92936855f3e1c98bf2ea3971163e4d678297879751c3	c7d61d72b27f2c7a898b92936855f3e1c98bf2ea3971163e4d678297879751c3		
93c6b034f6b300c3	query	dynamic:vitess;dynamic:vtgate	select id from `user` where `name` = 18446744073709551615 limit 10001	same	a9ebc077a1fa73f7d4bcd5f5168ca8e4219309ffae9566026486841448fcf937	a9ebc077a1fa73f7d4bcd5f5168ca8e4219309ffae9566026486841448fcf937		
93ec29dfa986c11a	query	dynamic:vitess;dynamic:vtgate	select user_extra.id from `user` join user_extra on `user`.id = user_extra.user_id where `user`.id = 5 limit 10001 /* INT64 */	same	a9ebc077a1fa73f7d4bcd5f5168ca8e4219309ffae9566026486841448fcf937	a9ebc077a1fa73f7d4bcd5f5168ca8e4219309ffae9566026486841448fcf937		
9407d19aa6849ace	query	dynamic:vitess;dynamic:vtgate	select `user`.col from `user` join user_extra limit 10001 for update	same	db6eafe6e00c4eca41cb4f828cab78210badd351516bf7feeec9b582b870f952	db6eafe6e00c4eca41cb4f828cab78210badd351516bf7feeec9b582b870f952		
941e7ed5d0a17aa9	query	dynamic:vitess;dynamic:vtgate	(select id from unsharded order by id asc limit 1) union (select id from unsharded order by id desc limit 1) order by id asc limit 1 /* INT64 */	same	a9ebc077a1fa73f7d4bcd5f5168ca8e4219309ffae9566026486841448fcf937	a9ebc077a1fa73f7d4bcd5f5168ca8e4219309ffae9566026486841448fcf937		
943ede1dfef23d00	query	dynamic:vitess;dynamic:vtgate	with tt as (select foo, count(baz) as bazo from (select foo, baz from `user`) as f group by foo) select foo from tt where bazo between 100 and 200 limit 10001 /* INT64 */	same	10aba574287a88a84d8597b32b0181bcb60ec5735eb5b43a7e5e0a83088b845a	10aba574287a88a84d8597b32b0181bcb60ec5735eb5b43a7e5e0a83088b845a		
9488702a77aab10b	query	dynamic:vitess;dynamic:vtgate	select group_concat(`user`.id) from `user`, music where `user`.id = music.foo group by `user`.bar limit 10001	same	10aba574287a88a84d8597b32b0181bcb60ec5735eb5b43a7e5e0a83088b845a	10aba574287a88a84d8597b32b0181bcb60ec5735eb5b43a7e5e0a83088b845a		
948996ad01dbfb58	query	dynamic:vitess;dynamic:vtgate	delete from multicol_tbl where `name` = 'foo' and cola = 2 limit 10001 /* INT64 */	same	0f444752ba32ebf169f55f78a7bd9ac9f75cd15e3f615ce1f6c156bdefbba6d3	0f444752ba32ebf169f55f78a7bd9ac9f75cd15e3f615ce1f6c156bdefbba6d3		
949815713772671e	query	dynamic:vitess;dynamic:vtgate	select id, textcol1, intcol, rank() over (partition by id, textcol1 order by intcol asc) as rnk from `user` where id in (1, 2) limit 10001	same	23a7e7a90fe220fa5374687de9a1b88742c5168e133133a0757b70ba8be22304	23a7e7a90fe220fa5374687de9a1b88742c5168e133133a0757b70ba8be22304		
94bea7a9ac46e525	query	dynamic:vitess;dynamic:vtgate	select sum(col) from (select col from `user` union all select col from unsharded) as t limit 10001	same	9b278e34ff55db7b56360aaecae4112ae7aa37a4faa02127f358898631596f51	9b278e34ff55db7b56360aaecae4112ae7aa37a4faa02127f358898631596f51		
9528661c4e803b08	query	dynamic:vitess;dynamic:vtgate	update `user` set val = 1 limit 10001 /* INT64 */	same	10aba574287a88a84d8597b32b0181bcb60ec5735eb5b43a7e5e0a83088b845a	10aba574287a88a84d8597b32b0181bcb60ec5735eb5b43a7e5e0a83088b845a		
956ac88395ef7474	query	dynamic:vitess;dynamic:vtgate	select * from multicolvin where column_b = 1 and column_c = 2 limit 10001 /* INT64 */	same	675bea807831d3be8caf377dbdf11bf87165c2b5f601da364187920a340db1a1	675bea807831d3be8caf377dbdf11bf87165c2b5f601da364187920a340db1a1		
9576a01fd021879e	query	dynamic:vitess;dynamic:vtgate	select id from `user` where `user`.col = 5 and `user`.id in (1, 2) and `user`.`name` = 'aa' and `user`.id = 1 limit 10001 /* INT64 */	same	a9ebc077a1fa73f7d4bcd5f5168ca8e4219309ffae9566026486841448fcf937	a9ebc077a1fa73f7d4bcd5f5168ca8e4219309ffae9566026486841448fcf937		
95800f8ca1b5177b	query	dynamic:vitess;dynamic:vtgate	select foo, sum(foo) as fooSum, sum(bar) as barSum from `user` group by foo having fooSum + sum(bar) = 42 limit 10001 /* INT64 */	same	db033534539fced640eeb3da849cb6586836f544bb8329c2cccb0579aeb30d3f	db033534539fced640eeb3da849cb6586836f544bb8329c2cccb0579aeb30d3f		
95a26b436f29b0b7	query	dynamic:vitess;dynamic:vtgate	select id from (select id, col from route1) as t where id = 5 limit 10001 /* INT64 */	same	99cadf2aabf25ade2defd6c9047547939765b0d07a7f2ddb7379dccb3c649ce1	99cadf2aabf25ade2defd6c9047547939765b0d07a7f2ddb7379dccb3c649ce1		
95b3ed9cf669d3fe	query	dynamic:vitess;dynamic:vtgate	select id, count(*) from `user` limit 10001	same	35cebba4ba02f6d676538583ecfd3c5774493da092df7b760888127b011af817	35cebba4ba02f6d676538583ecfd3c5774493da092df7b760888127b011af817		
95e87a248e09bf80	query	dynamic:vitess;dynamic:vtgate	select music.id from music join (select id from music where music.user_id = 5) as other on other.id = music.id limit 10001	same	a9ebc077a1fa73f7d4bcd5f5168ca8e4219309ffae9566026486841448fcf937	a9ebc077a1fa73f7d4bcd5f5168ca8e4219309ffae9566026486841448fcf937		
962a9396a70d0800	query	dynamic:vitess;dynamic:vtgate	select music.id from music join (select max(id) as maxt from music where music.user_id = 5) as other on other.maxt = music.id limit 10001	same	a9ebc077a1fa73f7d4bcd5f5168ca8e4219309ffae9566026486841448fcf937	a9ebc077a1fa73f7d4bcd5f5168ca8e4219309ffae9566026486841448fcf937		
9641b7256b556a43	query	dynamic:vitess;dynamic:vtgate	with a as (select `user`.col, user_extra.extra from `user` join user_extra on `user`.id = user_extra.user_id order by user_extra.extra asc) select col from a limit 10001	same	10aba574287a88a84d8597b32b0181bcb60ec5735eb5b43a7e5e0a83088b845a	10aba574287a88a84d8597b32b0181bcb60ec5735eb5b43a7e5e0a83088b845a		
964b2b0c5a9a6455	query	dynamic:vitess;dynamic:vtgate	select id, intcol from `user` order by intcol asc limit 10001	same	f9ad05414dfbd767ba808784f4eea1542ff33db2f2ecf88662f24393334a9d23	f9ad05414dfbd767ba808784f4eea1542ff33db2f2ecf88662f24393334a9d23		
9651addb08102b99	query	dynamic:vitess;dynamic:vtgate	update `user` set `name` = 'abc' where id > 10 limit 1 /* INT64 */	same	0f444752ba32ebf169f55f78a7bd9ac9f75cd15e3f615ce1f6c156bdefbba6d3	0f444752ba32ebf169f55f78a7bd9ac9f75cd15e3f615ce1f6c156bdefbba6d3		
965f6809479fb836	query	dynamic:vitess;dynamic:vtgate	select i + 1 from (select `user`.id from `user` join user_extra) as t(i) limit 10001	same	a49922e3c656e7d40443bae3d92f9e3ee339c4898c5bfce10d7f656d37aade68	a49922e3c656e7d40443bae3d92f9e3ee339c4898c5bfce10d7f656d37aade68		
966ac53171d7c74d	query	dynamic:vitess;dynamic:temporary-tables	create temporary table loams_tmp2(i int)	same	0f444752ba32ebf169f55f78a7bd9ac9f75cd15e3f615ce1f6c156bdefbba6d3	0f444752ba32ebf169f55f78a7bd9ac9f75cd15e3f615ce1f6c156bdefbba6d3		C-5
9686f3e40a123136	query	dynamic:vitess;dynamic:vtgate	select col from `user` order by RAND() limit 10001	same	db6eafe6e00c4eca41cb4f828cab78210badd351516bf7feeec9b582b870f952	db6eafe6e00c4eca41cb4f828cab78210badd351516bf7feeec9b582b870f952		
96b8b1fcb70fd83b	query	dynamic:vitess;dynamic:movetables	LOCK TABLES `corder` READ,`shopper` READ	same	0f444752ba32ebf169f55f78a7bd9ac9f75cd15e3f615ce1f6c156bdefbba6d3	0f444752ba32ebf169f55f78a7bd9ac9f75cd15e3f615ce1f6c156bdefbba6d3		
96c640f6820e95b1	query	dynamic:vitess;dynamic:vtgate	select music.id from (select max(id) as maxt from music where music.user_id = 5) as other join music on other.maxt = music.id limit 10001	same	a9ebc077a1fa73f7d4bcd5f5168ca8e4219309ffae9566026486841448fcf937	a9ebc077a1fa73f7d4bcd5f5168ca8e4219309ffae9566026486841448fcf937		
972b7196fa33650d	query	dynamic:vitess;dynamic:vtgate	select `user`.a, count(user_extra.a) from `user` join user_extra group by `user`.a limit 10001	same	10aba574287a88a84d8597b32b0181bcb60ec5735eb5b43a7e5e0a83088b845a	10aba574287a88a84d8597b32b0181bcb60ec5735eb5b43a7e5e0a83088b845a		
97406a323233ae51	query	dynamic:vitess;dynamic:vtgate	with recursive literal_cte as (select 1 as id, 100 as `value`, 1 as manager_id from dual union all select id + 1, `value` * 2, id from literal_cte where id < 5) select l.id, l.`value`, l.manager_id, e.`name` as employee_name from literal_cte as l left join `user` as e on l.id = e.id limit 10001	same	3ba7943af8040184a4db98af1c77eebc919d5bb1a2ad4253b2ccc650e2b08528	3ba7943af8040184a4db98af1c77eebc919d5bb1a2ad4253b2ccc650e2b08528		
97543c9be78274f7	query	dynamic:vitess;dynamic:vtgate	select id from `user` where id = 1 union select id from `user` where id = 1 union all select id from `user` limit 10001	same	a9ebc077a1fa73f7d4bcd5f5168ca8e4219309ffae9566026486841448fcf937	a9ebc077a1fa73f7d4bcd5f5168ca8e4219309ffae9566026486841448fcf937		
98168463658ddf4d	query	dynamic:vitess;dynamic:vtgate	select a, b, count(*) as k from `user` group by a order by k asc limit 10001	same	10aba574287a88a84d8597b32b0181bcb60ec5735eb5b43a7e5e0a83088b845a	10aba574287a88a84d8597b32b0181bcb60ec5735eb5b43a7e5e0a83088b845a		
982966a91f33ca90	query	dynamic:vitess;dynamic:keyspace-vschema	CREATE TABLE costly_map\n(\n    costly      VARCHAR(255),\n    keyspace_id VARCHAR(255)\n)	same	c86cf46a097faa769bb9da422e97d2acd3b690d4474790a9fb11c536dd793b1d	c86cf46a097faa769bb9da422e97d2acd3b690d4474790a9fb11c536dd793b1d	replayed in an empty database: the object exists in the captured schema; volatile on the reference: compared by shape	
982d81a542751cc7	query	dynamic:vitess;dynamic:vtgate	select u.id from `user` as u join `user` as uu on u.intcol = uu.intcol limit 10001	same	a9ebc077a1fa73f7d4bcd5f5168ca8e4219309ffae9566026486841448fcf937	a9ebc077a1fa73f7d4bcd5f5168ca8e4219309ffae9566026486841448fcf937		
98df7b7600a40718	query	dynamic:vitess;dynamic:keyspace-vschema	CREATE TABLE user_metadata\n(\n    user_id      INT,\n    email        VARCHAR(255),\n    address      VARCHAR(255),\n    md5          VARCHAR(255),\n    non_planable VARCHAR(255),\n    PRIMARY KEY (user_id)\n)	same	c86cf46a097faa769bb9da422e97d2acd3b690d4474790a9fb11c536dd793b1d	c86cf46a097faa769bb9da422e97d2acd3b690d4474790a9fb11c536dd793b1d	replayed in an empty database: the object exists in the captured schema; volatile on the reference: compared by shape	
991907c8453af7d0	query	dynamic:vitess;dynamic:vtgate	with t as (select id, col from route1 where id = 5) select id from t limit 10001	same	99cadf2aabf25ade2defd6c9047547939765b0d07a7f2ddb7379dccb3c649ce1	99cadf2aabf25ade2defd6c9047547939765b0d07a7f2ddb7379dccb3c649ce1		
994b9922c5ce02f8	query	dynamic:vitess;dynamic:vtgate	select music.foo from music join `user` on music.id = `user`.id where music.col = 42 limit 10001 /* INT64 */	same	10aba574287a88a84d8597b32b0181bcb60ec5735eb5b43a7e5e0a83088b845a	10aba574287a88a84d8597b32b0181bcb60ec5735eb5b43a7e5e0a83088b845a		
994eabb041d539ae	query	dynamic:vitess;dynamic:vtgate	delete from `user` as u where u.col > 20 limit 10001 /* INT64 */	same	0f444752ba32ebf169f55f78a7bd9ac9f75cd15e3f615ce1f6c156bdefbba6d3	0f444752ba32ebf169f55f78a7bd9ac9f75cd15e3f615ce1f6c156bdefbba6d3		
99507edbf118ccf5	query	dynamic:vitess;dynamic:movetables;dynamic:reshard	select /*+ MAX_EXECUTION_TIME(3600000) */ order_id, shopper_id, sku, price from corder force index (`PRIMARY`) order by order_id	same	99cadf2aabf25ade2defd6c9047547939765b0d07a7f2ddb7379dccb3c649ce1	99cadf2aabf25ade2defd6c9047547939765b0d07a7f2ddb7379dccb3c649ce1		
9965026a20f45cde	query	dynamic:vitess;dynamic:vtgate	select 0 as `last_insert_id()` from `user` limit 10001	same	95e2c4e75c9cdaeeeb313218268663160a083bcb1fb53bd6c6411989f5d865c2	95e2c4e75c9cdaeeeb313218268663160a083bcb1fb53bd6c6411989f5d865c2		
997f3b9e75971789	query	dynamic:vitess;dynamic:vtgate	select (select count(*) from user_extra), (select count(*) from user_extra) from `user` where id = 1 limit 10001 /* INT64 */	same	5f947b37d5b8192f5854bad9cbc61b8ea492de9efb034fb7dd7ca6ab4310ee00	5f947b37d5b8192f5854bad9cbc61b8ea492de9efb034fb7dd7ca6ab4310ee00		
99d18bbe47a6f898	query	dynamic:vitess;dynamic:vtgate	insert into unsharded_auto(id, val) values (1, 'aa')	same	10aba574287a88a84d8597b32b0181bcb60ec5735eb5b43a7e5e0a83088b845a	10aba574287a88a84d8597b32b0181bcb60ec5735eb5b43a7e5e0a83088b845a		
9a1db4b84da3d302	query	dynamic:vitess;dynamic:vtgate	select count(*) from `user` left join music on `user`.foo = music.bar limit 10001	same	10aba574287a88a84d8597b32b0181bcb60ec5735eb5b43a7e5e0a83088b845a	10aba574287a88a84d8597b32b0181bcb60ec5735eb5b43a7e5e0a83088b845a		
9a211d3c3cba6e2b	query	dynamic:vitess;dynamic:vtgate	with t as (select id from `user` where id = 5) select t.id from t join user_extra on t.id = user_extra.col limit 10001	same	a9ebc077a1fa73f7d4bcd5f5168ca8e4219309ffae9566026486841448fcf937	a9ebc077a1fa73f7d4bcd5f5168ca8e4219309ffae9566026486841448fcf937		
9a9a5cd4dc4bffa3	query	dynamic:vitess;dynamic:vtgate	select tbl2.id from ((select id from `user` order by id asc limit 5) union all (select id from `user` order by id desc limit 5)) as tbl1 join `user` as tbl2 on tbl1.id = tbl2.id limit 10001	same	a9ebc077a1fa73f7d4bcd5f5168ca8e4219309ffae9566026486841448fcf937	a9ebc077a1fa73f7d4bcd5f5168ca8e4219309ffae9566026486841448fcf937		
9a9d523895cccedb	query	dynamic:vitess;dynamic:keyspace-vschema;dynamic:movetables;dynamic:onlineddl	SELECT `user_id`, `col1`, `col2` FROM `vt_commerce`.`authoritative` WHERE 1 != 1	same	63fd3808f9f067698f0a0793540560001b448038244427a7faab1e3b55dc7fa2	63fd3808f9f067698f0a0793540560001b448038244427a7faab1e3b55dc7fa2		
9af9ba54f0e190e2	query	dynamic:vitess;dynamic:vtgate	select * from `user` where id = 1 or 1 = 0 limit 10001 /* INT64 */	same	dbbd5ce79dcb2e3b1da74450edf825900a6d7f5c08d9585c23d5d1a2c88c4548	dbbd5ce79dcb2e3b1da74450edf825900a6d7f5c08d9585c23d5d1a2c88c4548		
9b20fc05efcfa068	query	dynamic:vitess;dynamic:vtgate	select id from `user` where id not in (select col from `user`) limit 10001	same	a9ebc077a1fa73f7d4bcd5f5168ca8e4219309ffae9566026486841448fcf937	a9ebc077a1fa73f7d4bcd5f5168ca8e4219309ffae9566026486841448fcf937		
9b26cb115d71d779	query	dynamic:vitess;dynamic:vtgate	select id from (select id from `user` limit 10) as u join (select user_id from user_extra limit 10) as ue on u.id = ue.user_id limit 10001	same	a9ebc077a1fa73f7d4bcd5f5168ca8e4219309ffae9566026486841448fcf937	a9ebc077a1fa73f7d4bcd5f5168ca8e4219309ffae9566026486841448fcf937		
9b85474c1f84c2e1	query	dynamic:vitess;dynamic:vtgate	select distinct sum(intcol) over (partition by Id order by col asc) as running_sum from `user` where Id in (1, 2, 3) limit 10001	same	3f1e0f37b4503d4e0b60cea0d3e5da83833b6ba52cc4617acaae53e93eb00ff5	3f1e0f37b4503d4e0b60cea0d3e5da83833b6ba52cc4617acaae53e93eb00ff5		
9c89ab4107f711b6	query	dynamic:vitess;dynamic:vtgate	select * from customer where email = 'a@mail.com' limit 10001 /* VARCHAR */	same	6ce12402c6b4eb8f0976957047491b41fcf6436840a281b9a7ad14502445595c	6ce12402c6b4eb8f0976957047491b41fcf6436840a281b9a7ad14502445595c		
9cb58740963f593e	query	dynamic:vitess;dynamic:vtgate	select c from sbtest1 where id between 50 and 235 order by c asc limit 10001	same	99cadf2aabf25ade2defd6c9047547939765b0d07a7f2ddb7379dccb3c649ce1	99cadf2aabf25ade2defd6c9047547939765b0d07a7f2ddb7379dccb3c649ce1		
9cd5d410496f5a74	query	dynamic:vitess;dynamic:vtgate	update ignore `user` as u, music as m set u.foo = 21, m.bar = 'abc' where u.col = m.col	same	10aba574287a88a84d8597b32b0181bcb60ec5735eb5b43a7e5e0a83088b845a	10aba574287a88a84d8597b32b0181bcb60ec5735eb5b43a7e5e0a83088b845a		
9cec555ec8467792	query	dynamic:vitess;dynamic:vtgate	delete u, m from `user` as u join music as m on u.col = m.col	same	0f444752ba32ebf169f55f78a7bd9ac9f75cd15e3f615ce1f6c156bdefbba6d3	0f444752ba32ebf169f55f78a7bd9ac9f75cd15e3f615ce1f6c156bdefbba6d3		
9cf90f25ff3dc929	query	dynamic:vitess;dynamic:vtgate	select p_brand, p_type, p_size, count(distinct ps_suppkey) as supplier_cnt from partsupp, part where p_partkey = ps_partkey and p_brand != 'Brand#45' and p_type not like 'MEDIUM POLISHED%' and p_size in (49, 14, 23, 45, 19, 3, 36, 9) and ps_suppkey not in (select s_suppkey from supplier where s_comment like '%Customer%Complaints%') group by p_brand, p_type, p_size order by supplier_cnt desc, p_brand asc, p_type asc, p_size asc limit 10001	same	99cadf2aabf25ade2defd6c9047547939765b0d07a7f2ddb7379dccb3c649ce1	99cadf2aabf25ade2defd6c9047547939765b0d07a7f2ddb7379dccb3c649ce1		
9d821b8ffc9b81fc	query	dynamic:vitess;dynamic:vtgate	select user_extra.id from `user` join user_extra on `user`.col = user_extra.col where user_extra.user_id = `user`.col limit 10001	same	a9ebc077a1fa73f7d4bcd5f5168ca8e4219309ffae9566026486841448fcf937	a9ebc077a1fa73f7d4bcd5f5168ca8e4219309ffae9566026486841448fcf937		
9d8d346e02e56d98	query	dynamic:vitess;dynamic:vtgate	insert into `weird``name`(`a``b*c`, `b*c`) values (1, 2)	same	99cadf2aabf25ade2defd6c9047547939765b0d07a7f2ddb7379dccb3c649ce1	99cadf2aabf25ade2defd6c9047547939765b0d07a7f2ddb7379dccb3c649ce1		
9e434a4b673678de	query	dynamic:vitess;dynamic:vtgate	insert into unsharded_authoritative values (1, 1)	same	99cadf2aabf25ade2defd6c9047547939765b0d07a7f2ddb7379dccb3c649ce1	99cadf2aabf25ade2defd6c9047547939765b0d07a7f2ddb7379dccb3c649ce1		
9e641579d88952c4	query	dynamic:vitess;dynamic:onlineddl	DROP TABLE `_vt_hld_9f79e7aabe1611f1a94c86d37cd5f354_20261003040619_`	same	c86cf46a097faa769bb9da422e97d2acd3b690d4474790a9fb11c536dd793b1d	c86cf46a097faa769bb9da422e97d2acd3b690d4474790a9fb11c536dd793b1d	volatile on the reference: compared by shape	
9e919b323ba8d835	query	dynamic:vitess;dynamic:vtgate	select s_quantity, s_data, s_dist_01 as s_dist from stock1 where s_i_id = 2198 and s_w_id = 89 limit 10001 for update	same	99cadf2aabf25ade2defd6c9047547939765b0d07a7f2ddb7379dccb3c649ce1	99cadf2aabf25ade2defd6c9047547939765b0d07a7f2ddb7379dccb3c649ce1		
9edab91209480ad9	query	dynamic:vitess;dynamic:vtgate	select u1.col from `user` as u1 where u1.id = 5 and exists (select 1 from `user` as u2 where u2.id = 5) limit 10001	same	db6eafe6e00c4eca41cb4f828cab78210badd351516bf7feeec9b582b870f952	db6eafe6e00c4eca41cb4f828cab78210badd351516bf7feeec9b582b870f952		
9f1664d8ded61cdb	query	dynamic:vitess;dynamic:vtgate	with recursive cte as (select id from `user` where id = 72 union all select id + 1 from cte where id < 100) select * from cte limit 10001	same	a9ebc077a1fa73f7d4bcd5f5168ca8e4219309ffae9566026486841448fcf937	a9ebc077a1fa73f7d4bcd5f5168ca8e4219309ffae9566026486841448fcf937		
9f3cedafd71ad8b9	query	dynamic:vitess;dynamic:vtgate	delete from user_extra where `name` = 'jose' limit 10001 /* VARCHAR */	same	10aba574287a88a84d8597b32b0181bcb60ec5735eb5b43a7e5e0a83088b845a	10aba574287a88a84d8597b32b0181bcb60ec5735eb5b43a7e5e0a83088b845a		
9f64f39d0d6b7a00	query	dynamic:vitess;dynamic:vtgate	delete from multicol_tbl where cola = 1 limit 10001 /* INT64 */	same	0f444752ba32ebf169f55f78a7bd9ac9f75cd15e3f615ce1f6c156bdefbba6d3	0f444752ba32ebf169f55f78a7bd9ac9f75cd15e3f615ce1f6c156bdefbba6d3		
9f9212fab6013808	query	dynamic:vitess;dynamic:vtgate	select c.email, o.sku, p.description from shopper as c join corder as o on o.shopper_id = c.shopper_id join product as p on p.sku = o.sku order by c.shopper_id asc limit 10001	same	99cadf2aabf25ade2defd6c9047547939765b0d07a7f2ddb7379dccb3c649ce1	99cadf2aabf25ade2defd6c9047547939765b0d07a7f2ddb7379dccb3c649ce1		
9f9b25538a560619	query	dynamic:vitess;dynamic:vtgate	select u.id from `user` as u join user_extra as ue on ue.id = u.id group by u.id having count(u.`name`) = 3 limit 10001 /* INT64 */	same	a9ebc077a1fa73f7d4bcd5f5168ca8e4219309ffae9566026486841448fcf937	a9ebc077a1fa73f7d4bcd5f5168ca8e4219309ffae9566026486841448fcf937		
9fa41dc7e45f6236	query	dynamic:vitess;dynamic:vtgate	select id, t.id from (select `user`.id from `user` join user_extra) as t limit 10001	same	11f83dca92c93cd8492512e1ae7c3fb0e056c89dade73d89f5cb5fdcf32a5a4f	11f83dca92c93cd8492512e1ae7c3fb0e056c89dade73d89f5cb5fdcf32a5a4f		
9fbce27259e0a957	query	dynamic:vitess;dynamic:vtgate	update unsharded set col = (select col from unsharded limit 1) limit 10001	same	3552d7bcdfad079de645325e1b52ebeec7d9d1fa32cd18cae26e60e3e33f8b09	3552d7bcdfad079de645325e1b52ebeec7d9d1fa32cd18cae26e60e3e33f8b09		
9ff7620c45a5568b	query	dynamic:vitess;dynamic:vtgate	insert into user_extra(user_id) select id from `user`	same	0f444752ba32ebf169f55f78a7bd9ac9f75cd15e3f615ce1f6c156bdefbba6d3	0f444752ba32ebf169f55f78a7bd9ac9f75cd15e3f615ce1f6c156bdefbba6d3		
a0057ace7ee5b9a2	query	dynamic:vitess;dynamic:vtgate	with x as (select phone, id, city from `user` where id > 12 limit 10) select count(city) from x limit 10001	same	10aba574287a88a84d8597b32b0181bcb60ec5735eb5b43a7e5e0a83088b845a	10aba574287a88a84d8597b32b0181bcb60ec5735eb5b43a7e5e0a83088b845a		
a012d4751e9e13be	query	dynamic:vitess;dynamic:vtgate	select distinct row_number() over (partition by Id order by col asc) as rn, col from `user` limit 10001	same	d2b5eb6b40505f70e19b4167902dd12cf163a2a45631697b22c9ec082a723917	d2b5eb6b40505f70e19b4167902dd12cf163a2a45631697b22c9ec082a723917		
a04534590d17d1be	query	dynamic:vitess;dynamic:isolation;dynamic:2pc	select count(*) from product limit 10001	same	f5f2e8e184b1f05d704fa35b28a6186ae3b7763d883a6adce67fba3e32d54b73	f5f2e8e184b1f05d704fa35b28a6186ae3b7763d883a6adce67fba3e32d54b73		
a04892300fb39501	query	dynamic:vitess;dynamic:vtgate	select id, id from `user` order by id asc limit 10001	same	11f83dca92c93cd8492512e1ae7c3fb0e056c89dade73d89f5cb5fdcf32a5a4f	11f83dca92c93cd8492512e1ae7c3fb0e056c89dade73d89f5cb5fdcf32a5a4f		
a0ea0a3979c9897c	query	dynamic:vitess;dynamic:vtgate	select col1, col2 from `user` union all select col1, col2 from user_extra limit 10001	same	10aba574287a88a84d8597b32b0181bcb60ec5735eb5b43a7e5e0a83088b845a	10aba574287a88a84d8597b32b0181bcb60ec5735eb5b43a7e5e0a83088b845a		
a14d7e64923beabe	query	dynamic:vitess;dynamic:keyspace-vschema	CREATE TABLE name_user_vdx\n(\n    name        INT,\n    keyspace_id VARBINARY(10),\n    primary key (name)\n)	same	c86cf46a097faa769bb9da422e97d2acd3b690d4474790a9fb11c536dd793b1d	c86cf46a097faa769bb9da422e97d2acd3b690d4474790a9fb11c536dd793b1d	replayed in an empty database: the object exists in the captured schema; volatile on the reference: compared by shape	
a1ab5653b160f375	query	dynamic:vitess;dynamic:vtgate	select keyspace_id from user_index where func(id) limit 10001	same	99cadf2aabf25ade2defd6c9047547939765b0d07a7f2ddb7379dccb3c649ce1	99cadf2aabf25ade2defd6c9047547939765b0d07a7f2ddb7379dccb3c649ce1		
a1bedd5653a77b24	query	dynamic:vitess;dynamic:vtgate	select id2 from `user` as uu where id in (select id from `user` where id = uu.id and `user`.col in (select user_extra.col from user_extra where user_extra.user_id = uu.id)) limit 10001	same	a34b003213c1dea0d7ddf46a75dceb8c734df0f2531f3c5f64270a3c2419b259	a34b003213c1dea0d7ddf46a75dceb8c734df0f2531f3c5f64270a3c2419b259		
a1e8706b7d2aaca3	query	dynamic:vitess;dynamic:vtgate	select `user`.col1 as a, `user`.col2, music.col3 from `user`, music where `user`.id = music.id and `user`.id = 1 order by a asc limit 10001	same	10aba574287a88a84d8597b32b0181bcb60ec5735eb5b43a7e5e0a83088b845a	10aba574287a88a84d8597b32b0181bcb60ec5735eb5b43a7e5e0a83088b845a		
a20023c1d1cd8049	query	dynamic:vitess;dynamic:vtgate	select t.col1 from (select `user`.id, `user`.col1 from `user` join user_extra) as t join unsharded on unsharded.col1 = t.col1 and unsharded.id = t.id limit 10001	same	4fc686edf10f246477a969a4c12a0dfbd59b56bcfc93b7f3dc0a5b7d688d16da	4fc686edf10f246477a969a4c12a0dfbd59b56bcfc93b7f3dc0a5b7d688d16da		
a20bc1aa445ab955	query	dynamic:vitess;dynamic:vtgate	select a, b, c, d, count(*) from `user` group by 1, 2, 3 order by a asc, b asc, c asc limit 10001	same	10aba574287a88a84d8597b32b0181bcb60ec5735eb5b43a7e5e0a83088b845a	10aba574287a88a84d8597b32b0181bcb60ec5735eb5b43a7e5e0a83088b845a		
a27e87b078f8487e	query	dynamic:vitess;dynamic:vtgate	select music.id from music where music.id in (select * from (select * from (select music.id from music limit 10) as subquery_for_limit) as subquery_for_limit) limit 10001	same	a9ebc077a1fa73f7d4bcd5f5168ca8e4219309ffae9566026486841448fcf937	a9ebc077a1fa73f7d4bcd5f5168ca8e4219309ffae9566026486841448fcf937		
a2860c0455737f09	query	dynamic:vitess;dynamic:vtgate	update source_of_ref set x = 4 where col = 1 limit 10001 /* INT64 */	same	10aba574287a88a84d8597b32b0181bcb60ec5735eb5b43a7e5e0a83088b845a	10aba574287a88a84d8597b32b0181bcb60ec5735eb5b43a7e5e0a83088b845a		
a2ed21bce8a4fc3f	query	dynamic:vitess;dynamic:vtgate	with tt as (select foo, max(baz) as bazo from (select foo, baz from `user`) as f group by foo) select foo from tt where bazo between 100 and 200 limit 10001 /* INT64 */	same	10aba574287a88a84d8597b32b0181bcb60ec5735eb5b43a7e5e0a83088b845a	10aba574287a88a84d8597b32b0181bcb60ec5735eb5b43a7e5e0a83088b845a		
a3104e564cd7ec4c	query	dynamic:vitess;dynamic:vtgate	select r1.col from ambiguous_ref_with_source as r1 join ambiguous_ref_with_source limit 10001	same	99cadf2aabf25ade2defd6c9047547939765b0d07a7f2ddb7379dccb3c649ce1	99cadf2aabf25ade2defd6c9047547939765b0d07a7f2ddb7379dccb3c649ce1		
a31be3ae2ccc5388	query	dynamic:vitess;dynamic:vtgate	select col, count(*) from (select `user`.col, user_extra.extra from `user` join user_extra on `user`.id = user_extra.user_id order by user_extra.extra asc) as a group by col limit 10001	same	10aba574287a88a84d8597b32b0181bcb60ec5735eb5b43a7e5e0a83088b845a	10aba574287a88a84d8597b32b0181bcb60ec5735eb5b43a7e5e0a83088b845a		
a3bb7550c9cbc874	query	dynamic:vitess;dynamic:vtgate	select t.col1 from unsharded_a as ua join (select `user`.id, `user`.col1 from `user` join user_extra) as t on t.id = ua.id limit 10001	same	4fc686edf10f246477a969a4c12a0dfbd59b56bcfc93b7f3dc0a5b7d688d16da	4fc686edf10f246477a969a4c12a0dfbd59b56bcfc93b7f3dc0a5b7d688d16da		
a42452a771542460	query	dynamic:vitess;dynamic:vtgate	select col from route1 where id = 1 limit 10001 /* INT64 */	same	99cadf2aabf25ade2defd6c9047547939765b0d07a7f2ddb7379dccb3c649ce1	99cadf2aabf25ade2defd6c9047547939765b0d07a7f2ddb7379dccb3c649ce1		
a4430f40208719cf	query	dynamic:vitess;dynamic:vtgate	select col from ref limit 1 /* INT64 */	same	db6eafe6e00c4eca41cb4f828cab78210badd351516bf7feeec9b582b870f952	db6eafe6e00c4eca41cb4f828cab78210badd351516bf7feeec9b582b870f952		
a47a44616e95e49d	query	dynamic:vitess;dynamic:vtgate	select t.id from (select `user`.id from `user` where `user`.id = 5) as t join user_extra on t.id = user_extra.user_id limit 10001	same	a9ebc077a1fa73f7d4bcd5f5168ca8e4219309ffae9566026486841448fcf937	a9ebc077a1fa73f7d4bcd5f5168ca8e4219309ffae9566026486841448fcf937		
a4c3d914075e0051	query	dynamic:vitess;dynamic:movetables;dynamic:reshard	select /*+ MAX_EXECUTION_TIME(3600000) */ shopper_id, email from shopper force index (`PRIMARY`) order by shopper_id	same	99cadf2aabf25ade2defd6c9047547939765b0d07a7f2ddb7379dccb3c649ce1	99cadf2aabf25ade2defd6c9047547939765b0d07a7f2ddb7379dccb3c649ce1		
a4c727c7d2e14094	query	dynamic:vitess;dynamic:vtgate	select 42 from dual where 1 != 1 limit 10001	same	86c2410777e3212defb4ffc46f23fdd2f17795e3620c1ecdf7ccedd447ef4440	86c2410777e3212defb4ffc46f23fdd2f17795e3620c1ecdf7ccedd447ef4440		
a58f76d73d41094a	query	dynamic:vitess;dynamic:vtgate	update unsharded set col = (select id from `user`) limit 10001	same	0f444752ba32ebf169f55f78a7bd9ac9f75cd15e3f615ce1f6c156bdefbba6d3	0f444752ba32ebf169f55f78a7bd9ac9f75cd15e3f615ce1f6c156bdefbba6d3		
a5abb3c20add6ab8	query	dynamic:vitess;dynamic:vtgate	select r1.col from ref as r1 join ref limit 10001	same	db6eafe6e00c4eca41cb4f828cab78210badd351516bf7feeec9b582b870f952	db6eafe6e00c4eca41cb4f828cab78210badd351516bf7feeec9b582b870f952		
a5b90ae05169f0e6	query	dynamic:vitess;dynamic:vtgate	select m1.col from (unsharded as m1, unsharded as m2) limit 10001	same	db6eafe6e00c4eca41cb4f828cab78210badd351516bf7feeec9b582b870f952	db6eafe6e00c4eca41cb4f828cab78210badd351516bf7feeec9b582b870f952		
a5baf48439fc725f	query	dynamic:vitess;dynamic:vtgate	select id from `user` union select id from music union select 1 from dual limit 10001	same	48198c7c8cec5866ef83eab0e4a0de3a15707101c545ddf3814a4c491f3e3829	48198c7c8cec5866ef83eab0e4a0de3a15707101c545ddf3814a4c491f3e3829		
a5bf41d1c18f28d8	query	dynamic:vitess;dynamic:vtgate	with `open` as (select count(*) as num from (select `user`.id from `user` where `user`.textcol1 = 'open' and `user`.intcol = 1 limit 1000) as t limit 1) , closed as (select count(*) as num from (select `user`.id from `user` where `user`.textcol1 = 'closed' and `user`.intcol = 1 limit 1000) as t limit 1) , `all` as (select LEAST(1000, sum(num)) as num from (select num from `open` union all select num from closed) as t limit 1) select 'all' as tab, num from `all` limit 10001	same	668c359c1ca85723720811bb21a050dec194870404ee24ad3d9e0e30c3cf32d4	668c359c1ca85723720811bb21a050dec194870404ee24ad3d9e0e30c3cf32d4		
a5f71af7c6c3c9b7	query	dynamic:vitess;dynamic:vtgate	with t as (select `user`.id, `user`.col1 from `user` join user_extra) select t.col1 from unsharded_a as ua join t on t.id = ua.id limit 10001	same	4fc686edf10f246477a969a4c12a0dfbd59b56bcfc93b7f3dc0a5b7d688d16da	4fc686edf10f246477a969a4c12a0dfbd59b56bcfc93b7f3dc0a5b7d688d16da		
a64191835d530de8	query	dynamic:vitess;dynamic:vtgate	select count(1) from `user` where cola = 'abc' group by n_id having json_arrayagg(a_id) = '[]' limit 10001 /* VARCHAR */	same	10aba574287a88a84d8597b32b0181bcb60ec5735eb5b43a7e5e0a83088b845a	10aba574287a88a84d8597b32b0181bcb60ec5735eb5b43a7e5e0a83088b845a		
a66117a927d79acc	query	dynamic:vitess;dynamic:vtgate	select lag(intcol, 1, 0) over (order by Id asc) from `user` limit 10001	same	153924442cb0d3c008862a69f43073dfbf75caee0d54518b68c9994e1f25f96d	153924442cb0d3c008862a69f43073dfbf75caee0d54518b68c9994e1f25f96d		
a6772e9de6ee4b4f	query	dynamic:vitess;dynamic:vtgate	select distinct first_value(col) over (partition by Id order by col desc) as fv from `user` where Id = 1 order by fv asc limit 5 /* INT64 */	same	e70d13413d5226f50c938384187023fcf11a67d13f12ae5b9d1c945b9cc81a62	e70d13413d5226f50c938384187023fcf11a67d13f12ae5b9d1c945b9cc81a62		
a6e0a7f68c56610d	query	dynamic:vitess;dynamic:vtgate	select count(distinct tcol2), tcol1, count(*), sum(distinct tcol2) from `user` group by tcol1 limit 10001	same	10aba574287a88a84d8597b32b0181bcb60ec5735eb5b43a7e5e0a83088b845a	10aba574287a88a84d8597b32b0181bcb60ec5735eb5b43a7e5e0a83088b845a		
a6ebb69bc85b9252	query	dynamic:vitess;dynamic:vtgate	select * from (select rank() over (partition by col) as r from `user` where id = 1) as t limit 10001	same	44a790354275c6ab2ce5274ce19efacac7c3710ba412262dbf9710d117556ab1	44a790354275c6ab2ce5274ce19efacac7c3710ba412262dbf9710d117556ab1		
a70a3de94030f6c3	query	dynamic:vitess;dynamic:keyspace-vschema	CREATE TABLE sales\n(\n    oid  INT PRIMARY KEY,\n    col1 VARCHAR(255)\n)	same	c86cf46a097faa769bb9da422e97d2acd3b690d4474790a9fb11c536dd793b1d	c86cf46a097faa769bb9da422e97d2acd3b690d4474790a9fb11c536dd793b1d	replayed in an empty database: the object exists in the captured schema; volatile on the reference: compared by shape	
a70c42ef801620b9	query	dynamic:vitess;dynamic:vtgate	select m1.col from unsharded as m1 right join unsharded as m2 on m1.a = m2.b limit 10001	same	10aba574287a88a84d8597b32b0181bcb60ec5735eb5b43a7e5e0a83088b845a	10aba574287a88a84d8597b32b0181bcb60ec5735eb5b43a7e5e0a83088b845a		
a73be72393606bf5	query	dynamic:vitess;dynamic:vtgate	select id from `user` where id = (select id from user_extra where user_id = 1) and id in (select id from user_extra where user_id = 1) limit 10001	same	a9ebc077a1fa73f7d4bcd5f5168ca8e4219309ffae9566026486841448fcf937	a9ebc077a1fa73f7d4bcd5f5168ca8e4219309ffae9566026486841448fcf937		
a770b3f41268e757	query	dynamic:vitess;dynamic:vtgate	select col, count(*) as k from `user` group by col order by null, k asc limit 10001	same	bbd8a7967598bbcf337131bdd06d2b864b26d915932fa2c0b6c0081e1f0a2362	bbd8a7967598bbcf337131bdd06d2b864b26d915932fa2c0b6c0081e1f0a2362		
a7896ed34a2185e5	query	dynamic:vitess;dynamic:vtgate	select 1 from unsharded join `user` as u1 where exists (select 1 from unsharded as u2 where u1.bar = u2.baz) limit 10001	same	6e896260f53d1b8e06016cb34377992a2e3c229fa86def43505b2346d4642f3c	6e896260f53d1b8e06016cb34377992a2e3c229fa86def43505b2346d4642f3c		
a7e2685f8f15a6b8	query	dynamic:vitess;dynamic:vtgate	select count(id), num from `user` order by 2 asc limit 10001	same	10aba574287a88a84d8597b32b0181bcb60ec5735eb5b43a7e5e0a83088b845a	10aba574287a88a84d8597b32b0181bcb60ec5735eb5b43a7e5e0a83088b845a		
a7f57f93bce93091	query	dynamic:vitess;dynamic:vtgate	update multicol_tbl set x = 1 where colb in (1, 2) and cola in (3, 4) limit 10001	same	10aba574287a88a84d8597b32b0181bcb60ec5735eb5b43a7e5e0a83088b845a	10aba574287a88a84d8597b32b0181bcb60ec5735eb5b43a7e5e0a83088b845a		
a7fe2d3fa2e7f537	query	dynamic:vitess;dynamic:vtgate	select a, b, count(*) from unsharded group by a, b with rollup limit 10001	same	10aba574287a88a84d8597b32b0181bcb60ec5735eb5b43a7e5e0a83088b845a	10aba574287a88a84d8597b32b0181bcb60ec5735eb5b43a7e5e0a83088b845a		
a85a25ff976b916e	query	dynamic:vitess;dynamic:vtgate	select u.id from `user` as u join user_extra as ue on ue.id = u.id group by u.id having count(*) < 3 and count(*) > 5 limit 10001 /* INT64 */	same	a9ebc077a1fa73f7d4bcd5f5168ca8e4219309ffae9566026486841448fcf937	a9ebc077a1fa73f7d4bcd5f5168ca8e4219309ffae9566026486841448fcf937		
a8ae5306327154fd	query	dynamic:vitess;dynamic:keyspace-vschema	CREATE TABLE `unsharded_b`\n(\n    `id`   INT NOT NULL PRIMARY KEY,\n    `col`  VARCHAR(255) DEFAULT NULL,\n    `name` VARCHAR(255) DEFAULT NULL\n)	same	c86cf46a097faa769bb9da422e97d2acd3b690d4474790a9fb11c536dd793b1d	c86cf46a097faa769bb9da422e97d2acd3b690d4474790a9fb11c536dd793b1d	replayed in an empty database: the object exists in the captured schema; volatile on the reference: compared by shape	
a95d57616ed01b9c	query	dynamic:vitess;dynamic:vtgate	select `user`.id from `user` join music_extra on `user`.id = music_extra.user_id join music on music_extra.user_id = music.user_id where `user`.id = 123 and music.id = 456 limit 10001 /* INT64 */	same	99cadf2aabf25ade2defd6c9047547939765b0d07a7f2ddb7379dccb3c649ce1	99cadf2aabf25ade2defd6c9047547939765b0d07a7f2ddb7379dccb3c649ce1		
a9ae5be5af3e060a	query	dynamic:vitess;dynamic:vtgate	select sum(`user`.col) from `user` join user_extra on `user`.foo = user_extra.bar limit 10001	same	10aba574287a88a84d8597b32b0181bcb60ec5735eb5b43a7e5e0a83088b845a	10aba574287a88a84d8597b32b0181bcb60ec5735eb5b43a7e5e0a83088b845a		
a9bece3eee332b62	query	dynamic:vitess;dynamic:vtgate	select col from (select col from unsharded join unsharded_b) as u join unsharded_a as ua limit 1 /* INT64 */	same	e0eb28784c58ece04f8d7c2a9e09e9b393fd48d09cb4d91f851970f0f48b4be8	e0eb28784c58ece04f8d7c2a9e09e9b393fd48d09cb4d91f851970f0f48b4be8		
a9c38afb4196796f	query	dynamic:vitess;dynamic:vtgate	select id from music where id = 5 and user_id = 4 limit 10001 /* INT64 */	same	a9ebc077a1fa73f7d4bcd5f5168ca8e4219309ffae9566026486841448fcf937	a9ebc077a1fa73f7d4bcd5f5168ca8e4219309ffae9566026486841448fcf937		
a9e3ca120329b344	query	dynamic:vitess;dynamic:vtgate	insert into music(id, user_id) select * from `user`	same	3ba5e2754f11856e1031977c739257530518b07b0d0035bfccd1be03087b3abe	3ba5e2754f11856e1031977c739257530518b07b0d0035bfccd1be03087b3abe		
a9f0017065400b2d	query	dynamic:vitess;dynamic:keyspace-vschema	CREATE TABLE ref\n(\n    col INT PRIMARY KEY\n)	same	c86cf46a097faa769bb9da422e97d2acd3b690d4474790a9fb11c536dd793b1d	c86cf46a097faa769bb9da422e97d2acd3b690d4474790a9fb11c536dd793b1d	replayed in an empty database: the object exists in the captured schema; volatile on the reference: compared by shape	
aa4c59d64794c116	query	dynamic:vitess;dynamic:vtgate	delete from `user` where `user`.id * `user`.col = `user`.foo limit 10001	same	0f444752ba32ebf169f55f78a7bd9ac9f75cd15e3f615ce1f6c156bdefbba6d3	0f444752ba32ebf169f55f78a7bd9ac9f75cd15e3f615ce1f6c156bdefbba6d3		
aa576231fe5e0d8c	query	dynamic:vitess;dynamic:vtgate	select u.col, e.col from (select col from `user` where id = 5) as u join (select col from user_extra where user_id = 5) as e limit 10001	same	61fff6c498b9b2a9107b9ffbf4e78ea064b85c6671bf42fc451504dbb4242b4b	61fff6c498b9b2a9107b9ffbf4e78ea064b85c6671bf42fc451504dbb4242b4b		
aa7181232a4d83cd	query	dynamic:vitess;dynamic:vtgate	select `user`.id, user_extra.user_id from `user` straight_join user_extra where `user`.id = user_extra.user_id limit 10001	same	729e18fe325e5a6dedfc92e6e88ab496d795321f1406474aaed1a98edcb84461	729e18fe325e5a6dedfc92e6e88ab496d795321f1406474aaed1a98edcb84461		
aa95e49381e6d719	query	dynamic:vitess;dynamic:vtgate	update `user` set val = 1 where id = 18446744073709551616 and id = 1 limit 10001 /* INT64 */	same	10aba574287a88a84d8597b32b0181bcb60ec5735eb5b43a7e5e0a83088b845a	10aba574287a88a84d8597b32b0181bcb60ec5735eb5b43a7e5e0a83088b845a		
aa9c18ffdd8a5ddd	query	dynamic:vitess;dynamic:vtgate	select col, min(textcol1), max(textcol2), sum(distinct textcol1), count(distinct textcol1) from `user` group by col limit 10001	same	b49aa11fe2a4ca28a50305e13205965d1bf50ced6b72ed6a5d30d2564d102545	b49aa11fe2a4ca28a50305e13205965d1bf50ced6b72ed6a5d30d2564d102545		
aacc49a369fde516	query	dynamic:vitess;dynamic:vtgate	select count(*) as s from `user` union select count(*) as s from music limit 10001	same	392c0132a9738dd0939ad30dfd9ba2fb4a47f7027ee98d1d23b5e06fe8c28825	392c0132a9738dd0939ad30dfd9ba2fb4a47f7027ee98d1d23b5e06fe8c28825		
aaccf8158b22fba4	query	dynamic:vitess;dynamic:vtgate	update multicol_tbl set x = 42 where `name` = 'foo' limit 10001 /* VARCHAR */	same	10aba574287a88a84d8597b32b0181bcb60ec5735eb5b43a7e5e0a83088b845a	10aba574287a88a84d8597b32b0181bcb60ec5735eb5b43a7e5e0a83088b845a		
aad7cfbcb582e515	query	dynamic:vitess;dynamic:vtgate	delete from source_of_ref where col = 1 limit 10001 /* INT64 */	same	0f444752ba32ebf169f55f78a7bd9ac9f75cd15e3f615ce1f6c156bdefbba6d3	0f444752ba32ebf169f55f78a7bd9ac9f75cd15e3f615ce1f6c156bdefbba6d3		
aaf2a2c8d281f7b0	query	dynamic:vitess;dynamic:vtgate	insert into unsharded values ()	same	e937c7864416f6658f75b90d8b6b4f2ce87ff06b124ba43d58137f961d8dfe88	e937c7864416f6658f75b90d8b6b4f2ce87ff06b124ba43d58137f961d8dfe88		
ab1dae1ab99b0d0f	query	dynamic:vitess;dynamic:vtgate	select count(*) as a from `user` having a < 10 limit 10001 /* INT64 */	same	c7d61d72b27f2c7a898b92936855f3e1c98bf2ea3971163e4d678297879751c3	c7d61d72b27f2c7a898b92936855f3e1c98bf2ea3971163e4d678297879751c3		
ab5689c37b3d3db2	query	dynamic:vitess;dynamic:vtgate	select count(*) from music where user_id = 1 limit 10001	same	f5f2e8e184b1f05d704fa35b28a6186ae3b7763d883a6adce67fba3e32d54b73	f5f2e8e184b1f05d704fa35b28a6186ae3b7763d883a6adce67fba3e32d54b73		
ab9fe0d97b82f1c8	query	dynamic:vitess;dynamic:vtgate	select `user`.col1 as a, `user`.col2, user_extra.col3 from `user` join user_extra having 1 = 1 and a = 1 and a = `user`.col2 and user_extra.col3 = 1 limit 10001 /* INT64 */	same	10aba574287a88a84d8597b32b0181bcb60ec5735eb5b43a7e5e0a83088b845a	10aba574287a88a84d8597b32b0181bcb60ec5735eb5b43a7e5e0a83088b845a		
abe91a2cda15615a	query	dynamic:vitess;dynamic:vtgate	select supp_nation, cust_nation, l_year, sum(volume) as revenue from (select n1.n_name as supp_nation, n2.n_name as cust_nation, extract(year from l_shipdate) as l_year, l_extendedprice * (1 - l_discount) as volume from supplier, lineitem, orders, customer, nation as n1, nation as n2 where s_suppkey = l_suppkey and o_orderkey = l_orderkey and c_custkey = o_custkey and s_nationkey = n1.n_nationkey and c_nationkey = n2.n_nationkey and (n1.n_name = 'FRANCE' and n2.n_name = 'GERMANY' or n1.n_name = 'GERMANY' and n2.n_name = 'FRANCE') and l_shipdate between date('1995-01-01') and date('1996-12-31')) as shipping group by supp_nation, cust_nation, l_year order by supp_nation asc, cust_nation asc, l_year asc limit 10001	same	99cadf2aabf25ade2defd6c9047547939765b0d07a7f2ddb7379dccb3c649ce1	99cadf2aabf25ade2defd6c9047547939765b0d07a7f2ddb7379dccb3c649ce1		
ac457b4deb4cf0f4	query	dynamic:vitess;dynamic:vtgate	update user_extra set val = 1 where user_id in (1, 2) limit 10001	same	10aba574287a88a84d8597b32b0181bcb60ec5735eb5b43a7e5e0a83088b845a	10aba574287a88a84d8597b32b0181bcb60ec5735eb5b43a7e5e0a83088b845a		
acae88a9dd6d2d5e	query	dynamic:vitess;dynamic:keyspace-vschema	CREATE TABLE `unsharded`\n(\n    `id`   INT NOT NULL PRIMARY KEY,\n    `col`  VARCHAR(255) DEFAULT NULL,\n    `col1` VARCHAR(255) DEFAULT NULL,\n    `col2` VARCHAR(255) DEFAULT NULL,\n    `name` VARCHAR(255) DEFAULT NULL,\n    `baz`  INT\n)	same	c86cf46a097faa769bb9da422e97d2acd3b690d4474790a9fb11c536dd793b1d	c86cf46a097faa769bb9da422e97d2acd3b690d4474790a9fb11c536dd793b1d	replayed in an empty database: the object exists in the captured schema; volatile on the reference: compared by shape	
acba542d90c2b554	query	dynamic:vitess;dynamic:vtgate	insert into `user`(id) select 1 from dual	same	4f73cac56c213100458bcc43d0e31ddac4c170e120f75f92420e4a88b8129d5e	4f73cac56c213100458bcc43d0e31ddac4c170e120f75f92420e4a88b8129d5e		
acc5b1d232222eb5	query	dynamic:vitess;dynamic:vtgate	select * from music where user_id = 1 limit 10001 /* INT64 */	same	46bfa2dd728e000fa5e0eb212d630d4cac63a93590cdba58db7d20b707c289d5	46bfa2dd728e000fa5e0eb212d630d4cac63a93590cdba58db7d20b707c289d5		
acc942c7e9f2a544	query	dynamic:vitess;dynamic:vtgate	select `user`.col from `user` join ambiguous_ref_with_source limit 10001	same	99cadf2aabf25ade2defd6c9047547939765b0d07a7f2ddb7379dccb3c649ce1	99cadf2aabf25ade2defd6c9047547939765b0d07a7f2ddb7379dccb3c649ce1		
ad0be2943279b4e9	query	dynamic:vitess;dynamic:vtgate	select `user`.col from `user` join global_ref limit 10001	same	99cadf2aabf25ade2defd6c9047547939765b0d07a7f2ddb7379dccb3c649ce1	99cadf2aabf25ade2defd6c9047547939765b0d07a7f2ddb7379dccb3c649ce1		
ad11bbac7f1f6e7a	query	dynamic:vitess;dynamic:vtgate	select count(*) from `user` join user_extra limit 10001	same	f5f2e8e184b1f05d704fa35b28a6186ae3b7763d883a6adce67fba3e32d54b73	f5f2e8e184b1f05d704fa35b28a6186ae3b7763d883a6adce67fba3e32d54b73		
ad2638dd41561e78	query	dynamic:vitess;dynamic:vtgate	insert into user_extra(user_id, col) select col1, col2 from t1	same	10aba574287a88a84d8597b32b0181bcb60ec5735eb5b43a7e5e0a83088b845a	10aba574287a88a84d8597b32b0181bcb60ec5735eb5b43a7e5e0a83088b845a		
ad3f9a9875206f66	query	dynamic:vitess;dynamic:vtgate	update `user` set col = (select count(*) from user_extra where user_extra.user_id = `user`.id) where id = 5 limit 10001 /* INT64 */	same	0f444752ba32ebf169f55f78a7bd9ac9f75cd15e3f615ce1f6c156bdefbba6d3	0f444752ba32ebf169f55f78a7bd9ac9f75cd15e3f615ce1f6c156bdefbba6d3		
ad45c1463a2db2c2	query	dynamic:vitess;dynamic:vtgate	select * from ambiguous_ref_with_source limit 10001	same	99cadf2aabf25ade2defd6c9047547939765b0d07a7f2ddb7379dccb3c649ce1	99cadf2aabf25ade2defd6c9047547939765b0d07a7f2ddb7379dccb3c649ce1		
ad6fe9877078a280	query	dynamic:vitess;dynamic:vtgate	with u as (select * from unsharded) select u.* from u limit 10001	same	c38c9187004ce56059a5cbae0c91d55c359122b244840bb511cdedfdb676c2dd	c38c9187004ce56059a5cbae0c91d55c359122b244840bb511cdedfdb676c2dd		
adaf653cd6ba7312	query	dynamic:vitess;dynamic:vtgate	update multicol_tbl set `name` = 'bar' where cola = 1 limit 10001 /* INT64 */	same	0f444752ba32ebf169f55f78a7bd9ac9f75cd15e3f615ce1f6c156bdefbba6d3	0f444752ba32ebf169f55f78a7bd9ac9f75cd15e3f615ce1f6c156bdefbba6d3		
add5daaee6b95dce	query	dynamic:vitess;dynamic:vtgate	select (select count(*) from user_extra) as a, 1 in (select count(*) from user_extra) as b, 2 in (select count(*) from user_extra) as c from `user` where id = 1 limit 10001 /* INT64 */	same	a1474972a5ad0aea8cff881892bf3628dcf7107c0116472af6063bcd9740487f	a1474972a5ad0aea8cff881892bf3628dcf7107c0116472af6063bcd9740487f		
add9fb775fd2adc4	query	dynamic:vitess;dynamic:vtgate	select * from `user` where id = 5 and `name` = true limit 5 /* INT64 */	same	dbbd5ce79dcb2e3b1da74450edf825900a6d7f5c08d9585c23d5d1a2c88c4548	dbbd5ce79dcb2e3b1da74450edf825900a6d7f5c08d9585c23d5d1a2c88c4548		
ade4e9afa97e2187	query	dynamic:vitess;dynamic:vtgate	update multicol_tbl set x = 1 where colb = 2 and cola = 1 limit 10001 /* INT64 */	same	10aba574287a88a84d8597b32b0181bcb60ec5735eb5b43a7e5e0a83088b845a	10aba574287a88a84d8597b32b0181bcb60ec5735eb5b43a7e5e0a83088b845a		
ae04579b88fd04da	query	dynamic:vitess;dynamic:vtgate	select count(id), num from `user` group by 2 limit 10001	same	10aba574287a88a84d8597b32b0181bcb60ec5735eb5b43a7e5e0a83088b845a	10aba574287a88a84d8597b32b0181bcb60ec5735eb5b43a7e5e0a83088b845a		
ae4376375a84ac61	query	dynamic:vitess;dynamic:vtgate	update `user` set col = (select count(*) from user_extra where user_extra.user_id = 5) where id = 5 limit 10001 /* INT64 */	same	0f444752ba32ebf169f55f78a7bd9ac9f75cd15e3f615ce1f6c156bdefbba6d3	0f444752ba32ebf169f55f78a7bd9ac9f75cd15e3f615ce1f6c156bdefbba6d3		
aeaaa73722b56439	query	dynamic:vitess;dynamic:vtgate	delete from multicolvin where kid = 1 limit 10001 /* INT64 */	same	0f444752ba32ebf169f55f78a7bd9ac9f75cd15e3f615ce1f6c156bdefbba6d3	0f444752ba32ebf169f55f78a7bd9ac9f75cd15e3f615ce1f6c156bdefbba6d3		
aec72a4c969081f1	query	dynamic:vitess;dynamic:keyspace-vschema;dynamic:movetables;dynamic:onlineddl	SELECT `costly`, `keyspace_id` FROM `vt_commerce`.`costly_map` WHERE 1 != 1	same	c8e085a512a17d417f675a4dc14f5c879dc40ba3f02c3db122aa3be6daccd553	c8e085a512a17d417f675a4dc14f5c879dc40ba3f02c3db122aa3be6daccd553		
af0e03626018e0d8	query	dynamic:vitess;dynamic:vtgate	select col, count(*) as k from `user` group by col order by null limit 10001	same	bbd8a7967598bbcf337131bdd06d2b864b26d915932fa2c0b6c0081e1f0a2362	bbd8a7967598bbcf337131bdd06d2b864b26d915932fa2c0b6c0081e1f0a2362		
af3d5b38d68b111a	query	dynamic:vitess;dynamic:vtgate	select t.title, `user`.col from (select 'hello' as title from dual) as t left join `user` on `user`.id = 1 limit 10001 /* INT64 */	same	9d7b2db2796c26a7b54d06f7faa3dc44ba8d021a20fb96904a8c51a28557e68d	9d7b2db2796c26a7b54d06f7faa3dc44ba8d021a20fb96904a8c51a28557e68d		
af7d5ee8805c9386	query	dynamic:vitess;dynamic:vtgate	select avg(col) over (partition by textcol1 order by col asc rows between 1 preceding and 1 following) from `user` where Id = 1 limit 10001 /* INT64 */	same	8614e29be487c7ac606b90a666cc7380901f65d98d9251cc67fce93f47b4c58a	8614e29be487c7ac606b90a666cc7380901f65d98d9251cc67fce93f47b4c58a		
af897edea7996b3b	query	dynamic:vitess;dynamic:vtgate	select m1.col from unsharded as m1 join unsharded as m2 limit 10001	same	db6eafe6e00c4eca41cb4f828cab78210badd351516bf7feeec9b582b870f952	db6eafe6e00c4eca41cb4f828cab78210badd351516bf7feeec9b582b870f952		
afbfde0c5c7f265d	query	dynamic:vitess;dynamic:keyspace-vschema;dynamic:movetables;dynamic:onlineddl	SELECT `id`, `ref_col`, `name` FROM `vt_commerce`.`rerouted_ref` WHERE 1 != 1	same	62f2aa2a54a6c35d899820efe0c626c3a6ab3dfca6ffd7985f6af441378dc50e	62f2aa2a54a6c35d899820efe0c626c3a6ab3dfca6ffd7985f6af441378dc50e		
b004c24c1a1f01ea	query	dynamic:vitess;dynamic:vtgate	delete music, `user` from music join `user` where music.id = `user`.id	same	0f444752ba32ebf169f55f78a7bd9ac9f75cd15e3f615ce1f6c156bdefbba6d3	0f444752ba32ebf169f55f78a7bd9ac9f75cd15e3f615ce1f6c156bdefbba6d3		
b02bd1e8e88158eb	query	dynamic:vitess;dynamic:vtgate	select 1 + count(*) from `user` limit 10001	same	38493764be9d80285ac1011267410bc9ab92c6540117ee1e80a772b5f9cb7ff8	38493764be9d80285ac1011267410bc9ab92c6540117ee1e80a772b5f9cb7ff8		
b03f2899c78a3e99	query	dynamic:vitess;dynamic:vtgate	select val, cume_dist() over w, row_number() over w, dense_rank() over w, percent_rank() over w, rank() over w as cd from unsharded_a limit 10001	same	10aba574287a88a84d8597b32b0181bcb60ec5735eb5b43a7e5e0a83088b845a	10aba574287a88a84d8597b32b0181bcb60ec5735eb5b43a7e5e0a83088b845a		
b052e9b310f198f7	query	dynamic:vitess;dynamic:vtgate	select json_remove('[1, [2, 3], 4]', '$[1]'), json_replace('{ "a": 1, "b": [2, 3]}', '$.a', 10, '$.c', '[true, false]'), json_set('{ "a": 1, "b": [2, 3]}', '$.a', 10, '$.c', '[true, false]'), json_unquote('"abc"') from dual limit 10001	same	bc1cc1d244df2a2c6ac967225510ca1999495f4e2378546a39f9ec05ea0800d4	bc1cc1d244df2a2c6ac967225510ca1999495f4e2378546a39f9ec05ea0800d4		
b05e4455e13070ad	query	dynamic:vitess;dynamic:vtgate	select id from `user` where `user`.id = 5 + 5 limit 10001 /* INT64 */	same	a9ebc077a1fa73f7d4bcd5f5168ca8e4219309ffae9566026486841448fcf937	a9ebc077a1fa73f7d4bcd5f5168ca8e4219309ffae9566026486841448fcf937		
b062990af77d24f8	query	dynamic:vitess;dynamic:vtgate	insert into user_extra(user_id, col) select col1, col2 from `user`	same	0f444752ba32ebf169f55f78a7bd9ac9f75cd15e3f615ce1f6c156bdefbba6d3	0f444752ba32ebf169f55f78a7bd9ac9f75cd15e3f615ce1f6c156bdefbba6d3		
b0719811fe6eb627	query	dynamic:vitess;dynamic:vtgate	select id from `user` where ((col1, `name`), col2) in (('aa', 'bb', 'cc'), (('dd', 'ee'), 'ff')) limit 10001	same	86801ab58285fc896643f29521f4bf46126a9347af4dfb7b754d09996e247c67	86801ab58285fc896643f29521f4bf46126a9347af4dfb7b754d09996e247c67		
b0b0abdbc8ffabcd	query	dynamic:vitess;dynamic:vtgate	select u.foo, ue.foo as apa from `user` as u, user_extra as ue order by foo asc limit 10001	same	10aba574287a88a84d8597b32b0181bcb60ec5735eb5b43a7e5e0a83088b845a	10aba574287a88a84d8597b32b0181bcb60ec5735eb5b43a7e5e0a83088b845a		
b0bcc4e819d6dc32	query	dynamic:vitess;dynamic:vtgate	select u.id, rank() over (order by u.col asc) from `user` as u where u.id = 1 limit 10001 /* INT64 */	same	64aed24c1515c088c0658bf7bd146de6157ef1fbba7966237b338d4cf9f7d80a	64aed24c1515c088c0658bf7bd146de6157ef1fbba7966237b338d4cf9f7d80a		
b0cd93baba1ebe03	query	dynamic:vitess;dynamic:vtgate	select col1 from `user` where id = 1 limit 1 /* INT64 */	same	4fc686edf10f246477a969a4c12a0dfbd59b56bcfc93b7f3dc0a5b7d688d16da	4fc686edf10f246477a969a4c12a0dfbd59b56bcfc93b7f3dc0a5b7d688d16da		
b0d02c55d4293802	query	dynamic:vitess;dynamic:vtgate	insert into user_extra(nonid) values (2)	same	10aba574287a88a84d8597b32b0181bcb60ec5735eb5b43a7e5e0a83088b845a	10aba574287a88a84d8597b32b0181bcb60ec5735eb5b43a7e5e0a83088b845a		
b0e37db90eade815	query	dynamic:vitess;dynamic:vtgate	delete from multicol_tbl where `name` = 'foo' limit 10001 /* VARCHAR */	same	0f444752ba32ebf169f55f78a7bd9ac9f75cd15e3f615ce1f6c156bdefbba6d3	0f444752ba32ebf169f55f78a7bd9ac9f75cd15e3f615ce1f6c156bdefbba6d3		
b0e90c46b1000b1e	query	dynamic:vitess;dynamic:vtgate	select id from `user` having id in (select col from `user`) limit 10001	same	a9ebc077a1fa73f7d4bcd5f5168ca8e4219309ffae9566026486841448fcf937	a9ebc077a1fa73f7d4bcd5f5168ca8e4219309ffae9566026486841448fcf937		
b1146a036dcde8de	query	dynamic:vitess;dynamic:keyspace-vschema	CREATE TABLE `source_of_ref`\n(\n    `id`  INT NOT NULL PRIMARY KEY,\n    `col` VARCHAR(255) DEFAULT NULL,\n    `tt`  BIGINT       DEFAULT NULL\n)	same	c86cf46a097faa769bb9da422e97d2acd3b690d4474790a9fb11c536dd793b1d	c86cf46a097faa769bb9da422e97d2acd3b690d4474790a9fb11c536dd793b1d	replayed in an empty database: the object exists in the captured schema; volatile on the reference: compared by shape	
b18e6eea97f6ca8a	query	dynamic:vitess;dynamic:vtgate	select col from `user` group by 1 limit 10001	same	db6eafe6e00c4eca41cb4f828cab78210badd351516bf7feeec9b582b870f952	db6eafe6e00c4eca41cb4f828cab78210badd351516bf7feeec9b582b870f952		
b19303dfeace07df	query	dynamic:vitess;dynamic:vtgate	select 'a' as type, 0 as id from `user` group by 2 union all select 'c' as type, 0 as id from user_extra as t limit 10001	same	4c480ade719f5b82a10972120c5d1970daa1100274212c11f7536878850178a1	4c480ade719f5b82a10972120c5d1970daa1100274212c11f7536878850178a1		
b1966acd14443da5	query	dynamic:vitess;dynamic:vtgate	select * from multicol_tbl where cola = 1 and colb in (2, 3) limit 10001	same	d03d99ce2dc026281aa99ec0faf68505d0480f9543e1d1d5ca18ccdf78935e88	d03d99ce2dc026281aa99ec0faf68505d0480f9543e1d1d5ca18ccdf78935e88		
b199320a4977eb1e	query	dynamic:vitess;dynamic:vtgate	insert into unsharded values (last_insert_id(789), 2)	same	3ba5e2754f11856e1031977c739257530518b07b0d0035bfccd1be03087b3abe	3ba5e2754f11856e1031977c739257530518b07b0d0035bfccd1be03087b3abe		
b1b4a474a9e01108	query	dynamic:vitess;dynamic:vtgate	select c_count, count(*) as custdist from (select c_custkey, count(o_orderkey) from customer left join orders on c_custkey = o_custkey and o_comment not like '%special%requests%' group by c_custkey) as c_orders(c_custkey, c_count) group by c_count order by custdist desc, c_count desc limit 10001	same	99cadf2aabf25ade2defd6c9047547939765b0d07a7f2ddb7379dccb3c649ce1	99cadf2aabf25ade2defd6c9047547939765b0d07a7f2ddb7379dccb3c649ce1		
b221d971bee208c4	query	dynamic:vitess;dynamic:vtgate	select a + 2 as a from `user` having a = 42 limit 10001 /* INT64 */	same	c16efd54c1514677f95efeafe4168cfee72e76894a10d9d79a7a32f4ba8d0d16	c16efd54c1514677f95efeafe4168cfee72e76894a10d9d79a7a32f4ba8d0d16		
b238fe5017c5f8d6	query	dynamic:vitess;dynamic:vtgate	select c from `user` join t limit 10001	same	99cadf2aabf25ade2defd6c9047547939765b0d07a7f2ddb7379dccb3c649ce1	99cadf2aabf25ade2defd6c9047547939765b0d07a7f2ddb7379dccb3c649ce1		
b249e26babc4cf91	query	dynamic:vitess;dynamic:vtgate	select id from `user` limit 10001	same	a9ebc077a1fa73f7d4bcd5f5168ca8e4219309ffae9566026486841448fcf937	a9ebc077a1fa73f7d4bcd5f5168ca8e4219309ffae9566026486841448fcf937		
b2b045c9007c0c5a	query	dynamic:vitess;dynamic:vtgate	select u.a from `user` as u join music as m on u.a = m.a order by convert(a, binary) desc limit 10001	same	10aba574287a88a84d8597b32b0181bcb60ec5735eb5b43a7e5e0a83088b845a	10aba574287a88a84d8597b32b0181bcb60ec5735eb5b43a7e5e0a83088b845a		
b2b3981f61de83a4	query	dynamic:vitess;dynamic:vtgate	insert into unsharded values (0, 2)	same	3ba5e2754f11856e1031977c739257530518b07b0d0035bfccd1be03087b3abe	3ba5e2754f11856e1031977c739257530518b07b0d0035bfccd1be03087b3abe		
b2bff6edaac2e53f	query	dynamic:vitess;dynamic:vtgate	insert into mixed_tbl(shard_key) values (1), (4), (9)	same	87917fb199da80c97ac19b3f8c7050c5c1c90a73c2a8ef7daea8684e93419971	87917fb199da80c97ac19b3f8c7050c5c1c90a73c2a8ef7daea8684e93419971		
b309ceab0f4b8c50	query	dynamic:vitess;dynamic:vtgate	select id from `user` where id = (select col from `user`) limit 10001	same	a9ebc077a1fa73f7d4bcd5f5168ca8e4219309ffae9566026486841448fcf937	a9ebc077a1fa73f7d4bcd5f5168ca8e4219309ffae9566026486841448fcf937		
b30aa1135174bfef	query	dynamic:vitess;dynamic:reshard	CREATE TABLE `vt_customer`.`corder` (\n  `order_id` bigint NOT NULL,\n  `shopper_id` bigint DEFAULT NULL,\n  `sku` varchar(128) DEFAULT NULL,\n  `price` bigint DEFAULT NULL,\n  PRIMARY KEY (`order_id`)\n) ENGINE=InnoDB DEFAULT CHARSET=utf8mb4 COLLATE=utf8mb4_0900_ai_ci	same	c00361446ba29e1858c24a7d0edb0ffa3ccbb75916e18ed4127e556130b17c27	c00361446ba29e1858c24a7d0edb0ffa3ccbb75916e18ed4127e556130b17c27	replayed in an empty database: the object exists in the captured schema	C-1
b31add7395bf52af	query	dynamic:vitess;dynamic:vtgate	select `user`.col1 as a, `user`.col2, music.col3 from `user` join music on `user`.id = music.id where `user`.id = 1 order by RAND() limit 10001	same	10aba574287a88a84d8597b32b0181bcb60ec5735eb5b43a7e5e0a83088b845a	10aba574287a88a84d8597b32b0181bcb60ec5735eb5b43a7e5e0a83088b845a		
b3297749c7abbaea	query	dynamic:vitess;dynamic:vtgate	select sum(col) from (select `user`.col as col, 32 from `user` join user_extra) as t limit 10001	same	9b278e34ff55db7b56360aaecae4112ae7aa37a4faa02127f358898631596f51	9b278e34ff55db7b56360aaecae4112ae7aa37a4faa02127f358898631596f51		
b346a3cc0070a558	query	dynamic:vitess;dynamic:vtgate	with t as (select `user`.id, `user`.col1 from `user` join user_extra) select t.col1 from unsharded_a as ua join t limit 10001	same	4fc686edf10f246477a969a4c12a0dfbd59b56bcfc93b7f3dc0a5b7d688d16da	4fc686edf10f246477a969a4c12a0dfbd59b56bcfc93b7f3dc0a5b7d688d16da		
b36e03fb0e576e22	query	dynamic:vitess;dynamic:vtgate	delete from unsharded where col = (select id from unsharded where id = (select id from `user`)) limit 10001	same	3552d7bcdfad079de645325e1b52ebeec7d9d1fa32cd18cae26e60e3e33f8b09	3552d7bcdfad079de645325e1b52ebeec7d9d1fa32cd18cae26e60e3e33f8b09		
b394089ded9f8786	query	dynamic:vitess;dynamic:keyspace-vschema	CREATE TABLE user\n(\n    id         INT PRIMARY KEY,\n    col        BIGINT,\n    intcol     BIGINT,\n    user_id    INT,\n    id1        INT,\n    id2        INT,\n    id3        INT,\n    m          INT,\n    bar        INT,\n    a          INT,\n    name       VARCHAR(255),\n    col1       VARCHAR(255),\n    col2       VARCHAR(255),\n    costly     VARCHAR(255),\n    predef1    VARCHAR(255),\n    predef2    VARCHAR(255),\n    textcol1   VARCHAR(255),\n    textcol2   VARCHAR(255),\n    someColumn VARCHAR(255),\n    foo        VARCHAR(255)\n)	same	c86cf46a097faa769bb9da422e97d2acd3b690d4474790a9fb11c536dd793b1d	c86cf46a097faa769bb9da422e97d2acd3b690d4474790a9fb11c536dd793b1d	replayed in an empty database: the object exists in the captured schema; volatile on the reference: compared by shape	
b3d4c0bb2e150f24	query	dynamic:vitess;dynamic:keyspace-vschema	CREATE TABLE colb_colc_map\n(\n    colb        INT PRIMARY KEY,\n    colc        INT,\n    keyspace_id VARCHAR(255)\n)	same	c86cf46a097faa769bb9da422e97d2acd3b690d4474790a9fb11c536dd793b1d	c86cf46a097faa769bb9da422e97d2acd3b690d4474790a9fb11c536dd793b1d	replayed in an empty database: the object exists in the captured schema; volatile on the reference: compared by shape	
b3e5265468b6cc31	query	dynamic:vitess;dynamic:vtgate	select * from `user` as u join (select user_id from user_extra where user_id = 5) as eu on u.id = eu.user_id where u.id = 5 order by eu.user_id asc limit 10001	same	0f34b162972b2d0727d9fcd2ed3cee1e195770fe332ccb7bcd6186e4f0e26a82	0f34b162972b2d0727d9fcd2ed3cee1e195770fe332ccb7bcd6186e4f0e26a82		
b3fe9fdb15db7ce7	query	dynamic:vitess;dynamic:vtgate	select 1 from `user` join t1 on `user`.id = t1.id limit 10001	same	10aba574287a88a84d8597b32b0181bcb60ec5735eb5b43a7e5e0a83088b845a	10aba574287a88a84d8597b32b0181bcb60ec5735eb5b43a7e5e0a83088b845a		
b3feaaa0d13b6075	query	dynamic:vitess;dynamic:vtgate	select distinct col from `user` limit 10001	same	db6eafe6e00c4eca41cb4f828cab78210badd351516bf7feeec9b582b870f952	db6eafe6e00c4eca41cb4f828cab78210badd351516bf7feeec9b582b870f952		
b447567e0c9399b2	query	dynamic:vitess;dynamic:vtgate	select * from ref limit 10001	same	db6eafe6e00c4eca41cb4f828cab78210badd351516bf7feeec9b582b870f952	db6eafe6e00c4eca41cb4f828cab78210badd351516bf7feeec9b582b870f952		
b4496ca45769a04d	query	dynamic:vitess;dynamic:vtgate	select c_id from customer1 where c_w_id = 8 and c_d_id = 5 and c_last = 'item_last' order by c_first asc limit 10001	same	99cadf2aabf25ade2defd6c9047547939765b0d07a7f2ddb7379dccb3c649ce1	99cadf2aabf25ade2defd6c9047547939765b0d07a7f2ddb7379dccb3c649ce1		
b4a6b7bc5c3ed4c3	query	dynamic:vitess;dynamic:vtgate	select `user`.id from `user` left join user_extra on `user`.col = user_extra.col where coalesce(user_extra.col, 4) = 5 limit 10001 /* INT64 */	same	a9ebc077a1fa73f7d4bcd5f5168ca8e4219309ffae9566026486841448fcf937	a9ebc077a1fa73f7d4bcd5f5168ca8e4219309ffae9566026486841448fcf937		
b532c92cdedaaf98	query	dynamic:vitess;dynamic:vtgate	select `user`.id, count(*) as c from `user`, user_extra where `user`.id = user_extra.user_id group by `user`.id having max(`user`.col) > 10 limit 10001 /* INT64 */	same	f65f2588100537016ccfe736f04677957a66dc42367ab76cce2ed1fef42e8c05	f65f2588100537016ccfe736f04677957a66dc42367ab76cce2ed1fef42e8c05		
b53ad6eadbeb79ad	query	dynamic:vitess;dynamic:vtgate	select foo, count(*) from `user` group by foo having count(*) = 3 limit 10001 /* INT64 */	same	98b2db930316693629e098f06f370ccb776f255285508ea6ff7679ef0375280c	98b2db930316693629e098f06f370ccb776f255285508ea6ff7679ef0375280c		
b55d3a80d60d481c	query	dynamic:vitess;dynamic:vtgate	select count(*) from (select `user`.col, user_extra.extra from `user` join user_extra on `user`.id = user_extra.user_id order by user_extra.extra asc) as a limit 10001	same	10aba574287a88a84d8597b32b0181bcb60ec5735eb5b43a7e5e0a83088b845a	10aba574287a88a84d8597b32b0181bcb60ec5735eb5b43a7e5e0a83088b845a		
b57ebdb799f1b44b	query	dynamic:vitess;dynamic:vtgate	select count(*) from `user` where exists (select 1 from user_extra where `user`.apa = user_extra.bar) limit 10001	same	10aba574287a88a84d8597b32b0181bcb60ec5735eb5b43a7e5e0a83088b845a	10aba574287a88a84d8597b32b0181bcb60ec5735eb5b43a7e5e0a83088b845a		
b5a12df7bbd32634	query	dynamic:vitess;dynamic:vtgate	select * from music where user_id = 1 union select * from `user` where id = 1 limit 10001 /* INT64 */	same	4d77967280c0ab7ae849b265e677484605854c3e5f68e54d0aed3ac165e6502a	4d77967280c0ab7ae849b265e677484605854c3e5f68e54d0aed3ac165e6502a		
b5c48cbc87aa2543	query	dynamic:vitess;dynamic:keyspace-vschema;dynamic:movetables;dynamic:onlineddl	SELECT `user_id`, `id`, `col`, `col1`, `col2`, `genre`, `componist` FROM `vt_commerce`.`music` WHERE 1 != 1	same	46bfa2dd728e000fa5e0eb212d630d4cac63a93590cdba58db7d20b707c289d5	46bfa2dd728e000fa5e0eb212d630d4cac63a93590cdba58db7d20b707c289d5		
b5cf4b04fb3cffa1	query	dynamic:vitess;dynamic:vtgate	select u.* from (select * from unsharded) as u limit 10001	same	c38c9187004ce56059a5cbae0c91d55c359122b244840bb511cdedfdb676c2dd	c38c9187004ce56059a5cbae0c91d55c359122b244840bb511cdedfdb676c2dd		
b616acec08ad3f92	query	dynamic:vitess;dynamic:vtgate	select `user`.col from user_extra left join `user` on user_extra.user_id = `user`.id where `user`.id is null limit 10001	same	db6eafe6e00c4eca41cb4f828cab78210badd351516bf7feeec9b582b870f952	db6eafe6e00c4eca41cb4f828cab78210badd351516bf7feeec9b582b870f952		
b64d22a9bf2c63fc	query	dynamic:vitess;dynamic:vtgate	select id, user_id, count(*) from music group by id, user_id with rollup limit 10001	same	7db7dbe418ac4affa207601a0bfbbcd0e5a6460b507491d7e9a804650eee2f21	7db7dbe418ac4affa207601a0bfbbcd0e5a6460b507491d7e9a804650eee2f21		
b678903fe2324f45	query	dynamic:vitess;dynamic:vtgate	insert into mixed_tbl(shard_key, lkp_key) values (1, 1), (4, null), (9, 27)	same	87917fb199da80c97ac19b3f8c7050c5c1c90a73c2a8ef7daea8684e93419971	87917fb199da80c97ac19b3f8c7050c5c1c90a73c2a8ef7daea8684e93419971		
b67f2c062f0a27d6	query	dynamic:vitess;dynamic:vtgate	update multicolvin set column_c = 2 where kid = 1 limit 10001 /* INT64 */	same	0f444752ba32ebf169f55f78a7bd9ac9f75cd15e3f615ce1f6c156bdefbba6d3	0f444752ba32ebf169f55f78a7bd9ac9f75cd15e3f615ce1f6c156bdefbba6d3		
b687af00a9381705	query	dynamic:vitess;dynamic:vtgate	delete from user_extra where col = last_insert_id(123) limit 10001	same	0f444752ba32ebf169f55f78a7bd9ac9f75cd15e3f615ce1f6c156bdefbba6d3	0f444752ba32ebf169f55f78a7bd9ac9f75cd15e3f615ce1f6c156bdefbba6d3		
b6e48436d59c0343	query	dynamic:vitess;dynamic:vtgate	select col1, count(distinct col2) as k from `user` group by col1 order by k asc limit 10001	same	12595ddcea283de8702ca97bc76b53426ce4205d4c9a890fd22fdaa4bc0751d2	12595ddcea283de8702ca97bc76b53426ce4205d4c9a890fd22fdaa4bc0751d2		
b6f20a7fcf1fa472	query	dynamic:vitess;dynamic:keyspace-vschema	CREATE TABLE authoritative\n(\n    user_id bigint NOT NULL,\n    col1    VARCHAR(255),\n    col2    bigint,\n    PRIMARY KEY (user_id)\n) ENGINE=InnoDB	same	c86cf46a097faa769bb9da422e97d2acd3b690d4474790a9fb11c536dd793b1d	c86cf46a097faa769bb9da422e97d2acd3b690d4474790a9fb11c536dd793b1d	replayed in an empty database: the object exists in the captured schema; volatile on the reference: compared by shape	C-1
b705961efd94c48e	query	dynamic:vitess;dynamic:vtgate	select 1 from unsharded where foo = any (select 1 from unsharded_a where foo = 1) limit 10001	same	10aba574287a88a84d8597b32b0181bcb60ec5735eb5b43a7e5e0a83088b845a	10aba574287a88a84d8597b32b0181bcb60ec5735eb5b43a7e5e0a83088b845a		
b71964c36cc01a30	query	dynamic:vitess;dynamic:vtgate	select col1, sum(distinct col2) from `user` group by col1 limit 10001	same	330372ca0a53b24e19c303a5f7b413a7f48369ef4672229b388762b33337ec30	330372ca0a53b24e19c303a5f7b413a7f48369ef4672229b388762b33337ec30		
b72f82bbef37ac95	query	dynamic:vitess;dynamic:vtgate	select * from user_metadata where user_metadata.non_planable = 'foo' limit 10001 /* VARCHAR */	same	ccb1edde4b2e78beccebf49e94e0e5ff99b28cda3eaeca2b45f87c0b227db8bc	ccb1edde4b2e78beccebf49e94e0e5ff99b28cda3eaeca2b45f87c0b227db8bc		
b746e0ee98988968	query	dynamic:vitess;dynamic:vtgate	with t as (select id, col from `user` where id = 5) select id from t limit 10001	same	a9ebc077a1fa73f7d4bcd5f5168ca8e4219309ffae9566026486841448fcf937	a9ebc077a1fa73f7d4bcd5f5168ca8e4219309ffae9566026486841448fcf937		
b7ef886a7b17ea49	query	dynamic:vitess;dynamic:keyspace-vschema;dynamic:movetables;dynamic:onlineddl	SELECT `name`, `keyspace_id` FROM `vt_commerce`.`name_user_vdx` WHERE 1 != 1	same	57b0eadec215eb930202be64b847f01047ebfb8a528a4e7e142d2f52b4649354	57b0eadec215eb930202be64b847f01047ebfb8a528a4e7e142d2f52b4649354		
b7f750b13761d5af	query	dynamic:vitess;dynamic:vtgate	insert into user_index(id) values (1)	same	99cadf2aabf25ade2defd6c9047547939765b0d07a7f2ddb7379dccb3c649ce1	99cadf2aabf25ade2defd6c9047547939765b0d07a7f2ddb7379dccb3c649ce1		
b7f7922218a8d9d3	query	dynamic:vitess;dynamic:vtgate	select now() from `user` union select 3 from `user` limit 10001	same	f4652ffe159d815ffd0d41808e44ec3b570c768b9bc5da91d4b0d31469c043d8	f4652ffe159d815ffd0d41808e44ec3b570c768b9bc5da91d4b0d31469c043d8		
b80bd7cf42d50fa7	query	dynamic:vitess;dynamic:vtgate	select * from `user` where id = 5 order by id + col collate utf8_general_ci desc limit 10001	same	dbbd5ce79dcb2e3b1da74450edf825900a6d7f5c08d9585c23d5d1a2c88c4548	dbbd5ce79dcb2e3b1da74450edf825900a6d7f5c08d9585c23d5d1a2c88c4548		
b87128019aecbc30	query	dynamic:vitess;dynamic:vtgate	select distinct dense_rank() over (partition by Id order by col asc) as dr, col from `user` where Id = 1 limit 10001 /* INT64 */	same	2dfd5bcccc45f7c87a348a7b414dfe65b6eec1dda8cb6619f98a74c583de4101	2dfd5bcccc45f7c87a348a7b414dfe65b6eec1dda8cb6619f98a74c583de4101		
b8f2fd6ec8c13eef	query	dynamic:vitess;dynamic:vtgate	select `user`.foo + user_extra.col + 1 from `user` left join user_extra on `user`.col = user_extra.col limit 10001	same	307b072287a6854f4182e9ad7125a4dbfaec0e51e03527371ac98980e70b0bcc	307b072287a6854f4182e9ad7125a4dbfaec0e51e03527371ac98980e70b0bcc		
b90b45a6aeaa0562	query	dynamic:vitess;dynamic:vtgate	select id, foo, bar from unsharded union select `user`.intcol, `user`.textcol2, authoritative.col2 from `user` join authoritative limit 10001	same	10aba574287a88a84d8597b32b0181bcb60ec5735eb5b43a7e5e0a83088b845a	10aba574287a88a84d8597b32b0181bcb60ec5735eb5b43a7e5e0a83088b845a		
b92323ccc516e412	query	dynamic:vitess;dynamic:vtgate	delete from `user` where (`name`, col) in (('aa', 'bb'), ('cc', 'dd')) limit 10001	same	577365f131708236685be20a7c6d0fea1fe7607c20735c9ca4f79f10959f1b9f	577365f131708236685be20a7c6d0fea1fe7607c20735c9ca4f79f10959f1b9f		
b958101dc6758c71	query	dynamic:vitess;dynamic:vtgate	select count(*), cast(`user`.foo as datetime) as f1, cast(music.foo as datetime) as f2 from `user` join music group by f1, f2 limit 10001	same	10aba574287a88a84d8597b32b0181bcb60ec5735eb5b43a7e5e0a83088b845a	10aba574287a88a84d8597b32b0181bcb60ec5735eb5b43a7e5e0a83088b845a		
b96d3216af529fba	query	dynamic:vitess;dynamic:vtgate	select sql_calc_found_rows * from music limit 100 /* INT64 */	same	ca6d4cb067b7ec922e6d8ce58cb67a3a5d853e94135f72c0f8bcf84831d8b127	ca6d4cb067b7ec922e6d8ce58cb67a3a5d853e94135f72c0f8bcf84831d8b127		
b9a6a6380da17705	query	dynamic:vitess;dynamic:temporary-tables	create temporary table loams_tmp (\n\ti int\n)	same	0f444752ba32ebf169f55f78a7bd9ac9f75cd15e3f615ce1f6c156bdefbba6d3	0f444752ba32ebf169f55f78a7bd9ac9f75cd15e3f615ce1f6c156bdefbba6d3		C-5
ba00010c596bc1a8	query	dynamic:vitess;dynamic:vtgate	select Id, textcol1, row_number() over (partition by textcol1 order by intcol asc) as rn from `user` limit 10001	same	c767fe6291f4904d52f83151139909b7f394d604cef06afc113b2148873203f5	c767fe6291f4904d52f83151139909b7f394d604cef06afc113b2148873203f5		
ba018ad5eb36b60c	query	dynamic:vitess;dynamic:vtgate	select count(1) from `user` where id = 'abc' group by n_id having json_objectagg(a_id, b_id) = '[]' limit 10001 /* VARCHAR */	same	10aba574287a88a84d8597b32b0181bcb60ec5735eb5b43a7e5e0a83088b845a	10aba574287a88a84d8597b32b0181bcb60ec5735eb5b43a7e5e0a83088b845a		
ba4080a2d6d66360	query	dynamic:vitess;dynamic:vtgate	insert into unsharded_auto(val) values (false)	same	10aba574287a88a84d8597b32b0181bcb60ec5735eb5b43a7e5e0a83088b845a	10aba574287a88a84d8597b32b0181bcb60ec5735eb5b43a7e5e0a83088b845a		
bad9095859a28992	query	dynamic:vitess;dynamic:vtgate	select id from `user` where (col1, `name`) in (('aa', 1 + 1)) limit 10001	same	a9ebc077a1fa73f7d4bcd5f5168ca8e4219309ffae9566026486841448fcf937	a9ebc077a1fa73f7d4bcd5f5168ca8e4219309ffae9566026486841448fcf937		
bb1d538637373fa7	query	dynamic:vitess;dynamic:vtgate	select user_extra.col + 1 from `user` left join user_extra on `user`.col = user_extra.col limit 10001	same	39d094b6898f03b69d662922f381232e2c321a13009fd6197e8c19f6024f915e	39d094b6898f03b69d662922f381232e2c321a13009fd6197e8c19f6024f915e		
bb222b81eee10034	query	dynamic:vitess;dynamic:vtgate	select ambiguous_ref_with_source.col from ambiguous_ref_with_source join `user` limit 10001	same	99cadf2aabf25ade2defd6c9047547939765b0d07a7f2ddb7379dccb3c649ce1	99cadf2aabf25ade2defd6c9047547939765b0d07a7f2ddb7379dccb3c649ce1		
bba8d426319d0a83	query	dynamic:vitess;dynamic:vtgate	delete u from `user` as u join music as m where u.id = m.user_id and m.foo = 42 /* INT64 */	same	10aba574287a88a84d8597b32b0181bcb60ec5735eb5b43a7e5e0a83088b845a	10aba574287a88a84d8597b32b0181bcb60ec5735eb5b43a7e5e0a83088b845a		
bbb3cff51d76bc67	query	dynamic:vitess;dynamic:vtgate	select count(city) from (select phone, id, city from `user` where id > 12 limit 10) as x limit 10001	same	10aba574287a88a84d8597b32b0181bcb60ec5735eb5b43a7e5e0a83088b845a	10aba574287a88a84d8597b32b0181bcb60ec5735eb5b43a7e5e0a83088b845a		
bc317806c06ef756	query	dynamic:vitess;dynamic:vtgate	delete from history1 where h_w_id = 75 and h_d_id = 102 limit 10 /* INT64 */	same	99cadf2aabf25ade2defd6c9047547939765b0d07a7f2ddb7379dccb3c649ce1	99cadf2aabf25ade2defd6c9047547939765b0d07a7f2ddb7379dccb3c649ce1		
bc5a4976ca25a0d4	query	dynamic:vitess;dynamic:vtgate	select id from music where id is null limit 10001	same	a9ebc077a1fa73f7d4bcd5f5168ca8e4219309ffae9566026486841448fcf937	a9ebc077a1fa73f7d4bcd5f5168ca8e4219309ffae9566026486841448fcf937		
bc5f122d77c18d55	query	dynamic:vitess;dynamic:vtgate	with recursive cte as (select `name`, id from `user` where manager_id is null union all select e.`name`, e.id from `user` as e join cte on e.manager_id = cte.id) select `name` from cte limit 10001	same	10aba574287a88a84d8597b32b0181bcb60ec5735eb5b43a7e5e0a83088b845a	10aba574287a88a84d8597b32b0181bcb60ec5735eb5b43a7e5e0a83088b845a		
bc7cc9bc8a7b9bab	query	dynamic:vitess;dynamic:vtgate	select insert(tcol1, id, 3, tcol2) from `user` limit 10001	same	10aba574287a88a84d8597b32b0181bcb60ec5735eb5b43a7e5e0a83088b845a	10aba574287a88a84d8597b32b0181bcb60ec5735eb5b43a7e5e0a83088b845a		
bcbac69498bfb155	query	dynamic:vitess;dynamic:vtgate	select u.m from user_extra join `user` as u where u.id in (select m2 from `user` where `user`.id = 5) and u.id = 5 limit 10001 /* INT64 */	same	38cc1786192ae7866225f86095af441820c672aafb2c83abdd99bb15fe6cba68	38cc1786192ae7866225f86095af441820c672aafb2c83abdd99bb15fe6cba68		
bcd1eb107518afeb	query	dynamic:vitess;dynamic:vtgate	select id from music where id is not null limit 10001	same	a9ebc077a1fa73f7d4bcd5f5168ca8e4219309ffae9566026486841448fcf937	a9ebc077a1fa73f7d4bcd5f5168ca8e4219309ffae9566026486841448fcf937		
bce8212edb193edf	query	dynamic:vitess;dynamic:vtgate	select col from `user` limit 10001	same	db6eafe6e00c4eca41cb4f828cab78210badd351516bf7feeec9b582b870f952	db6eafe6e00c4eca41cb4f828cab78210badd351516bf7feeec9b582b870f952		
bd0b9da13ddd56c2	query	dynamic:vitess;dynamic:vtgate	update music_extra set music_id = 1 where user_id = 1 /* INT64 */	same	99cadf2aabf25ade2defd6c9047547939765b0d07a7f2ddb7379dccb3c649ce1	99cadf2aabf25ade2defd6c9047547939765b0d07a7f2ddb7379dccb3c649ce1		
bd2e1c56d7ca56e5	query	dynamic:vitess;dynamic:vtgate	select * from multicolvin where column_b = 1 limit 10001 /* INT64 */	same	675bea807831d3be8caf377dbdf11bf87165c2b5f601da364187920a340db1a1	675bea807831d3be8caf377dbdf11bf87165c2b5f601da364187920a340db1a1		
bd56c1c40890a39c	query	dynamic:vitess;dynamic:vtgate	select nation, o_year, sum(amount) as sum_profit from (select n_name as nation, extract(year from o_orderdate) as o_year, l_extendedprice * (1 - l_discount) - ps_supplycost * l_quantity as amount from part, supplier, lineitem, partsupp, orders, nation where s_suppkey = l_suppkey and ps_suppkey = l_suppkey and ps_partkey = l_partkey and p_partkey = l_partkey and o_orderkey = l_orderkey and s_nationkey = n_nationkey and p_name like '%green%') as profit group by nation, o_year order by nation asc, o_year desc limit 10001	same	99cadf2aabf25ade2defd6c9047547939765b0d07a7f2ddb7379dccb3c649ce1	99cadf2aabf25ade2defd6c9047547939765b0d07a7f2ddb7379dccb3c649ce1		
bd6a196b49d5a072	query	dynamic:vitess;dynamic:vtgate	with t(i) as (select `user`.id from `user` join user_extra) select i + 1 from t limit 10001	same	a49922e3c656e7d40443bae3d92f9e3ee339c4898c5bfce10d7f656d37aade68	a49922e3c656e7d40443bae3d92f9e3ee339c4898c5bfce10d7f656d37aade68		
bdaef55dd76e9516	query	dynamic:vitess;dynamic:vtgate	select sum(intcol) over (partition by textcol1), avg(intcol) over (partition by textcol1) from `user` limit 10001	same	0037425d258c3f489a47be7a8d4568a49a03404a0d4b88e2a7aab0ccf90e730a	0037425d258c3f489a47be7a8d4568a49a03404a0d4b88e2a7aab0ccf90e730a		
bdbce317570db651	query	dynamic:vitess;dynamic:vtgate	with count_a as (select count(user_id) as num from user_metadata) , count_b as (select count(user_id) as num from user_extra) select 'count_a' as tab, num from count_a union select 'count_b' as tab, num from count_b limit 10001	same	d9bd83c3e10c3604b90d5754c1211da4887b2ea267f2bcd6609a879b528f7d7b	d9bd83c3e10c3604b90d5754c1211da4887b2ea267f2bcd6609a879b528f7d7b		
bdd4fc185864b14d	query	dynamic:vitess;dynamic:vtgate	select sum(`user`.foo + user_extra.bar) from `user`, user_extra limit 10001	same	10aba574287a88a84d8597b32b0181bcb60ec5735eb5b43a7e5e0a83088b845a	10aba574287a88a84d8597b32b0181bcb60ec5735eb5b43a7e5e0a83088b845a		
bdd62b2a0f2d9e16	query	dynamic:vitess;dynamic:vtgate	select u1.a from unsharded as u1 join unsharded as u2 on database() limit 10001	same	10aba574287a88a84d8597b32b0181bcb60ec5735eb5b43a7e5e0a83088b845a	10aba574287a88a84d8597b32b0181bcb60ec5735eb5b43a7e5e0a83088b845a		
bded7eb8d67bfd88	query	dynamic:vitess;dynamic:vtgate	update `user`, user_extra as ue set `user`.`name` = ue.id + 'foo', ue.bar = `user`.baz where `user`.id = ue.id and `user`.id = 1 /* INT64 */	same	10aba574287a88a84d8597b32b0181bcb60ec5735eb5b43a7e5e0a83088b845a	10aba574287a88a84d8597b32b0181bcb60ec5735eb5b43a7e5e0a83088b845a		
be1f0292a42b4cc1	query	dynamic:vitess;dynamic:vtgate	(select id from `user` order by id asc limit 5) union all (select id from music order by id desc limit 5) limit 10001	same	a9ebc077a1fa73f7d4bcd5f5168ca8e4219309ffae9566026486841448fcf937	a9ebc077a1fa73f7d4bcd5f5168ca8e4219309ffae9566026486841448fcf937		
be3d2b6db7312268	query	dynamic:vitess;dynamic:vtgate	select * from source_of_ref as ref, `user` as u where ref.id = u.ref_id and u.id = 2 limit 10001 /* INT64 */	same	10aba574287a88a84d8597b32b0181bcb60ec5735eb5b43a7e5e0a83088b845a	10aba574287a88a84d8597b32b0181bcb60ec5735eb5b43a7e5e0a83088b845a		
be48c1b5e88f3868	query	dynamic:vitess;dynamic:vtgate	select count(*) as a from `user` having a = 10 limit 10001 /* INT64 */	same	c16efd54c1514677f95efeafe4168cfee72e76894a10d9d79a7a32f4ba8d0d16	c16efd54c1514677f95efeafe4168cfee72e76894a10d9d79a7a32f4ba8d0d16		
be85506324b412a5	query	dynamic:vitess;dynamic:vtgate	select count(*) from `user` left join user_extra on `user`.id = user_extra.bar where IFNULL(user_extra.collections_status, 'NOTSET') != 'collections_lock' limit 10001 /* VARCHAR */	same	10aba574287a88a84d8597b32b0181bcb60ec5735eb5b43a7e5e0a83088b845a	10aba574287a88a84d8597b32b0181bcb60ec5735eb5b43a7e5e0a83088b845a		
bedada61e58d9ba2	query	dynamic:vitess;dynamic:onlineddl	LOCK TABLES `_vt_hld_9f79e7aabe1611f1a94c86d37cd5f354_20261003040619_` WRITE, `product` WRITE	same	0f444752ba32ebf169f55f78a7bd9ac9f75cd15e3f615ce1f6c156bdefbba6d3	0f444752ba32ebf169f55f78a7bd9ac9f75cd15e3f615ce1f6c156bdefbba6d3		
bf193ffeb7b98fff	query	dynamic:vitess;dynamic:vtgate	select c.`column_name` from `user` as c join (select `table_name` from `user` where id = 143 group by 1) as `tables` on `tables`.`table_name` = c.`table_name` limit 10001	same	10aba574287a88a84d8597b32b0181bcb60ec5735eb5b43a7e5e0a83088b845a	10aba574287a88a84d8597b32b0181bcb60ec5735eb5b43a7e5e0a83088b845a		
bf2c736370bb2261	query	dynamic:vitess;dynamic:vtgate	delete from `user` where id + 1 = 2 limit 10001 /* INT64 */	same	0f444752ba32ebf169f55f78a7bd9ac9f75cd15e3f615ce1f6c156bdefbba6d3	0f444752ba32ebf169f55f78a7bd9ac9f75cd15e3f615ce1f6c156bdefbba6d3		
c018c8de11eb1dbb	query	dynamic:vitess;dynamic:vtgate	select col from `user` where col in (select col1 from `user`) limit 1 /* INT64 */	same	db6eafe6e00c4eca41cb4f828cab78210badd351516bf7feeec9b582b870f952	db6eafe6e00c4eca41cb4f828cab78210badd351516bf7feeec9b582b870f952		
c02d3a5fbbd5e31c	query	dynamic:vitess;dynamic:keyspace-vschema	CREATE TABLE user_extra\n(\n    id       INT,\n    user_id  INT,\n    extra_id INT,\n    col      INT,\n    m2       INT,\n    PRIMARY KEY (id, extra_id)\n)	same	c86cf46a097faa769bb9da422e97d2acd3b690d4474790a9fb11c536dd793b1d	c86cf46a097faa769bb9da422e97d2acd3b690d4474790a9fb11c536dd793b1d	replayed in an empty database: the object exists in the captured schema; volatile on the reference: compared by shape	
c06e02a76b5c3c7d	query	dynamic:vitess;dynamic:vtgate	update multicol_tbl set x = 42 where cola = 1 limit 10001 /* INT64 */	same	10aba574287a88a84d8597b32b0181bcb60ec5735eb5b43a7e5e0a83088b845a	10aba574287a88a84d8597b32b0181bcb60ec5735eb5b43a7e5e0a83088b845a		
c0bf5ec6521d8aaa	query	dynamic:vitess;dynamic:vtgate	insert into mixed_tbl(shard_key, lkp_key) select foo, bar from `user` where id = 1 /* INT64 */	same	0f444752ba32ebf169f55f78a7bd9ac9f75cd15e3f615ce1f6c156bdefbba6d3	0f444752ba32ebf169f55f78a7bd9ac9f75cd15e3f615ce1f6c156bdefbba6d3		
c0df26f857af1a2d	query	dynamic:vitess;dynamic:vtgate	select id from `user` group by 1.1 limit 10001	same	4e979173b9700413bcbf9c1aa26fdf2488e27d3eaefb1d501987d1fe82f27457	4e979173b9700413bcbf9c1aa26fdf2488e27d3eaefb1d501987d1fe82f27457		
c0f28cde570de032	query	dynamic:vitess;dynamic:vtgate	select exists (select 1 from `user` where id = 4) from dual limit 10001	same	3a2333d3ed95044bab3d2595cdc2993d3193d1f1f2a4c57841f80ab018feb35c	3a2333d3ed95044bab3d2595cdc2993d3193d1f1f2a4c57841f80ab018feb35c		
c1af24a305a0ee7a	query	dynamic:vitess;dynamic:vtgate	select `user`.col from `user` join (unsharded as m1 join unsharded as m2) limit 10001	same	db6eafe6e00c4eca41cb4f828cab78210badd351516bf7feeec9b582b870f952	db6eafe6e00c4eca41cb4f828cab78210badd351516bf7feeec9b582b870f952		
c1e49b654af2cc20	query	dynamic:vitess;dynamic:vtgate	select c_discount, c_last, c_credit, w_tax from customer1 as c join warehouse1 as w on c_w_id = w_id where w_id = 1 and c_d_id = 15 and c_id = 10 limit 10001 /* INT64 */	same	99cadf2aabf25ade2defd6c9047547939765b0d07a7f2ddb7379dccb3c649ce1	99cadf2aabf25ade2defd6c9047547939765b0d07a7f2ddb7379dccb3c649ce1		
c1f2244a03bed9be	query	dynamic:vitess;dynamic:vtgate	select count(distinct s.s_i_id) from stock1 as s join order_line1 as ol on ol.ol_w_id = s.s_w_id and ol.ol_i_id = s.s_i_id where ol.ol_w_id = 12 and ol.ol_d_id = 1908 and ol.ol_o_id < 30 and ol.ol_o_id >= 15 and s.s_w_id = 12 and s.s_quantity < 10 limit 10001 /* INT64 */	same	99cadf2aabf25ade2defd6c9047547939765b0d07a7f2ddb7379dccb3c649ce1	99cadf2aabf25ade2defd6c9047547939765b0d07a7f2ddb7379dccb3c649ce1		
c20f95a5e04c694c	query	dynamic:vitess;dynamic:vtgate	select u.a, u.textcol1, un.col2 from unsharded as un join `user` as u order by u.textcol1 asc, un.col2 asc limit 10001	same	827c8157753bd86473320446e8e4bb6b3baa13897adce88633a721ce2b58516b	827c8157753bd86473320446e8e4bb6b3baa13897adce88633a721ce2b58516b		
c27304f7c5e0105b	query	dynamic:vitess;dynamic:vtgate	select avg(foo), avg(bar) from `user` limit 10001	same	e4ad9c6714c966e42adbf37b2037cba7a9cca3ac41ac016110fe4dbb5cab8147	e4ad9c6714c966e42adbf37b2037cba7a9cca3ac41ac016110fe4dbb5cab8147		
c27fbeafa173d21c	query	dynamic:vitess;dynamic:vtgate	select id from `user` where id in (select id from user_extra) and col = (select user_id from user_extra limit 1) limit 10001	same	a9ebc077a1fa73f7d4bcd5f5168ca8e4219309ffae9566026486841448fcf937	a9ebc077a1fa73f7d4bcd5f5168ca8e4219309ffae9566026486841448fcf937		
c295b6cc7021cf21	query	dynamic:vitess;dynamic:vtgate	select id from `user` where (col, `name`) in (('aa', 'bb')) and id = 5 limit 10001 /* INT64 */	same	3487b1f38613837bb756af636f61d1403996c1508435863d127fc5976679780c	3487b1f38613837bb756af636f61d1403996c1508435863d127fc5976679780c		
c2cc6221bcd7d5e8	query	dynamic:vitess;dynamic:vtgate	with t as (select count(*) as a from `user`) select a as k from t limit 10001	same	dbcfa51a43428ffa2169bbcddd3ba01cf233c5a5cb7beb7d530fcd8ed5f84b92	dbcfa51a43428ffa2169bbcddd3ba01cf233c5a5cb7beb7d530fcd8ed5f84b92		
c30abd6e45a31b5a	query	dynamic:vitess;dynamic:vtgate	select a, textcol1, b, textcol2 from `user` order by a asc, textcol1 asc, b asc, textcol2 asc limit 10001	same	10aba574287a88a84d8597b32b0181bcb60ec5735eb5b43a7e5e0a83088b845a	10aba574287a88a84d8597b32b0181bcb60ec5735eb5b43a7e5e0a83088b845a		
c3883b0bca280594	query	dynamic:vitess;dynamic:vtgate	select a, (select col from `user`) from unsharded limit 10001	same	10aba574287a88a84d8597b32b0181bcb60ec5735eb5b43a7e5e0a83088b845a	10aba574287a88a84d8597b32b0181bcb60ec5735eb5b43a7e5e0a83088b845a		
c3ba99857de81ee1	query	dynamic:vitess;dynamic:vtgate	select * from authoritative order by user_id asc limit 10001	same	63fd3808f9f067698f0a0793540560001b448038244427a7faab1e3b55dc7fa2	63fd3808f9f067698f0a0793540560001b448038244427a7faab1e3b55dc7fa2		
c407bf74515efb1f	query	dynamic:vitess;dynamic:vtgate	select id, user_id from (select id, col from `user` limit 10) as u join (select col, user_id from user_extra limit 10) as ue on u.col = ue.col limit 10001	same	729e18fe325e5a6dedfc92e6e88ab496d795321f1406474aaed1a98edcb84461	729e18fe325e5a6dedfc92e6e88ab496d795321f1406474aaed1a98edcb84461		
c43bfc5e479e3960	query	dynamic:vitess;dynamic:vtgate	select a, b, count(*) as k from `user` group by a order by k desc limit 10 /* INT64 */	same	10aba574287a88a84d8597b32b0181bcb60ec5735eb5b43a7e5e0a83088b845a	10aba574287a88a84d8597b32b0181bcb60ec5735eb5b43a7e5e0a83088b845a		
c468c28df51f669c	query	dynamic:vitess;dynamic:vtgate	select * from multicol_tbl where cola = 1 and colb = 2 limit 10001 /* INT64 */	same	d03d99ce2dc026281aa99ec0faf68505d0480f9543e1d1d5ca18ccdf78935e88	d03d99ce2dc026281aa99ec0faf68505d0480f9543e1d1d5ca18ccdf78935e88		
c46c34d20d034303	query	dynamic:vitess;dynamic:vtgate	select sum(`user`.type) from `user` join user_extra on `user`.team_id = user_extra.id group by user_extra.id order by user_extra.id asc limit 10001	same	10aba574287a88a84d8597b32b0181bcb60ec5735eb5b43a7e5e0a83088b845a	10aba574287a88a84d8597b32b0181bcb60ec5735eb5b43a7e5e0a83088b845a		
c4bbcee3aa70d0e7	query	dynamic:vitess;dynamic:vtgate	select unsharded.id from unsharded where Unsharded.val = 1 limit 10001 /* INT64 */	same	10aba574287a88a84d8597b32b0181bcb60ec5735eb5b43a7e5e0a83088b845a	10aba574287a88a84d8597b32b0181bcb60ec5735eb5b43a7e5e0a83088b845a		
c4ccd8c9b2da48f9	query	dynamic:vitess;dynamic:vtgate	select sql_calc_found_rows user_id, count(id) from music group by user_id having count(user_id) = 1 order by user_id asc limit 2 /* INT64 */	same	d444d0c1c6a385b104e9b55c7890841474739f0c46d2921c45bc8981040849fb	d444d0c1c6a385b104e9b55c7890841474739f0c46d2921c45bc8981040849fb		
c5244ce39646e0b0	query	dynamic:vitess;dynamic:vtgate	select col from `user` order by col asc limit 10001	same	db6eafe6e00c4eca41cb4f828cab78210badd351516bf7feeec9b582b870f952	db6eafe6e00c4eca41cb4f828cab78210badd351516bf7feeec9b582b870f952		
c588def3b3614365	query	dynamic:vitess;dynamic:vtgate	select u1.col from `user` as u1 where not exists (select 1 from `user` as u2 where u2.id = 5) limit 10001	same	db6eafe6e00c4eca41cb4f828cab78210badd351516bf7feeec9b582b870f952	db6eafe6e00c4eca41cb4f828cab78210badd351516bf7feeec9b582b870f952		
c5b58255f0adb8f2	query	dynamic:vitess;dynamic:vtgate	select u1.a, u2.a from unsharded as u1, unsharded as u2, unsharded as u3 limit 10001	same	10aba574287a88a84d8597b32b0181bcb60ec5735eb5b43a7e5e0a83088b845a	10aba574287a88a84d8597b32b0181bcb60ec5735eb5b43a7e5e0a83088b845a		
c5d4deb2a4a4d782	query	dynamic:vitess;dynamic:vtgate	select max(u.foo * ue.bar) from `user` as u join user_extra as ue limit 10001	same	10aba574287a88a84d8597b32b0181bcb60ec5735eb5b43a7e5e0a83088b845a	10aba574287a88a84d8597b32b0181bcb60ec5735eb5b43a7e5e0a83088b845a		
c5db6fbd85b5739c	query	dynamic:vitess;dynamic:vtgate	select a, b, c, d, count(*) from `user` group by 1, 2, 3 order by 1 asc, 2 asc, 3 asc limit 10001	same	10aba574287a88a84d8597b32b0181bcb60ec5735eb5b43a7e5e0a83088b845a	10aba574287a88a84d8597b32b0181bcb60ec5735eb5b43a7e5e0a83088b845a		
c5ffcfa5c2b9576e	query	dynamic:vitess;dynamic:vtgate	select (select sum(col) from `user`) from user_extra limit 10001	same	0995410800bf5c11ba69d328f54d5efbd823fc4ad3e970684ac4bff98ea98d35	0995410800bf5c11ba69d328f54d5efbd823fc4ad3e970684ac4bff98ea98d35		
c6157e033f8b76b3	query	dynamic:vitess;dynamic:vtgate	select distinct a, b as a from `user` limit 10001	same	10aba574287a88a84d8597b32b0181bcb60ec5735eb5b43a7e5e0a83088b845a	10aba574287a88a84d8597b32b0181bcb60ec5735eb5b43a7e5e0a83088b845a		
c6246381e91c6449	query	dynamic:vitess;dynamic:vtgate	select 1 from (select id + 42 as foo from `user` union select 1 + id as foo from unsharded) as t limit 10001	same	6e896260f53d1b8e06016cb34377992a2e3c229fa86def43505b2346d4642f3c	6e896260f53d1b8e06016cb34377992a2e3c229fa86def43505b2346d4642f3c		
c64508431966cfc6	query	dynamic:vitess;dynamic:vtgate	select * from unsharded_authoritative as A left join unsharded_authoritative as B using (col1) limit 10001	same	99cadf2aabf25ade2defd6c9047547939765b0d07a7f2ddb7379dccb3c649ce1	99cadf2aabf25ade2defd6c9047547939765b0d07a7f2ddb7379dccb3c649ce1		
c66394379ed151b3	query	dynamic:vitess;dynamic:vtgate	select user_extra.id from `user` left join user_extra on user_extra.b = 2 and `user`.c = user_extra.c where `user`.a = 1 limit 1 /* INT64 */	same	10aba574287a88a84d8597b32b0181bcb60ec5735eb5b43a7e5e0a83088b845a	10aba574287a88a84d8597b32b0181bcb60ec5735eb5b43a7e5e0a83088b845a		
c696d824b68d47e6	query	dynamic:vitess;dynamic:vtgate	select count(*) from `user` where `user`.id = 2 or `user`.id in (select id from unsharded_a where colb = 2) limit 10001	same	10aba574287a88a84d8597b32b0181bcb60ec5735eb5b43a7e5e0a83088b845a	10aba574287a88a84d8597b32b0181bcb60ec5735eb5b43a7e5e0a83088b845a		
c69873e8bf7ce78c	query	dynamic:vitess;dynamic:vtgate	select count(distinct col2) from `user` limit 10001	same	7a88202a01df4aa1e89f182551d3eb1c629e2285791c50e3228eb95751109eb4	7a88202a01df4aa1e89f182551d3eb1c629e2285791c50e3228eb95751109eb4		
c6b4231bdca4ca5d	query	dynamic:vitess;dynamic:vtgate	select * from multicolvin where column_b = 1 and column_c = 2 and column_a = 3 limit 10001 /* INT64 */	same	675bea807831d3be8caf377dbdf11bf87165c2b5f601da364187920a340db1a1	675bea807831d3be8caf377dbdf11bf87165c2b5f601da364187920a340db1a1		
c6c03138dea4dd94	query	dynamic:vitess;dynamic:vtgate	select distinct c from sbtest30 where id between 1 and 10 order by c asc limit 10001	same	99cadf2aabf25ade2defd6c9047547939765b0d07a7f2ddb7379dccb3c649ce1	99cadf2aabf25ade2defd6c9047547939765b0d07a7f2ddb7379dccb3c649ce1		
c6dc4b981927f055	query	dynamic:vitess;dynamic:vtgate	select Id, intcol, sum(intcol) over (partition by intcol % 2 order by Id asc) as s from `user` limit 10001	same	d2563c9b7bf3bd029be2f7dd3b3724d396271a257d4e44cd4e366abd67133e3a	d2563c9b7bf3bd029be2f7dd3b3724d396271a257d4e44cd4e366abd67133e3a		
c6e7ccdf6cb1fc5b	query	dynamic:vitess;dynamic:keyspace-vschema;dynamic:movetables;dynamic:onlineddl	SELECT `id`, `col`, `name` FROM `vt_commerce`.`unsharded_b` WHERE 1 != 1	same	b9761e6acc64a00220965ed5b17b09536bff1a84ed2254a64e6a9e6a8577da48	b9761e6acc64a00220965ed5b17b09536bff1a84ed2254a64e6a9e6a8577da48		
c720e6ee6a7f1695	query	dynamic:vitess;dynamic:vtgate	select (select col from `user` limit 1) as a from `user` join user_extra order by a asc limit 10001	same	c16efd54c1514677f95efeafe4168cfee72e76894a10d9d79a7a32f4ba8d0d16	c16efd54c1514677f95efeafe4168cfee72e76894a10d9d79a7a32f4ba8d0d16		
c76977d0428135f8	query	dynamic:vitess;dynamic:vtgate	select distinct avg(intcol) over (partition by Id) as avg_val, col from `user` where Id in (1, 2, 3) limit 10001	same	ae075dde3359e3adcc5584fdb8cc7c1af828e54bee1caa4a1a9ab6235bb59aec	ae075dde3359e3adcc5584fdb8cc7c1af828e54bee1caa4a1a9ab6235bb59aec		
c7834b1e38102720	query	dynamic:vitess;dynamic:vtgate	select foo, foo, foo from `user` union all select bar, baz, toto from music limit 10001	same	10aba574287a88a84d8597b32b0181bcb60ec5735eb5b43a7e5e0a83088b845a	10aba574287a88a84d8597b32b0181bcb60ec5735eb5b43a7e5e0a83088b845a		
c80fb4df230460d0	query	dynamic:vitess;dynamic:vtgate	select distinct a, count(*) from `user` group by a limit 10001	same	e79860a10e6a4c88e9ab255a06a787c1680617bbc854948fc22fd41bc8d01d36	e79860a10e6a4c88e9ab255a06a787c1680617bbc854948fc22fd41bc8d01d36		
c821e5f811398676	query	dynamic:vitess;dynamic:vtgate	select count(*) as a from `user` having a > 10 limit 10001 /* INT64 */	same	c16efd54c1514677f95efeafe4168cfee72e76894a10d9d79a7a32f4ba8d0d16	c16efd54c1514677f95efeafe4168cfee72e76894a10d9d79a7a32f4ba8d0d16		
c832797a6557a73d	query	dynamic:vitess;dynamic:vtgate	select unsharded.id from `user` join unsharded where unsharded.id = `user`.id limit 10001	same	a9ebc077a1fa73f7d4bcd5f5168ca8e4219309ffae9566026486841448fcf937	a9ebc077a1fa73f7d4bcd5f5168ca8e4219309ffae9566026486841448fcf937		
c8473346c3e12b06	query	dynamic:vitess;dynamic:vtgate	select u1.col from `user` as u1 where u1.id = 5 and not exists (select 1 from `user` as u2 where u2.id = 5) limit 10001	same	db6eafe6e00c4eca41cb4f828cab78210badd351516bf7feeec9b582b870f952	db6eafe6e00c4eca41cb4f828cab78210badd351516bf7feeec9b582b870f952		
c86c5d0f6300571f	query	dynamic:vitess;dynamic:vtgate	select unsharded_a.col from unsharded_a join unsharded_b on unsharded_a.col in (select col from `user`) limit 10001	same	db6eafe6e00c4eca41cb4f828cab78210badd351516bf7feeec9b582b870f952	db6eafe6e00c4eca41cb4f828cab78210badd351516bf7feeec9b582b870f952		
c88c246f9d5cced0	query	dynamic:vitess;dynamic:vtgate	select `user`.id, `user`.`name` from `user` join user_extra where user_extra.extra = 'asdf' union select 'b', 'c' from `user` limit 10001	same	10aba574287a88a84d8597b32b0181bcb60ec5735eb5b43a7e5e0a83088b845a	10aba574287a88a84d8597b32b0181bcb60ec5735eb5b43a7e5e0a83088b845a		
c93975161329e029	query	dynamic:vitess;dynamic:vtgate	select distinct rank() over (partition by Id order by col asc) as r1, dense_rank() over (partition by Id order by intcol asc) as r2 from `user` limit 10001	same	a2be4ab42a1fa45663438b817fee8819a0dfcccfe18d409661364e4207abdf95	a2be4ab42a1fa45663438b817fee8819a0dfcccfe18d409661364e4207abdf95		
c961846f23e4e2d4	query	dynamic:vitess;dynamic:vtgate	select `user`.col from `user` left join user_extra as e left join unsharded as m1 on m1.col = e.col on `user`.col = e.col limit 10001	same	db6eafe6e00c4eca41cb4f828cab78210badd351516bf7feeec9b582b870f952	db6eafe6e00c4eca41cb4f828cab78210badd351516bf7feeec9b582b870f952		
c968c83c62a5ef64	query	dynamic:vitess;dynamic:vtgate	insert into order_line1(ol_o_id, ol_d_id, ol_w_id, ol_number, ol_i_id, ol_supply_w_id, ol_quantity, ol_amount, ol_dist_info) values (648, 36812, 3201, 4946378, 3, 7, 89, 1, 'info')	same	99cadf2aabf25ade2defd6c9047547939765b0d07a7f2ddb7379dccb3c649ce1	99cadf2aabf25ade2defd6c9047547939765b0d07a7f2ddb7379dccb3c649ce1		
c99031011dd0edf9	query	dynamic:vitess;dynamic:vtgate	select user_extra.col + `user`.col from `user` join user_extra on `user`.id = user_extra.id limit 10001	same	4962ceb1ca82032270de5885e84a8326dc53b31532657c1b0c9fde6c1475ccb9	4962ceb1ca82032270de5885e84a8326dc53b31532657c1b0c9fde6c1475ccb9		
c9c6f21e8ec5fc3e	query	dynamic:vitess;dynamic:vtgate	select max((select min(col) from unsharded)) from `user` where id = 1 limit 10001 /* INT64 */	same	d7514515ae27b241b4bd97d7523f779fcae7e6d7f7ea717043adb7a7152e20df	d7514515ae27b241b4bd97d7523f779fcae7e6d7f7ea717043adb7a7152e20df		
ca0bd74a96087b7c	query	dynamic:vitess;dynamic:vtgate	select 'b', 'c' from `user` union select `user`.id, `user`.`name` from `user` join user_extra where user_extra.extra = 'asdf' limit 10001 /* VARCHAR */	same	10aba574287a88a84d8597b32b0181bcb60ec5735eb5b43a7e5e0a83088b845a	10aba574287a88a84d8597b32b0181bcb60ec5735eb5b43a7e5e0a83088b845a		
ca245d49707101f8	query	dynamic:vitess;dynamic:onlineddl	lock tables product read	same	0f444752ba32ebf169f55f78a7bd9ac9f75cd15e3f615ce1f6c156bdefbba6d3	0f444752ba32ebf169f55f78a7bd9ac9f75cd15e3f615ce1f6c156bdefbba6d3		
ca30317d85704e74	query	dynamic:vitess;dynamic:vtgate	select `user`.col from `user` join user_extra on 5 = `user`.id limit 10001	same	db6eafe6e00c4eca41cb4f828cab78210badd351516bf7feeec9b582b870f952	db6eafe6e00c4eca41cb4f828cab78210badd351516bf7feeec9b582b870f952		
ca67b9139851b72b	query	dynamic:vitess;dynamic:vtgate	select 1 from multicol_tbl as m1 join multicol_tbl as m2 on m1.cola = m2.cola limit 10001	same	6e896260f53d1b8e06016cb34377992a2e3c229fa86def43505b2346d4642f3c	6e896260f53d1b8e06016cb34377992a2e3c229fa86def43505b2346d4642f3c		
ca6d929d194991e9	query	dynamic:vitess;dynamic:vtgate	select s_name, count(*) as numwait from supplier, lineitem as l1, orders, nation where s_suppkey = l1.l_suppkey and o_orderkey = l1.l_orderkey and o_orderstatus = 'F' and l1.l_receiptdate > l1.l_commitdate and exists (select 1 from lineitem as l2 where l2.l_orderkey = l1.l_orderkey and l2.l_suppkey != l1.l_suppkey) and not exists (select 1 from lineitem as l3 where l3.l_orderkey = l1.l_orderkey and l3.l_suppkey != l1.l_suppkey and l3.l_receiptdate > l3.l_commitdate) and s_nationkey = n_nationkey and n_name = 'SAUDI ARABIA' group by s_name order by numwait desc, s_name asc limit 100 /* INT64 */	same	99cadf2aabf25ade2defd6c9047547939765b0d07a7f2ddb7379dccb3c649ce1	99cadf2aabf25ade2defd6c9047547939765b0d07a7f2ddb7379dccb3c649ce1		
ca959d745d59bcb6	query	dynamic:vitess;dynamic:vtgate	select intcol, group_concat(foo) from `user` group by intcol limit 10001	same	90ead1041890fa3e8f1c98a2ae1ef89d61f76703a847a48443e2450adb90c4e9	90ead1041890fa3e8f1c98a2ae1ef89d61f76703a847a48443e2450adb90c4e9		
caff4990947dfb2f	query	dynamic:vitess;dynamic:vtgate	select `user`.col from `user` where id in (select id from `user` where id > 1 and id < 10) limit 10001	same	db6eafe6e00c4eca41cb4f828cab78210badd351516bf7feeec9b582b870f952	db6eafe6e00c4eca41cb4f828cab78210badd351516bf7feeec9b582b870f952		
cb1ce0ed767d82be	query	dynamic:vitess;dynamic:vtgate	select id, intcol, row_number() over (partition by id order by intcol asc) as rn, rank() over (partition by id order by intcol asc) as rnk from `user` where id = 100 limit 10001 /* INT64 */	same	07dbd11fef11067949782d385d9c707427b3caefbc907900afe9e00fc7cf9fde	07dbd11fef11067949782d385d9c707427b3caefbc907900afe9e00fc7cf9fde		
cba70c8eba94b737	query	dynamic:vitess;dynamic:vtgate	select id from `user` where id = 42 union select id from `user` where id = 42 limit 7, 3 /* INT64 */	same	a9ebc077a1fa73f7d4bcd5f5168ca8e4219309ffae9566026486841448fcf937	a9ebc077a1fa73f7d4bcd5f5168ca8e4219309ffae9566026486841448fcf937		
cbbb8954bb52e6f5	query	dynamic:vitess;dynamic:keyspace-vschema;dynamic:movetables;dynamic:onlineddl	SELECT `sku`, `description`, `price` FROM `vt_commerce`.`product` WHERE 1 != 1	same	b2f33766092262c65edd33f3df8bc36c01f59002e4cf3b592a171cb6cb27adb4	b2f33766092262c65edd33f3df8bc36c01f59002e4cf3b592a171cb6cb27adb4		
cbcd4c1b617f0431	query	dynamic:vitess;dynamic:vtgate	select t.id from (select `user`.id, id from `user` where `user`.id = 5) as t join user_extra on t.id = user_extra.user_id limit 10001	same	99cadf2aabf25ade2defd6c9047547939765b0d07a7f2ddb7379dccb3c649ce1	99cadf2aabf25ade2defd6c9047547939765b0d07a7f2ddb7379dccb3c649ce1	replayed in an empty database: the object exists in the captured schema	
cbf4762b7448ce4b	query	dynamic:vitess;dynamic:vtgate	select col1, min(col2) as `min(distinct col2)` from `user` group by col1 limit 10001	same	3d2638a0a5457269107e8a8e9b60dce4bc02fbbf1adbdb7a220b567054a3b1d1	3d2638a0a5457269107e8a8e9b60dce4bc02fbbf1adbdb7a220b567054a3b1d1		
cc79d30c4d54f947	query	dynamic:vitess;dynamic:vtgate	select count(val2), sum(val2) from (select id, val2 from `user` where val2 is null limit 2) as x limit 10001	same	10aba574287a88a84d8597b32b0181bcb60ec5735eb5b43a7e5e0a83088b845a	10aba574287a88a84d8597b32b0181bcb60ec5735eb5b43a7e5e0a83088b845a		
cc81f40698f4c8d7	query	dynamic:vitess;dynamic:vtgate	select id, intcol, row_number() over (partition by id order by intcol asc) as rn from `user` where id in (1, 2, 3, 4) limit 10001	same	482996216e7de103ee64bcdc26f4d25ca2dcaf55a348e4e73719467b6e4848d2	482996216e7de103ee64bcdc26f4d25ca2dcaf55a348e4e73719467b6e4848d2		
ccad719eda67cbf5	query	dynamic:vitess;dynamic:vtgate	select 1 from `user` where shard_key = 1 and is_removed = 1 and cmd in ('A', 'B', 'C') and not (user_id = 1 and user_id is not null and ts >= 1 and ts <= 2) and not (user_id = 1 and user_id is not null and ts >= 12 and ts <= 13) and not (user_id = 1 and user_id is not null and ts >= 14 and ts <= 15) and not (user_id = 1 and user_id is not null and ts >= 16 and ts <= 17) and not (user_id = 1 and user_id is not null and ts >= 18 and ts <= 19) and not (user_id = 1 and user_id is not null and ts >= 110 and ts <= 111) and not (user_id = 1 and user_id is not null and ts >= 112 and ts <= 113) and not (user_id = 1 and user_id is not null and ts >= 114 and ts <= 115) and not (user_id = 1 and user_id is not null and ts >= 116 and ts <= 117) and not (user_id = 1 and user_id is not null and ts >= 118 and ts <= 119) and not (user_id = 1 and user_id is not null and ts >= 120 and ts <= 121) and not (user_id = 1 and user_id is not null and ts >= 122 and ts <= 123) and not (user_id = 1 and user_id is not null and ts >= 124 and ts <= 125) and not (user_id = 1 and user_id is not null and ts >= 126 and ts <= 127) and not (user_id = 1 and user_id is not null and ts >= 128 and ts <= 129) and not (user_id = 1 and user_id is not null and ts >= 130 and ts <= 131) and not (user_id = 1 and user_id is not null and ts >= 132 and ts <= 133) and not (user_id = 1 and user_id is not null and ts >= 134 and ts <= 135) and not (user_id = 1 and user_id is not null and ts >= 136 and ts <= 137) and not (user_id = 1 and user_id is not null and ts >= 138 and ts <= 139) and not (user_id = 1 and user_id is not null and ts >= 140 and ts <= 141) and not (user_id = 1 and user_id is not null and ts >= 142 and ts <= 143) and not (user_id = 1 and user_id is not null and ts >= 144 and ts <= 145) and not (user_id = 1 and user_id is not null and ts >= 146 and ts <= 147) and not (user_id = 1 and user_id is not null and ts >= 148 and ts <= 149) and not (user_id = 1 and user_id is not null and ts >= 150 and ts <= 151) and not (user_id = 1 and user_id is not null and ts >= 152 and ts <= 153) and not (user_id = 1 and user_id is not null and ts >= 154 and ts <= 155) and not (user_id = 1 and user_id is not null and ts >= 156 and ts <= 157) and not (user_id = 1 and user_id is not null and ts >= 158 and ts <= 159) and not (user_id = 1 and user_id is not null and ts >= 160 and ts <= 161) and not (user_id = 1 and user_id is not null and ts >= 162 and ts <= 163) and not (user_id = 1 and user_id is not null and ts >= 164 and ts <= 165) and not (user_id = 1 and user_id is not null and ts >= 166 and ts <= 167) and not (user_id = 1 and user_id is not null and ts >= 168 and ts <= 169) and not (user_id = 1 and user_id is not null and ts >= 170 and ts <= 171) and not (user_id = 1 and user_id is not null and ts >= 172 and ts <= 173) and not (user_id = 1 and user_id is not null and ts >= 174 and ts <= 175) and not (user_id = 1 and user_id is not null and ts >= 176 and ts <= 177) and not (user_id = 1 and user_id is not null and ts >= 178 and ts <= 179) and not (user_id = 1 and user_id is not null and ts >= 180 and ts <= 181) and not (user_id = 1 and user_id is not null and ts >= 182 and ts <= 183) and not (user_id = 1 and user_id is not null and ts >= 184 and ts <= 185) and not (user_id = 1 and user_id is not null and ts >= 186 and ts <= 187) and not (user_id = 1 and user_id is not null and ts >= 188 and ts <= 189) and not (user_id = 1 and user_id is not null and ts >= 190 and ts <= 191) and not (user_id = 1 and user_id is not null and ts >= 192 and ts <= 193) and not (user_id = 1 and user_id is not null and ts >= 194 and ts <= 195) and not (user_id = 1 and user_id is not null and ts >= 196 and ts <= 197) and not (user_id = 1 and user_id is not null and ts >= 198 and ts <= 199) and not (user_id = 1 and user_id is not null and ts >= 1100 and ts <= 1101) and not (user_id = 1 and user_id is not null and ts >= 1102 and ts <= 1103) and not (user_id = 1 and user_id is not null and ts >= 1104 and ts <= 1105) and not (user_id = 1 and user_id is not null and ts >= 1106 and ts <= 1107) and not (user_...	same	b757b267368150584b6fd9b194ac0d3c0a9b1d2f6eea2a6f3ce700917ada0f8e	b757b267368150584b6fd9b194ac0d3c0a9b1d2f6eea2a6f3ce700917ada0f8e		
ccc13b73eaa3827e	query	dynamic:vitess;dynamic:vtgate	select music.id from music left join `user` on music.user_id = `user`.id where `user`.id <=> null and music.user_id = 10 limit 10001 /* INT64 */	same	a9ebc077a1fa73f7d4bcd5f5168ca8e4219309ffae9566026486841448fcf937	a9ebc077a1fa73f7d4bcd5f5168ca8e4219309ffae9566026486841448fcf937		
ccc7e15913085775	query	dynamic:vitess;dynamic:vtgate	delete u from music as m join `user` as u where u.col = m.col and m.foo = 42 /* INT64 */	same	10aba574287a88a84d8597b32b0181bcb60ec5735eb5b43a7e5e0a83088b845a	10aba574287a88a84d8597b32b0181bcb60ec5735eb5b43a7e5e0a83088b845a		
ccda2992deee9186	query	dynamic:vitess;dynamic:vtgate	select sum(x) as col from `user` where x > 0 having col = 2 limit 10001 /* INT64 */	same	10aba574287a88a84d8597b32b0181bcb60ec5735eb5b43a7e5e0a83088b845a	10aba574287a88a84d8597b32b0181bcb60ec5735eb5b43a7e5e0a83088b845a		
cd5631fd59d90523	query	dynamic:vitess;dynamic:vtgate	select sum(intcol) over (partition by textcol1) from `user` where Id = 1 limit 10001 /* INT64 */	same	2f9f64bfba9b19b29723c83986b2967ce245b4554fc6b15a66b780ecaee70f51	2f9f64bfba9b19b29723c83986b2967ce245b4554fc6b15a66b780ecaee70f51		
cd9e19af9fa253e3	query	dynamic:vitess;dynamic:keyspace-vschema	create table if not exists shopper(shopper_id bigint not null auto_increment, email varchar(128), primary key(shopper_id)) ENGINE=InnoDB	same	c86cf46a097faa769bb9da422e97d2acd3b690d4474790a9fb11c536dd793b1d	c86cf46a097faa769bb9da422e97d2acd3b690d4474790a9fb11c536dd793b1d	volatile on the reference: compared by shape	C-1
cdbb57d6bde68807	query	dynamic:vitess;dynamic:vtgate	select u1.a, u2.a from unsharded as u1, unsharded as u2 limit 10001	same	10aba574287a88a84d8597b32b0181bcb60ec5735eb5b43a7e5e0a83088b845a	10aba574287a88a84d8597b32b0181bcb60ec5735eb5b43a7e5e0a83088b845a		
ce2be1e25f495e82	query	dynamic:vitess;dynamic:vtgate	with x as (select id, val2 from `user` where val2 is null limit 2) select count(val2), sum(val2) from x limit 10001	same	10aba574287a88a84d8597b32b0181bcb60ec5735eb5b43a7e5e0a83088b845a	10aba574287a88a84d8597b32b0181bcb60ec5735eb5b43a7e5e0a83088b845a		
ce5151ec70c31515	query	dynamic:vitess;dynamic:vtgate	select id from music where id = null limit 10001	same	a9ebc077a1fa73f7d4bcd5f5168ca8e4219309ffae9566026486841448fcf937	a9ebc077a1fa73f7d4bcd5f5168ca8e4219309ffae9566026486841448fcf937		
cec06ed421b18b0a	query	dynamic:vitess;dynamic:vtgate	select dense_rank() over (order by intcol asc) from `user` limit 10001	same	d92e714406681b046eb0f17623f969d6690f091f82155c1bfbd36d36b96d9bef	d92e714406681b046eb0f17623f969d6690f091f82155c1bfbd36d36b96d9bef		
cf4bf8ec53418d66	query	dynamic:vitess;dynamic:vtgate	select * from `user` where id = 5 order by `user`.col collate utf8_general_ci asc limit 10001	same	dbbd5ce79dcb2e3b1da74450edf825900a6d7f5c08d9585c23d5d1a2c88c4548	dbbd5ce79dcb2e3b1da74450edf825900a6d7f5c08d9585c23d5d1a2c88c4548		
cf65a34b5f163428	query	dynamic:vitess;dynamic:vtgate	select music.id from music where music.id in (select * from (select * from (select music.id from music where music.user_id = 5 limit 10) as subquery_for_limit) as subquery_for_limit) limit 10001	same	a9ebc077a1fa73f7d4bcd5f5168ca8e4219309ffae9566026486841448fcf937	a9ebc077a1fa73f7d4bcd5f5168ca8e4219309ffae9566026486841448fcf937		
d07ae914edb0f6ff	query	dynamic:vitess;dynamic:vtgate	insert into multicolvin(column_a, column_b, column_c, kid) values (1, 2, 3, 4), (5, 6, 7, 8)	same	72f4a5e907cb9086eb62e083a957eb0a017f2f79e286b2a8900dc917b9691157	72f4a5e907cb9086eb62e083a957eb0a017f2f79e286b2a8900dc917b9691157		
d0ae30e5f9667e42	query	dynamic:vitess;dynamic:vtgate	select id from `user` where (id, `name`) = (34, 'apa') limit 10001	same	a9ebc077a1fa73f7d4bcd5f5168ca8e4219309ffae9566026486841448fcf937	a9ebc077a1fa73f7d4bcd5f5168ca8e4219309ffae9566026486841448fcf937		
d0ed32ffdd6880d4	query	dynamic:vitess;dynamic:vtgate	select a.* from authoritative limit 10001	same	d5d303cef398fa6223eec1f0354ce3107f3f8bfba851d7958dd654282d71b7d7	d5d303cef398fa6223eec1f0354ce3107f3f8bfba851d7958dd654282d71b7d7		
d10d7cfc4837ae71	query	dynamic:vitess;dynamic:vtgate	select sum(intcol) over (order by Id asc rows unbounded preceding) from `user` limit 10001	same	caa95b9d959f418b586772b6bde3b968eeb0da39059f49147bc98c3db25fa309	caa95b9d959f418b586772b6bde3b968eeb0da39059f49147bc98c3db25fa309		
d12a3f4bb2ef493b	query	dynamic:vitess;dynamic:keyspace-vschema;dynamic:movetables	SELECT `order_id`, `shopper_id`, `sku`, `price` FROM `vt_commerce`.`corder` WHERE 1 != 1	same	99cadf2aabf25ade2defd6c9047547939765b0d07a7f2ddb7379dccb3c649ce1	99cadf2aabf25ade2defd6c9047547939765b0d07a7f2ddb7379dccb3c649ce1		
d13359b003bcaced	query	dynamic:vitess;dynamic:vtgate	insert into product(sku, description, price) values ('SKU-1001', 'Monitor', 100), ('SKU-1002', 'Keyboard', 30), ('SKU-1003', 'Mouse', 15)	same	87917fb199da80c97ac19b3f8c7050c5c1c90a73c2a8ef7daea8684e93419971	87917fb199da80c97ac19b3f8c7050c5c1c90a73c2a8ef7daea8684e93419971		
d16207cd577f5809	query	dynamic:vitess;dynamic:vtgate	select col from `user` where col in (select col2 from `user`) order by col asc limit 10001	same	db6eafe6e00c4eca41cb4f828cab78210badd351516bf7feeec9b582b870f952	db6eafe6e00c4eca41cb4f828cab78210badd351516bf7feeec9b582b870f952		
d17572f7610f85eb	query	dynamic:vitess;dynamic:vtgate	with recursive cte(n) as (select 1 from dual union all select n + 1 from cte where n < 5) select cte.n from unsharded join cte on unsharded.id = cte.n limit 10001	same	fa6e172ae4f41bbfc62ce3d4f6779a0e45695bd370bf9795f0668aa6f4c9bf61	fa6e172ae4f41bbfc62ce3d4f6779a0e45695bd370bf9795f0668aa6f4c9bf61		
d18265a04421dcca	query	dynamic:vitess;dynamic:vtgate	select col1, count(distinct col2) from `user` group by col1 limit 10001	same	c867c1c86825b780b61e2d2efa2a42f5ca9c5b917cc59605c5f0f1f5587e0fba	c867c1c86825b780b61e2d2efa2a42f5ca9c5b917cc59605c5f0f1f5587e0fba		
d1c6b0a120f10874	query	dynamic:vitess;dynamic:vtgate	select (select count(*) from user_extra) as a, 1 in (select count(*) from user_extra) as b from `user` where id in (select count(*) from user_extra) order by (select count(*) from user_extra) asc limit 10001	same	e355cef681729458c3c304231f6f106872620734797350fd12e365f86feb847c	e355cef681729458c3c304231f6f106872620734797350fd12e365f86feb847c		
d25d16a4308589e8	query	dynamic:vitess;dynamic:vtgate	select d_next_o_id from district1 where d_id = 6 and d_w_id = 21 limit 10001 /* INT64 */	same	99cadf2aabf25ade2defd6c9047547939765b0d07a7f2ddb7379dccb3c649ce1	99cadf2aabf25ade2defd6c9047547939765b0d07a7f2ddb7379dccb3c649ce1		
d25effe0f0df8fcc	query	dynamic:vitess;dynamic:vtgate	with recursive cte as (select sr.id, sr.foo from source_of_ref as sr join rerouted_ref as rr on rr.bar = sr.bar union all select ue.id, ue.foo from cte join user_extra as ue on cte.foo = ue.foo join `user` as u on ue.user_id = u.id) select * from cte limit 10001	same	10aba574287a88a84d8597b32b0181bcb60ec5735eb5b43a7e5e0a83088b845a	10aba574287a88a84d8597b32b0181bcb60ec5735eb5b43a7e5e0a83088b845a		
d30a3b4627f10b6a	query	dynamic:vitess;dynamic:vtgate	select bar, udf_aggr(foo) from unsharded group by bar limit 10001	same	10aba574287a88a84d8597b32b0181bcb60ec5735eb5b43a7e5e0a83088b845a	10aba574287a88a84d8597b32b0181bcb60ec5735eb5b43a7e5e0a83088b845a		
d30dcd4998d88f77	query	dynamic:vitess;dynamic:vtgate	select u1.a from unsharded as u1, unsharded as u2 join unsharded as u3 on u1.a = u2.a limit 10001	same	10aba574287a88a84d8597b32b0181bcb60ec5735eb5b43a7e5e0a83088b845a	10aba574287a88a84d8597b32b0181bcb60ec5735eb5b43a7e5e0a83088b845a		
d30e8106ee9ade92	query	dynamic:vitess;dynamic:vtgate	update district1 set d_next_o_id = 56 where d_id = 9842 and d_w_id = 8546 /* INT64 */	same	99cadf2aabf25ade2defd6c9047547939765b0d07a7f2ddb7379dccb3c649ce1	99cadf2aabf25ade2defd6c9047547939765b0d07a7f2ddb7379dccb3c649ce1		
d35957aabeee24ab	query	dynamic:vitess;dynamic:reshard	alter table corder change order_id order_id bigint not null	same	0f444752ba32ebf169f55f78a7bd9ac9f75cd15e3f615ce1f6c156bdefbba6d3	0f444752ba32ebf169f55f78a7bd9ac9f75cd15e3f615ce1f6c156bdefbba6d3		
d36aed849f68ee63	query	dynamic:vitess;dynamic:vtgate	select id from (select id + col as foo from route1) as t where foo = 5 limit 10001 /* INT64 */	same	99cadf2aabf25ade2defd6c9047547939765b0d07a7f2ddb7379dccb3c649ce1	99cadf2aabf25ade2defd6c9047547939765b0d07a7f2ddb7379dccb3c649ce1		
d37623b1b773a7b6	query	dynamic:vitess;dynamic:vtgate	select * from `user` where id = 1 or 2 < 1 limit 10001 /* INT64 */	same	dbbd5ce79dcb2e3b1da74450edf825900a6d7f5c08d9585c23d5d1a2c88c4548	dbbd5ce79dcb2e3b1da74450edf825900a6d7f5c08d9585c23d5d1a2c88c4548		
d38222809d240c03	query	dynamic:vitess;dynamic:vtgate	update ambiguous_ref_with_source set col = 1 /* INT64 */	same	99cadf2aabf25ade2defd6c9047547939765b0d07a7f2ddb7379dccb3c649ce1	99cadf2aabf25ade2defd6c9047547939765b0d07a7f2ddb7379dccb3c649ce1		
d3aaa774bf85f85b	query	dynamic:vitess;dynamic:vtgate	update `user` set `name` = null where id + 1 = 2 limit 10001 /* INT64 */	same	0f444752ba32ebf169f55f78a7bd9ac9f75cd15e3f615ce1f6c156bdefbba6d3	0f444752ba32ebf169f55f78a7bd9ac9f75cd15e3f615ce1f6c156bdefbba6d3		
d3e1c42cc3330b44	query	dynamic:vitess;dynamic:vtgate	select id from `user` where id = 42 union all select id from `user` where id = 234 limit 7, 3 /* INT64 */	same	a9ebc077a1fa73f7d4bcd5f5168ca8e4219309ffae9566026486841448fcf937	a9ebc077a1fa73f7d4bcd5f5168ca8e4219309ffae9566026486841448fcf937		
d3ffa91354636c91	query	dynamic:vitess;dynamic:vtgate	select id from `user` where `user`.col in (select user_extra.col from user_extra where user_extra.user_id = `user`.id) limit 10001	same	a9ebc077a1fa73f7d4bcd5f5168ca8e4219309ffae9566026486841448fcf937	a9ebc077a1fa73f7d4bcd5f5168ca8e4219309ffae9566026486841448fcf937		
d41a4da8545182bd	query	dynamic:vitess;dynamic:vtgate	select avg(intcol) over (partition by textcol1 order by Id asc rows between 1 preceding and 1 following) from `user` limit 10001	same	e879820cc9c895884ac3e41846c52b7c5dfc8e2dedbc1d629542ef35cb7aa376	e879820cc9c895884ac3e41846c52b7c5dfc8e2dedbc1d629542ef35cb7aa376		
d49068cffcc63593	query	dynamic:vitess;dynamic:vtgate	with s as (select id from `user` having count(*) = 1) select * from s limit 10001	same	35cebba4ba02f6d676538583ecfd3c5774493da092df7b760888127b011af817	35cebba4ba02f6d676538583ecfd3c5774493da092df7b760888127b011af817		
d4acad14a44f007b	query	dynamic:vitess;dynamic:vtgate	select bar from (select foo + 4 as bar from (select colA + colB as foo from `user`) as u) as t where bar = 5 limit 10001 /* INT64 */	same	10aba574287a88a84d8597b32b0181bcb60ec5735eb5b43a7e5e0a83088b845a	10aba574287a88a84d8597b32b0181bcb60ec5735eb5b43a7e5e0a83088b845a		
d4b60da21b32fc0c	query	dynamic:vitess;dynamic:vtgate	select t.id from (select id, textcol1 as baz from route1) as t join (select id, textcol1 + textcol1 as baz from `user`) as s on t.id = s.id where t.baz = '3' and s.baz = '3' limit 10001 /* VARCHAR */	same	99cadf2aabf25ade2defd6c9047547939765b0d07a7f2ddb7379dccb3c649ce1	99cadf2aabf25ade2defd6c9047547939765b0d07a7f2ddb7379dccb3c649ce1		
d52cb9de6c1a0566	query	dynamic:vitess;dynamic:vtgate	select o_id, o_carrier_id, o_entry_d from orders1 where o_w_id = 9894 and o_d_id = 3 and o_c_id = 159 order by o_id desc limit 10001	same	99cadf2aabf25ade2defd6c9047547939765b0d07a7f2ddb7379dccb3c649ce1	99cadf2aabf25ade2defd6c9047547939765b0d07a7f2ddb7379dccb3c649ce1		
d576fbc013540c2e	query	dynamic:vitess;dynamic:vtgate	select u.col, u.intcol, count(*) from `user` as u join music group by 1, 2 order by 2 asc limit 10001	same	c43e3ff0004bfddf72887d986770679b264e7423a26ef22c6319162db787640b	c43e3ff0004bfddf72887d986770679b264e7423a26ef22c6319162db787640b		
d5854c152c874d71	query	dynamic:vitess;dynamic:vtgate	select id from `user` where id = 1 union all select id from `user` where id = 5 limit 10001 /* INT64 */	same	a9ebc077a1fa73f7d4bcd5f5168ca8e4219309ffae9566026486841448fcf937	a9ebc077a1fa73f7d4bcd5f5168ca8e4219309ffae9566026486841448fcf937		
d5a78047fd16a454	query	dynamic:vitess;dynamic:onlineddl;dynamic:sidecar	SELECT `sku`, `description`, `price`, `loams_inv` FROM `vt_commerce`.`product` WHERE 1 != 1	same	3ba748087ad5dffaf483a671b88827a6fb685eb5fdef44e500800f4e1021662f	3ba748087ad5dffaf483a671b88827a6fb685eb5fdef44e500800f4e1021662f		
d5c9ad3a0793a522	query	dynamic:vitess;dynamic:vtgate	select 1 from (select col from unsharded order by unsharded.col1 desc limit 0, 12) as f left join unsharded as u on f.col = u.id limit 10001	same	6e896260f53d1b8e06016cb34377992a2e3c229fa86def43505b2346d4642f3c	6e896260f53d1b8e06016cb34377992a2e3c229fa86def43505b2346d4642f3c		
d5f020614201f603	query	dynamic:vitess;dynamic:vtgate	select (select uuid() from user_extra limit 1) as a, (select uuid() from user_extra limit 1) as b, (select uuid() from user_extra limit 1) as c from `user` where id = 1 limit 10001 /* INT64 */	same	a1474972a5ad0aea8cff881892bf3628dcf7107c0116472af6063bcd9740487f	a1474972a5ad0aea8cff881892bf3628dcf7107c0116472af6063bcd9740487f		
d61928df32fbd629	query	dynamic:vitess;dynamic:movetables	drop table `vt_commerce`.`shopper`	same	c86cf46a097faa769bb9da422e97d2acd3b690d4474790a9fb11c536dd793b1d	c86cf46a097faa769bb9da422e97d2acd3b690d4474790a9fb11c536dd793b1d	volatile on the reference: compared by shape	
d6327e53bd676f68	query	dynamic:vitess;dynamic:vtgate	insert into user_extra(pattern) select 1 from dual	same	10aba574287a88a84d8597b32b0181bcb60ec5735eb5b43a7e5e0a83088b845a	10aba574287a88a84d8597b32b0181bcb60ec5735eb5b43a7e5e0a83088b845a		
d69290e612f5c629	query	dynamic:vitess;dynamic:vtgate	select * from (select u.foo * ue.bar from `user` as u join user_extra as ue) as dt limit 10001	same	10aba574287a88a84d8597b32b0181bcb60ec5735eb5b43a7e5e0a83088b845a	10aba574287a88a84d8597b32b0181bcb60ec5735eb5b43a7e5e0a83088b845a		
d6c17751aa885ecd	query	dynamic:vitess;dynamic:vtgate	select * from (select sum(intcol) over (partition by textcol1) as s from `user` where Id = 1) as t limit 10001	same	1435ac70364e9cc0bec27ee25ae61eb84dabc5a9f029488429038eafaff3a239	1435ac70364e9cc0bec27ee25ae61eb84dabc5a9f029488429038eafaff3a239		
d70764cf4d684eae	query	dynamic:vitess;dynamic:vtgate	insert into authoritative(user_id, col1, col2) values (1, '2', 3), (4, '5', 6) as new on duplicate key update col2 = new.user_id + new.col1	same	72f4a5e907cb9086eb62e083a957eb0a017f2f79e286b2a8900dc917b9691157	72f4a5e907cb9086eb62e083a957eb0a017f2f79e286b2a8900dc917b9691157		
d74ade6fb4504038	query	dynamic:vitess;dynamic:vtgate	delete foo from unsharded as foo join (select id from unsharded as a join unsharded_b as b on a.user_id = b.user_id) as keepers on foo.id = keepers.id where keepers.id is null and foo.col is not null and foo.col < 1000 /* INT64 */	same	e0eb28784c58ece04f8d7c2a9e09e9b393fd48d09cb4d91f851970f0f48b4be8	e0eb28784c58ece04f8d7c2a9e09e9b393fd48d09cb4d91f851970f0f48b4be8		
d766197276d8b830	query	dynamic:vitess;dynamic:vtgate	select sum(intcol) over (order by Id asc) from `user` limit 10001	same	5858cb6eaf61620daeda8ec0504a08b3cc8dd205108fa00562b4862bfa86a127	5858cb6eaf61620daeda8ec0504a08b3cc8dd205108fa00562b4862bfa86a127		
d78e1544a8fc3fa5	query	dynamic:vitess;dynamic:keyspace-vschema;dynamic:movetables;dynamic:onlineddl	SELECT `oid`, `col1` FROM `vt_commerce`.`sales` WHERE 1 != 1	same	d0f3ce0dbc7d53259dbfd6f5be38be2c8a8c238c3223f3c730d912147caa34f5	d0f3ce0dbc7d53259dbfd6f5be38be2c8a8c238c3223f3c730d912147caa34f5		
d7db14ac0b98df59	query	dynamic:vitess;dynamic:vtgate	select music.id from music where music.id in (select music.id from music where music.genre = 'pop' group by music.genre) limit 10001	same	a9ebc077a1fa73f7d4bcd5f5168ca8e4219309ffae9566026486841448fcf937	a9ebc077a1fa73f7d4bcd5f5168ca8e4219309ffae9566026486841448fcf937		
d7e93a38843af455	query	dynamic:vitess;dynamic:vtgate	select col from `user` where id = 1 or id = 2 or (id = 3 or id = 4) limit 10001	same	db6eafe6e00c4eca41cb4f828cab78210badd351516bf7feeec9b582b870f952	db6eafe6e00c4eca41cb4f828cab78210badd351516bf7feeec9b582b870f952		
d7f2ba00012175d5	query	dynamic:vitess;dynamic:vtgate	select id from `user` where exists (select 1 from `user`) limit 10001	same	a9ebc077a1fa73f7d4bcd5f5168ca8e4219309ffae9566026486841448fcf937	a9ebc077a1fa73f7d4bcd5f5168ca8e4219309ffae9566026486841448fcf937		
d842cb4a35ac0f6f	query	dynamic:vitess;dynamic:vtgate	select row_number() over () from `user` where Id = 1 limit 10001 /* INT64 */	same	4d4cb75bb8147231ce2f0e90dad132530dadfe0a8cf8150ce9d2ecbc23f71333	4d4cb75bb8147231ce2f0e90dad132530dadfe0a8cf8150ce9d2ecbc23f71333		
d8452068bef5d0e1	query	dynamic:vitess;dynamic:vtgate	select (select 1 from `user` as u1 join `user` as u2 on u1.id = u2.id and u1.id = u3.id) as subquery from `user` as u3 where u3.id = 1 limit 10001 /* INT64 */	same	6cee0ea7752ee3fd4e15f525089c04511e541242780e3de5ea2f2eff2f6ca206	6cee0ea7752ee3fd4e15f525089c04511e541242780e3de5ea2f2eff2f6ca206		
d846dcbbf25727a6	query	dynamic:vitess;dynamic:vtgate	select u.a from (select id as b, `name` from `user` where b = 1) as u(a, n) where u.n = 1 limit 10001 /* INT64 */	same	10aba574287a88a84d8597b32b0181bcb60ec5735eb5b43a7e5e0a83088b845a	10aba574287a88a84d8597b32b0181bcb60ec5735eb5b43a7e5e0a83088b845a		
d851659f5741abd1	query	dynamic:vitess;dynamic:vtgate	update `user` set val = 1 where id = id2 and id = 1 limit 10001 /* INT64 */	same	10aba574287a88a84d8597b32b0181bcb60ec5735eb5b43a7e5e0a83088b845a	10aba574287a88a84d8597b32b0181bcb60ec5735eb5b43a7e5e0a83088b845a		
d859bcd2e574b575	query	dynamic:vitess;dynamic:vtgate	with count_a as (select count(id) as num from unsharded_a) , count_b as (select count(id) as num from unsharded_b) select 'count_a' as tab, num from count_a union select 'count_b' as tab, num from count_b limit 10001	same	d9bd83c3e10c3604b90d5754c1211da4887b2ea267f2bcd6609a879b528f7d7b	d9bd83c3e10c3604b90d5754c1211da4887b2ea267f2bcd6609a879b528f7d7b		
d85bcef45a12ebd8	query	dynamic:vitess;dynamic:vtgate	select count(*) from (select user_id, count(id) from music group by user_id having count(user_id) = 1) as t limit 10001	same	f5f2e8e184b1f05d704fa35b28a6186ae3b7763d883a6adce67fba3e32d54b73	f5f2e8e184b1f05d704fa35b28a6186ae3b7763d883a6adce67fba3e32d54b73		
d8682d53c3804c5d	query	dynamic:vitess;dynamic:vtgate	with t as (select `user`.col as col, 32 from `user` join user_extra) select sum(col) from t limit 10001	same	9b278e34ff55db7b56360aaecae4112ae7aa37a4faa02127f358898631596f51	9b278e34ff55db7b56360aaecae4112ae7aa37a4faa02127f358898631596f51		
d8e398f8264e1000	query	dynamic:vitess;dynamic:vtgate	select 1 from (select 1 as x from dual) as ue left join `user` as u on u.id = ue.x limit 10001	same	76c3a6d00920488dab4291658195b6104846950543792ca9df4108af822fe787	76c3a6d00920488dab4291658195b6104846950543792ca9df4108af822fe787		
d8e6dedd8e2462f2	query	dynamic:vitess;dynamic:vtgate	select count(*) as a from `user` having a >= 10 limit 10001 /* INT64 */	same	c16efd54c1514677f95efeafe4168cfee72e76894a10d9d79a7a32f4ba8d0d16	c16efd54c1514677f95efeafe4168cfee72e76894a10d9d79a7a32f4ba8d0d16		
d8f75119b15d2225	query	dynamic:vitess;dynamic:vtgate	select `user`.col from `user` join (`user` as u1 join unsharded) limit 10001	same	db6eafe6e00c4eca41cb4f828cab78210badd351516bf7feeec9b582b870f952	db6eafe6e00c4eca41cb4f828cab78210badd351516bf7feeec9b582b870f952		
d9360755c857ba88	query	dynamic:vitess;dynamic:vtgate	select m1.col from unsharded as m1 straight_join unsharded as m2 limit 10001	same	db6eafe6e00c4eca41cb4f828cab78210badd351516bf7feeec9b582b870f952	db6eafe6e00c4eca41cb4f828cab78210badd351516bf7feeec9b582b870f952		
d93958ed53e51f82	query	dynamic:vitess;dynamic:vtgate	select id, count(*) from route2 group by id limit 10001	same	99cadf2aabf25ade2defd6c9047547939765b0d07a7f2ddb7379dccb3c649ce1	99cadf2aabf25ade2defd6c9047547939765b0d07a7f2ddb7379dccb3c649ce1		
d9bb47f51703bb61	query	dynamic:vitess;dynamic:vtgate	select id, from_unixtime(min(col)) as col from `user` group by id order by min(col) asc limit 10001	same	819459d7f055db99a46dbad539b7c66e07f3f7fad16c181c63414e700853a401	819459d7f055db99a46dbad539b7c66e07f3f7fad16c181c63414e700853a401		
d9e82d319fc5138e	query	dynamic:vitess;dynamic:vtgate	select music.id from music where music.id in (select * from (select music.id from music where music.user_id in (1, 2, 3) and 1 = 0 and music.col1 = 'bar' limit 0, 100) as _inner) limit 10001	same	a9ebc077a1fa73f7d4bcd5f5168ca8e4219309ffae9566026486841448fcf937	a9ebc077a1fa73f7d4bcd5f5168ca8e4219309ffae9566026486841448fcf937		
da39c985881a1520	query	dynamic:vitess;dynamic:vtgate	select id1 from `user` where id = (select id2 from `user` where id2 in (select id3 from `user`)) limit 10001	same	4c0de2645b6fb346981e80bff5f59ae10377878d7151526bf42aa4ea8e5f6982	4c0de2645b6fb346981e80bff5f59ae10377878d7151526bf42aa4ea8e5f6982		
da3a839c5781b865	query	dynamic:vitess;dynamic:vtgate	update `user` as u, user_extra as ue set u.col = ue.col where u.id = ue.id	same	0f444752ba32ebf169f55f78a7bd9ac9f75cd15e3f615ce1f6c156bdefbba6d3	0f444752ba32ebf169f55f78a7bd9ac9f75cd15e3f615ce1f6c156bdefbba6d3		
da448e6cbf6e4501	query	dynamic:vitess;dynamic:vtgate	delete u from `user` as u join ref_with_source as r on u.col = r.col	same	99cadf2aabf25ade2defd6c9047547939765b0d07a7f2ddb7379dccb3c649ce1	99cadf2aabf25ade2defd6c9047547939765b0d07a7f2ddb7379dccb3c649ce1		
da476c6713727ec4	query	dynamic:vitess;dynamic:vtgate	select greatest(sum(`user`.foo), sum(user_extra.bar)) from `user` join user_extra on `user`.col = user_extra.col limit 10001	same	10aba574287a88a84d8597b32b0181bcb60ec5735eb5b43a7e5e0a83088b845a	10aba574287a88a84d8597b32b0181bcb60ec5735eb5b43a7e5e0a83088b845a		
da489a7a1ff5fd60	query	dynamic:vitess;dynamic:vtgate	select * from route1 limit 10001	same	99cadf2aabf25ade2defd6c9047547939765b0d07a7f2ddb7379dccb3c649ce1	99cadf2aabf25ade2defd6c9047547939765b0d07a7f2ddb7379dccb3c649ce1		
da546effaeea9e68	query	dynamic:vitess;dynamic:vtgate	update multicolvin set column_b = 1, column_c = 2 where kid = 1 limit 10001 /* INT64 */	same	0f444752ba32ebf169f55f78a7bd9ac9f75cd15e3f615ce1f6c156bdefbba6d3	0f444752ba32ebf169f55f78a7bd9ac9f75cd15e3f615ce1f6c156bdefbba6d3		
da6e36cccc50c7da	query	dynamic:vitess;dynamic:vtgate	select * from (select id from `user` union select id + 1 from `user` union select user_id from user_extra) as t limit 10001	same	a9ebc077a1fa73f7d4bcd5f5168ca8e4219309ffae9566026486841448fcf937	a9ebc077a1fa73f7d4bcd5f5168ca8e4219309ffae9566026486841448fcf937		
da99b169caf8e843	query	dynamic:vitess;dynamic:vtgate	select o_year, sum(case when nation = 'BRAZIL' then volume else 0 end) / sum(volume) as mkt_share from (select extract(year from o_orderdate) as o_year, l_extendedprice * (1 - l_discount) as volume, n2.n_name as nation from part, supplier, lineitem, orders, customer, nation as n1, nation as n2, region where p_partkey = l_partkey and s_suppkey = l_suppkey and l_orderkey = o_orderkey and o_custkey = c_custkey and c_nationkey = n1.n_nationkey and n1.n_regionkey = r_regionkey and r_name = 'AMERICA' and s_nationkey = n2.n_nationkey and o_orderdate between cast('1995-01-01' as DATE) and date('1996-12-31') and p_type = 'ECONOMY ANODIZED STEEL') as all_nations group by o_year order by o_year asc limit 10001	same	99cadf2aabf25ade2defd6c9047547939765b0d07a7f2ddb7379dccb3c649ce1	99cadf2aabf25ade2defd6c9047547939765b0d07a7f2ddb7379dccb3c649ce1		
db10791ad69aa7f2	query	dynamic:vitess;dynamic:vtgate	select id from `user` where (`name`, col) in (('aa', 'bb'), ('cc', 'dd')) limit 10001	same	e3d2894c539aabc78562a039dde5d1a3f05f74e12b311f4356d73698b715a692	e3d2894c539aabc78562a039dde5d1a3f05f74e12b311f4356d73698b715a692		
db1280837e222cd5	query	dynamic:vitess;dynamic:vtgate	insert into `user` values ()	same	e937c7864416f6658f75b90d8b6b4f2ce87ff06b124ba43d58137f961d8dfe88	e937c7864416f6658f75b90d8b6b4f2ce87ff06b124ba43d58137f961d8dfe88		
db193fb87f2d8f6c	query	dynamic:vitess;dynamic:vtgate	with t as (select id + col as foo from route1) select id from t where foo = 5 limit 10001 /* INT64 */	same	99cadf2aabf25ade2defd6c9047547939765b0d07a7f2ddb7379dccb3c649ce1	99cadf2aabf25ade2defd6c9047547939765b0d07a7f2ddb7379dccb3c649ce1		
db7fa2d0c3df62d5	query	dynamic:vitess;dynamic:vtgate	select * from authoritative join unsharded_authoritative using (col1) limit 10001	same	99cadf2aabf25ade2defd6c9047547939765b0d07a7f2ddb7379dccb3c649ce1	99cadf2aabf25ade2defd6c9047547939765b0d07a7f2ddb7379dccb3c649ce1		
db862369efe60c0b	query	dynamic:vitess;dynamic:vtgate	select sum(intcol) over (partition by textcol1) as s from `user` limit 10001	same	1435ac70364e9cc0bec27ee25ae61eb84dabc5a9f029488429038eafaff3a239	1435ac70364e9cc0bec27ee25ae61eb84dabc5a9f029488429038eafaff3a239		
db8d820560e4b15a	query	dynamic:vitess;dynamic:vtgate	select distinct col1, col2 from `user` group by col1, col2 limit 10001	same	87cc68477c78e3d99c5c53ff5b3df766f1a7a9e6afaa9285c75b27c37bcfff0c	87cc68477c78e3d99c5c53ff5b3df766f1a7a9e6afaa9285c75b27c37bcfff0c		
db9456eda7df4dab	query	dynamic:vitess;dynamic:vtgate;dynamic:2pc	select count(*) from shopper limit 10001	same	99cadf2aabf25ade2defd6c9047547939765b0d07a7f2ddb7379dccb3c649ce1	99cadf2aabf25ade2defd6c9047547939765b0d07a7f2ddb7379dccb3c649ce1		
dc16860830faeb77	query	dynamic:vitess;dynamic:vtgate	select json_quote('null'), json_quote('"null"'), json_object(BIN(1), 2, 'abc', ASCII(4)), json_array(1, 'abc', null, true, curtime()) from dual limit 10001	same	4ab132f37949a936b8c2a5002049283848290e4250af9657823cd8835af22198	4ab132f37949a936b8c2a5002049283848290e4250af9657823cd8835af22198	volatile on the reference: compared by shape	
dc862b50f31d68c7	query	dynamic:vitess;dynamic:vtgate	insert into `user`(id) select id from `user`	same	0f444752ba32ebf169f55f78a7bd9ac9f75cd15e3f615ce1f6c156bdefbba6d3	0f444752ba32ebf169f55f78a7bd9ac9f75cd15e3f615ce1f6c156bdefbba6d3		
dcf51b457b86f63e	query	dynamic:vitess;dynamic:vtgate	select s_acctbal, s_name, n_name, p_partkey, p_mfgr, s_address, s_phone, s_comment from part, supplier, partsupp, nation, region where p_partkey = ps_partkey and s_suppkey = ps_suppkey and p_size = 15 and p_type like '%BRASS' and s_nationkey = n_nationkey and n_regionkey = r_regionkey and r_name = 'EUROPE' and ps_supplycost = (select min(ps_supplycost) from partsupp, supplier, nation, region where p_partkey = ps_partkey and s_suppkey = ps_suppkey and s_nationkey = n_nationkey and n_regionkey = r_regionkey and r_name = 'EUROPE') order by s_acctbal desc, n_name asc, s_name asc, p_partkey asc limit 10 /* INT64 */	same	99cadf2aabf25ade2defd6c9047547939765b0d07a7f2ddb7379dccb3c649ce1	99cadf2aabf25ade2defd6c9047547939765b0d07a7f2ddb7379dccb3c649ce1		
dd0bde0f8653d2f2	query	dynamic:vitess;dynamic:vtgate	select val1, count(*) from (select id, val1 from `user` where val2 < 4 order by val1 asc limit 2) as x group by val1 limit 10001	same	10aba574287a88a84d8597b32b0181bcb60ec5735eb5b43a7e5e0a83088b845a	10aba574287a88a84d8597b32b0181bcb60ec5735eb5b43a7e5e0a83088b845a		
dd6aa9ccd2d411d3	query	dynamic:vitess;dynamic:vtgate	select * from `user` where id1 = 4 and name1 = 'abc' limit 5 /* INT64 */	same	10aba574287a88a84d8597b32b0181bcb60ec5735eb5b43a7e5e0a83088b845a	10aba574287a88a84d8597b32b0181bcb60ec5735eb5b43a7e5e0a83088b845a		
dd880cc8c60d1459	query	dynamic:vitess;dynamic:vtgate	update customer1 set c_balance = 508.98, c_ytd_payment = 48941.980301 where c_w_id = 20 and c_d_id = 387 and c_id = 98 /* INT64 */	same	99cadf2aabf25ade2defd6c9047547939765b0d07a7f2ddb7379dccb3c649ce1	99cadf2aabf25ade2defd6c9047547939765b0d07a7f2ddb7379dccb3c649ce1		
dd9840134474faff	query	dynamic:vitess;dynamic:vtgate	select count(*) from `user` left join music on `user`.foo = music.bar group by `user`.col limit 10001	same	10aba574287a88a84d8597b32b0181bcb60ec5735eb5b43a7e5e0a83088b845a	10aba574287a88a84d8597b32b0181bcb60ec5735eb5b43a7e5e0a83088b845a		
de11a6b146756c4c	query	dynamic:vitess;dynamic:vtgate	delete from `user` where `name` = _binary 'abc' limit 10001 /* VARCHAR */	same	0f444752ba32ebf169f55f78a7bd9ac9f75cd15e3f615ce1f6c156bdefbba6d3	0f444752ba32ebf169f55f78a7bd9ac9f75cd15e3f615ce1f6c156bdefbba6d3		
de1be29c7157af82	query	dynamic:vitess;dynamic:vtgate	update `user` as u, user_extra as ue set u.`name` = 'foo' where u.id = ue.id	same	0f444752ba32ebf169f55f78a7bd9ac9f75cd15e3f615ce1f6c156bdefbba6d3	0f444752ba32ebf169f55f78a7bd9ac9f75cd15e3f615ce1f6c156bdefbba6d3		
de580305a26d03d6	query	dynamic:vitess;dynamic:vtgate	select * from `user` where id = 5 order by -col1 asc limit 10001	same	dbbd5ce79dcb2e3b1da74450edf825900a6d7f5c08d9585c23d5d1a2c88c4548	dbbd5ce79dcb2e3b1da74450edf825900a6d7f5c08d9585c23d5d1a2c88c4548		
de979dfe4b733063	query	dynamic:vitess;dynamic:vtgate	with recursive emp_cte as (select id, 1 as `level` from `user` where manager_id is null and id = 6 union all select e.id, cte.`level` + 1 from `user` as e join emp_cte as cte on e.manager_id = cte.id and e.id = 6) select * from emp_cte limit 10001	same	10aba574287a88a84d8597b32b0181bcb60ec5735eb5b43a7e5e0a83088b845a	10aba574287a88a84d8597b32b0181bcb60ec5735eb5b43a7e5e0a83088b845a		
defa4ea4f68c2329	query	dynamic:vitess;dynamic:vtgate	delete from `user` where 1 = 0 limit 10001 /* INT64 */	same	0f444752ba32ebf169f55f78a7bd9ac9f75cd15e3f615ce1f6c156bdefbba6d3	0f444752ba32ebf169f55f78a7bd9ac9f75cd15e3f615ce1f6c156bdefbba6d3		
df633c1bde70d686	query	dynamic:vitess;dynamic:vtgate	with a as (select `user`.col, user_extra.extra from `user` join user_extra on `user`.id = user_extra.user_id order by user_extra.extra asc) select count(*) from a limit 10001	same	10aba574287a88a84d8597b32b0181bcb60ec5735eb5b43a7e5e0a83088b845a	10aba574287a88a84d8597b32b0181bcb60ec5735eb5b43a7e5e0a83088b845a		
dfaa6c8987288ee5	query	dynamic:vitess;dynamic:vtgate	select id from `user` where database() limit 10001	same	3487b1f38613837bb756af636f61d1403996c1508435863d127fc5976679780c	3487b1f38613837bb756af636f61d1403996c1508435863d127fc5976679780c		
dfce0a524873a150	query	dynamic:vitess;dynamic:vtgate	select (select count(*) from `user`) + (select count(*) from user_extra) from dual limit 10001	same	30a3b8aa02d0839ab389830b245a029f005bd9d129bd734b892a6b57e8760538	30a3b8aa02d0839ab389830b245a029f005bd9d129bd734b892a6b57e8760538		
e0051322df9bf5c5	query	dynamic:vitess;dynamic:vtgate	select Id, col, row_number() over (partition by Id order by col asc) as rn from `user` where Id = 1 union all select 0 as Id, col, row_number() over (order by col asc) as rn from unsharded_a limit 10001	same	a9ffc0a656592d5d8ab5eb187bceedc0d67ebb0883fc2d5e1a1c2f9c0426e0b9	a9ffc0a656592d5d8ab5eb187bceedc0d67ebb0883fc2d5e1a1c2f9c0426e0b9		
e048f412f758ed1e	query	dynamic:vitess;dynamic:vtgate	select id, b as id, count(*) from `user` order by id asc limit 10001	same	10aba574287a88a84d8597b32b0181bcb60ec5735eb5b43a7e5e0a83088b845a	10aba574287a88a84d8597b32b0181bcb60ec5735eb5b43a7e5e0a83088b845a		
e05fa371f01530c7	query	dynamic:vitess;dynamic:vtgate	select * from multicol_tbl where cola in (1, 10) and cola = 4 and colb in (5, 6) and colb = 7 limit 10001 /* INT64 */	same	d03d99ce2dc026281aa99ec0faf68505d0480f9543e1d1d5ca18ccdf78935e88	d03d99ce2dc026281aa99ec0faf68505d0480f9543e1d1d5ca18ccdf78935e88		
e0799a924f9a93f6	query	dynamic:vitess;dynamic:vtgate	with u as (select colA + colB as foo from `user`) , t as (select foo + 4 as bar from u) select bar from t where bar = 5 limit 10001 /* INT64 */	same	10aba574287a88a84d8597b32b0181bcb60ec5735eb5b43a7e5e0a83088b845a	10aba574287a88a84d8597b32b0181bcb60ec5735eb5b43a7e5e0a83088b845a		
e08366091c58d723	query	dynamic:vitess;dynamic:vtgate	select group_concat(user_id order by `name` asc), id from `user` group by id limit 10001	same	e4956e1ededef8063d706d7f9d623e95ef98073ab2710edf7695b1511414e08e	e4956e1ededef8063d706d7f9d623e95ef98073ab2710edf7695b1511414e08e		
e08b7d2216994f2d	query	dynamic:vitess;dynamic:vtgate	select json_contains('{"a": 1, "b": 2, "c": {"d": 4}}', '1'), json_contains_path('{"a": 1, "b": 2, "c": {"d": 4}}', 'one', '$.a', '$.e'), json_extract('[10, 20, [30, 40]]', '$[1]'), json_unquote(json_extract('["a","b"]', '$[1]')), json_keys('{"a": 1, "b": {"c": 30}}'), json_overlaps('[1,3,5,7]', '[2,5,7]'), json_search('["abc"]', 'one', 'abc'), json_value('{"fname": "Joe", "lname": "Palmer"}', '$.fname'), json_array(4, 5) member of ('[[3,4],[4,5]]') from dual limit 10001	same	14159d67dfcea91debb6870ab8c9a77c1edf6fc2e8a2297a627ba48a9bf46044	14159d67dfcea91debb6870ab8c9a77c1edf6fc2e8a2297a627ba48a9bf46044		
e0ac1cddaee9f42b	query	dynamic:vitess;dynamic:vtgate	select user_id, dense_rank() over (partition by user_id order by col1 asc) as dr from authoritative limit 10001	same	ab3fb0bd5f98c0880443fe7246ad4e574c2c2cca80136517e72bc53e945a69b7	ab3fb0bd5f98c0880443fe7246ad4e574c2c2cca80136517e72bc53e945a69b7		
e0ae8f8f1d89c1cf	query	dynamic:vitess;dynamic:vtgate	select e.Id, e.`Name`, s.intcol, row_number() over (partition by e.Id order by s.`Name` desc) as name_rank from `user` as e, `user` as s where e.Id = 1 and s.Id = 1 limit 10001 /* INT64 */	same	ee5bd9eec57d6805879e2e2379548d458ed34469bf9be78c88a67c14d053fd2f	ee5bd9eec57d6805879e2e2379548d458ed34469bf9be78c88a67c14d053fd2f		
e0cac4e0b5622afe	query	dynamic:vitess;dynamic:vtgate	select shopper_id, count(*) from corder group by shopper_id having count(*) >= 1 order by 1 asc limit 3 /* INT64 */	same	99cadf2aabf25ade2defd6c9047547939765b0d07a7f2ddb7379dccb3c649ce1	99cadf2aabf25ade2defd6c9047547939765b0d07a7f2ddb7379dccb3c649ce1		
e0e6de13a58ea42e	query	dynamic:vitess;dynamic:vtgate	update unsharded as foo left join (select id from unsharded where col is not null order by col desc limit 10) as keepers on foo.id = keepers.id set col1 = 'asdf' where keepers.id is null and foo.col is not null and foo.col < 1000 /* INT64 */	same	0f444752ba32ebf169f55f78a7bd9ac9f75cd15e3f615ce1f6c156bdefbba6d3	0f444752ba32ebf169f55f78a7bd9ac9f75cd15e3f615ce1f6c156bdefbba6d3		
e13c68321fecad5b	query	dynamic:vitess;dynamic:vtgate	select col from (select col, intcol from `user` group by 1, 2) as t group by 1 limit 10001	same	db6eafe6e00c4eca41cb4f828cab78210badd351516bf7feeec9b582b870f952	db6eafe6e00c4eca41cb4f828cab78210badd351516bf7feeec9b582b870f952		
e1c70b85d3989829	query	dynamic:vitess;dynamic:vtgate	update district1 set d_ytd = d_ytd + 2 where d_w_id = 89 and d_id = 9 /* INT64 */	same	99cadf2aabf25ade2defd6c9047547939765b0d07a7f2ddb7379dccb3c649ce1	99cadf2aabf25ade2defd6c9047547939765b0d07a7f2ddb7379dccb3c649ce1		
e1fcf5851580ca81	query	dynamic:vitess;dynamic:vtgate	select id from music where music.user_id in (1) union select id from music where music.user_id = 1 limit 10001 /* INT64 */	same	a9ebc077a1fa73f7d4bcd5f5168ca8e4219309ffae9566026486841448fcf937	a9ebc077a1fa73f7d4bcd5f5168ca8e4219309ffae9566026486841448fcf937		
e29fc053dfb56854	query	dynamic:vitess;dynamic:vtgate	with X as (select distinct count(*) from `user`) select distinct count(*) from X limit 10001	same	1b17a7aa8e3682ff702d306b9266bd971ae6e8593fe8d3f971cd9e2753b7e34e	1b17a7aa8e3682ff702d306b9266bd971ae6e8593fe8d3f971cd9e2753b7e34e		
e31b55bd7358d4fe	query	dynamic:vitess;dynamic:vtgate	delete from order_line1 where ol_w_id = 178 and ol_d_id = 1 and ol_o_id = 84 /* INT64 */	same	99cadf2aabf25ade2defd6c9047547939765b0d07a7f2ddb7379dccb3c649ce1	99cadf2aabf25ade2defd6c9047547939765b0d07a7f2ddb7379dccb3c649ce1		
e343d89e6beae835	query	dynamic:vitess;dynamic:vtgate	select *, 0 as `last_insert_id()` from music where user_id = 1 union select * from `user` where id = 1 limit 10001 /* INT64 */	same	4d77967280c0ab7ae849b265e677484605854c3e5f68e54d0aed3ac165e6502a	4d77967280c0ab7ae849b265e677484605854c3e5f68e54d0aed3ac165e6502a		
e3791e434d9053de	query	dynamic:vitess;dynamic:vtgate	update stock1 set s_quantity = 894 where s_i_id = 156 and s_w_id = 6 /* INT64 */	same	99cadf2aabf25ade2defd6c9047547939765b0d07a7f2ddb7379dccb3c649ce1	99cadf2aabf25ade2defd6c9047547939765b0d07a7f2ddb7379dccb3c649ce1		
e37c5e87519ae5bd	query	dynamic:vitess;dynamic:vtgate	select c_first, c_middle, c_last, c_street_1, c_street_2, c_city, c_state, c_zip, c_phone, c_credit, c_credit_lim, c_discount, c_balance, c_ytd_payment, c_since from customer1 where c_w_id = 8965 and c_d_id = 1 and c_id = 9 limit 10001 for update	same	99cadf2aabf25ade2defd6c9047547939765b0d07a7f2ddb7379dccb3c649ce1	99cadf2aabf25ade2defd6c9047547939765b0d07a7f2ddb7379dccb3c649ce1		
e3a25b61917b7600	query	dynamic:vitess;dynamic:vtgate	select * from (select foo from `user` where bar = 12 union select foo from `user` where bar = 134) as t1 join (select bar from music where foo = 12 union select bar from music where foo = 1234) as t2 on t1.foo = t2.bar limit 10001	same	10aba574287a88a84d8597b32b0181bcb60ec5735eb5b43a7e5e0a83088b845a	10aba574287a88a84d8597b32b0181bcb60ec5735eb5b43a7e5e0a83088b845a		
e3eb743923f87a03	query	dynamic:vitess;dynamic:keyspace-vschema	CREATE TABLE music\n(\n    user_id   INT,\n    id        INT,\n    col       VARCHAR(255),\n    col1      VARCHAR(255),\n    col2      VARCHAR(255),\n    genre     VARCHAR(255),\n    componist VARCHAR(255),\n    PRIMARY KEY (user_id)\n)	same	c86cf46a097faa769bb9da422e97d2acd3b690d4474790a9fb11c536dd793b1d	c86cf46a097faa769bb9da422e97d2acd3b690d4474790a9fb11c536dd793b1d	replayed in an empty database: the object exists in the captured schema; volatile on the reference: compared by shape	
e3f0993eead4d38f	query	dynamic:vitess;dynamic:vtgate	select col from `user` where id = (select id from route1 where route1.id = `user`.id) limit 10001	same	99cadf2aabf25ade2defd6c9047547939765b0d07a7f2ddb7379dccb3c649ce1	99cadf2aabf25ade2defd6c9047547939765b0d07a7f2ddb7379dccb3c649ce1		
e3f590e452c21dc7	query	dynamic:vitess;dynamic:vtgate	update `user` set `name` = null where id = 1 limit 10001 /* INT64 */	same	0f444752ba32ebf169f55f78a7bd9ac9f75cd15e3f615ce1f6c156bdefbba6d3	0f444752ba32ebf169f55f78a7bd9ac9f75cd15e3f615ce1f6c156bdefbba6d3		
e472b3067ca6f153	query	dynamic:vitess;dynamic:vtgate	select id from `user` union select 3 from dual limit 10 /* INT64 */	same	36cb6b828ac29032c2b45d9cd63aab0c0161c08a7f517c7fc9800512c030e822	36cb6b828ac29032c2b45d9cd63aab0c0161c08a7f517c7fc9800512c030e822		
e47cc9b14d6621dc	query	dynamic:vitess;dynamic:vtgate	select col from unsharded limit 10001	same	db6eafe6e00c4eca41cb4f828cab78210badd351516bf7feeec9b582b870f952	db6eafe6e00c4eca41cb4f828cab78210badd351516bf7feeec9b582b870f952		
e4f61a9908f73097	query	dynamic:vitess;dynamic:vtgate	select id from `user` where (col1, `name`) in (select * from music where music.user_id = `user`.id) limit 10001	same	86801ab58285fc896643f29521f4bf46126a9347af4dfb7b754d09996e247c67	86801ab58285fc896643f29521f4bf46126a9347af4dfb7b754d09996e247c67		
e509f53c8a1ac937	query	dynamic:vitess;dynamic:vtgate	select id from `user` where `user`.col = false and `user`.id in (1, 2) and `user`.`name` = 'aa' limit 10001 /* VARCHAR */	same	a9ebc077a1fa73f7d4bcd5f5168ca8e4219309ffae9566026486841448fcf937	a9ebc077a1fa73f7d4bcd5f5168ca8e4219309ffae9566026486841448fcf937		
e5973031a4828b3e	query	dynamic:vitess;dynamic:vtgate	select * from route1 as a limit 10001	same	99cadf2aabf25ade2defd6c9047547939765b0d07a7f2ddb7379dccb3c649ce1	99cadf2aabf25ade2defd6c9047547939765b0d07a7f2ddb7379dccb3c649ce1		
e5e4a700efdbe833	query	dynamic:vitess;dynamic:vtgate	with recursive cte(n) as (select 1 from dual union all select n + 1 from cte where n < 5) select n from cte limit 10001	same	18d0c9c6d86f1dc1e49f27a2755419fd61f49ac16abc4ad5a2bf6e0a401b27e9	18d0c9c6d86f1dc1e49f27a2755419fd61f49ac16abc4ad5a2bf6e0a401b27e9		
e603dd996832c27e	query	dynamic:vitess;dynamic:vtgate	select json_array_append('{"a": 1}', '$', 'z'), json_array_insert('["a", {"b": [1, 2]}, [3, 4]]', '$[0]', 'x', '$[2][1]', 'y'), json_insert('{ "a": 1, "b": [2, 3]}', '$.a', 10, '$.c', cast('[true, false]' as JSON)) from dual limit 10001	same	4ca5b943f9875f2c025dbe9118afa20b9233fd3812087d77700aaf5596815444	4ca5b943f9875f2c025dbe9118afa20b9233fd3812087d77700aaf5596815444		
e61ec07acfc0389a	query	dynamic:vitess;dynamic:vtgate	delete from unsharded where col = (select id from `user`) limit 10001	same	0f444752ba32ebf169f55f78a7bd9ac9f75cd15e3f615ce1f6c156bdefbba6d3	0f444752ba32ebf169f55f78a7bd9ac9f75cd15e3f615ce1f6c156bdefbba6d3		
e66104704ef2bdf0	query	dynamic:vitess;dynamic:vtgate	delete u from `user` as u join music as m on u.col = m.col join user_extra as ue on m.user_id = ue.user_id where ue.foo = 20 and u.col = 30 and m.bar = 40 /* INT64 */	same	10aba574287a88a84d8597b32b0181bcb60ec5735eb5b43a7e5e0a83088b845a	10aba574287a88a84d8597b32b0181bcb60ec5735eb5b43a7e5e0a83088b845a		
e6aed5fda8e7652e	query	dynamic:vitess;dynamic:vtgate	select `user`.col from `user` join user_extra on `user`.id = 5 limit 10001 /* INT64 */	same	db6eafe6e00c4eca41cb4f828cab78210badd351516bf7feeec9b582b870f952	db6eafe6e00c4eca41cb4f828cab78210badd351516bf7feeec9b582b870f952		
e6cc6d232517f94d	query	dynamic:vitess;dynamic:vtgate	select id from `user` where (`name`, costly) in (('aa', 'bb'), ('cc', 'dd')) limit 10001	same	a9ebc077a1fa73f7d4bcd5f5168ca8e4219309ffae9566026486841448fcf937	a9ebc077a1fa73f7d4bcd5f5168ca8e4219309ffae9566026486841448fcf937		
e6d1b4369b812e88	query	dynamic:vitess;dynamic:vtgate	select music.id from music where music.id in (select music.id from music where music.user_id in (1, 2, 3)) or music.user_id = 5 limit 10001 /* INT64 */	same	a9ebc077a1fa73f7d4bcd5f5168ca8e4219309ffae9566026486841448fcf937	a9ebc077a1fa73f7d4bcd5f5168ca8e4219309ffae9566026486841448fcf937		
e6d442df8a6abfe5	query	dynamic:vitess;dynamic:vtgate	with t as (select `user`.id, `user`.col1 from `user` join user_extra) select t.col1 from t join unsharded on unsharded.col1 = t.col1 and unsharded.id = t.id limit 10001	same	4fc686edf10f246477a969a4c12a0dfbd59b56bcfc93b7f3dc0a5b7d688d16da	4fc686edf10f246477a969a4c12a0dfbd59b56bcfc93b7f3dc0a5b7d688d16da		
e6dd9b014bda29cd	query	dynamic:vitess;dynamic:vtgate	select min(textcol1), max(textcol2), sum(distinct textcol1), count(distinct textcol1) from `user` limit 10001	same	4b68658bd8169f45b5bf14a1a809ab2bced598048fdd8a5b79e5bf05e355b7da	4b68658bd8169f45b5bf14a1a809ab2bced598048fdd8a5b79e5bf05e355b7da		
e6ef57c66b040f8e	query	dynamic:vitess;dynamic:vtgate	select * from customer where phone = 123456 and email = 'a@mail.com' limit 10001 /* VARCHAR */	same	6ce12402c6b4eb8f0976957047491b41fcf6436840a281b9a7ad14502445595c	6ce12402c6b4eb8f0976957047491b41fcf6436840a281b9a7ad14502445595c		
e71af362e73e68bc	query	dynamic:vitess;dynamic:vtgate	insert into `user`(pattern) select 1 from dual	same	10aba574287a88a84d8597b32b0181bcb60ec5735eb5b43a7e5e0a83088b845a	10aba574287a88a84d8597b32b0181bcb60ec5735eb5b43a7e5e0a83088b845a		
e73429d3d14bd2ba	query	dynamic:vitess;dynamic:vtgate	select Id, intcol, row_number() over (order by intcol asc) as rn from `user` union all select Id, intcol, row_number() over (order by intcol asc) as rn from `user` limit 10001	same	ccc43616f6a8722a8ac345485908d903cdb5f4c6f2949482e719dac11e29e251	ccc43616f6a8722a8ac345485908d903cdb5f4c6f2949482e719dac11e29e251		
e74ac9f1cc452e50	query	dynamic:vitess;dynamic:vtgate	with t as (select `user`.id from `user` join user_extra) select id, t.id from t limit 10001	same	11f83dca92c93cd8492512e1ae7c3fb0e056c89dade73d89f5cb5fdcf32a5a4f	11f83dca92c93cd8492512e1ae7c3fb0e056c89dade73d89f5cb5fdcf32a5a4f		
e76493f943598fc3	query	dynamic:vitess;dynamic:vtgate	select id from `user` where (col, costly) in (('aa', 'bb')) and (col, `name`) in (('cc', 'dd')) limit 10001	same	e3d2894c539aabc78562a039dde5d1a3f05f74e12b311f4356d73698b715a692	e3d2894c539aabc78562a039dde5d1a3f05f74e12b311f4356d73698b715a692		
e78cd1a15a147bae	query	dynamic:vitess;dynamic:vtgate	select col1, count(*) as a from `user` group by col1 having a <= 10 limit 10001 /* INT64 */	same	e2efb51323bddada8704eb82252b7e3af2ef69f90f8bd3146d2416068e4ae62b	e2efb51323bddada8704eb82252b7e3af2ef69f90f8bd3146d2416068e4ae62b		
e7cfd0da95d54f84	query	dynamic:vitess;dynamic:vtgate	select id from `user` where `user`.id = 1 or `user`.`name` = 'aa' and `user`.id in (1, 2) limit 10001	same	a9ebc077a1fa73f7d4bcd5f5168ca8e4219309ffae9566026486841448fcf937	a9ebc077a1fa73f7d4bcd5f5168ca8e4219309ffae9566026486841448fcf937		
e80fed7bc03ee2c7	query	dynamic:vitess;dynamic:vtgate	select a, textcol1, b from `user` order by a asc, textcol1 asc, b asc limit 10001	same	10aba574287a88a84d8597b32b0181bcb60ec5735eb5b43a7e5e0a83088b845a	10aba574287a88a84d8597b32b0181bcb60ec5735eb5b43a7e5e0a83088b845a		
e8242f31f9c06c1c	query	dynamic:vitess;dynamic:vtgate	select `user`.id, user_extra.col + 1 from `user` left join user_extra on `user`.col = user_extra.col join user_extra as e limit 10001	same	b3fe8d52784f959cea246383454f319911a2306ed74dbb3efe61cf6e88c5107e	b3fe8d52784f959cea246383454f319911a2306ed74dbb3efe61cf6e88c5107e		
e8303b26fd7ebf27	query	dynamic:vitess;dynamic:vtgate	select `user`.col + 2 as a from `user` having a = 42 limit 10001 /* INT64 */	same	c16efd54c1514677f95efeafe4168cfee72e76894a10d9d79a7a32f4ba8d0d16	c16efd54c1514677f95efeafe4168cfee72e76894a10d9d79a7a32f4ba8d0d16		
e8442a7ee57747d3	query	dynamic:vitess;dynamic:vtgate	select distinct rank() over (partition by Id order by col asc) as r, col from `user` order by col asc limit 10 /* INT64 */	same	4c8718e9779cc9e2c01b3d77855014e862e81371db63773ca3f2f6912bc16ec1	4c8718e9779cc9e2c01b3d77855014e862e81371db63773ca3f2f6912bc16ec1		
e8b51a87b8aa1f61	query	dynamic:vitess;dynamic:vtgate	select (select count(*) from user_extra) as a, 1 in (select count(*) from user_extra) as b from `user` where id = 1 limit 10001 /* INT64 */	same	e355cef681729458c3c304231f6f106872620734797350fd12e365f86feb847c	e355cef681729458c3c304231f6f106872620734797350fd12e365f86feb847c		
e8f0da641b8d8015	query	dynamic:vitess;dynamic:vtgate	select t.id from (select id from `user`) as t join user_extra on t.id = user_extra.user_id where t.col = 42 limit 10001 /* INT64 */	same	10aba574287a88a84d8597b32b0181bcb60ec5735eb5b43a7e5e0a83088b845a	10aba574287a88a84d8597b32b0181bcb60ec5735eb5b43a7e5e0a83088b845a		
e91ff7376c5b1227	query	dynamic:vitess;dynamic:onlineddl	select /*+ MAX_EXECUTION_TIME(3600000) */ sku, description, price from product force index (`PRIMARY`) order by sku	same	b2f33766092262c65edd33f3df8bc36c01f59002e4cf3b592a171cb6cb27adb4	b2f33766092262c65edd33f3df8bc36c01f59002e4cf3b592a171cb6cb27adb4		
e94b4e2afa70a901	query	dynamic:vitess;dynamic:vtgate	select `user`.col1 as a, `user`.col2, music.col3 from `user` join music on `user`.id = music.id where `user`.id = 1 order by a asc limit 10001	same	10aba574287a88a84d8597b32b0181bcb60ec5735eb5b43a7e5e0a83088b845a	10aba574287a88a84d8597b32b0181bcb60ec5735eb5b43a7e5e0a83088b845a		
e9b2d6071aabea33	query	dynamic:vitess;dynamic:2pc	insert into product(sku, description, price) values ('SKU-2PC', 'twopc', 1)	same	4f73cac56c213100458bcc43d0e31ddac4c170e120f75f92420e4a88b8129d5e	4f73cac56c213100458bcc43d0e31ddac4c170e120f75f92420e4a88b8129d5e		
e9b2fb53f5ee2880	query	dynamic:vitess;dynamic:vtgate	update `user` join user_extra on `user`.id = user_extra.id set `user`.`name` = 'foo' /* VARCHAR */	same	0f444752ba32ebf169f55f78a7bd9ac9f75cd15e3f615ce1f6c156bdefbba6d3	0f444752ba32ebf169f55f78a7bd9ac9f75cd15e3f615ce1f6c156bdefbba6d3		
e9b50b5bff286b23	query	dynamic:vitess;dynamic:vtgate	select id from `user` where (costly, `name`) in (('aa', 'bb'), ('cc', 'dd')) limit 10001	same	a9ebc077a1fa73f7d4bcd5f5168ca8e4219309ffae9566026486841448fcf937	a9ebc077a1fa73f7d4bcd5f5168ca8e4219309ffae9566026486841448fcf937		
e9c1dd951dbd3d57	query	dynamic:vitess;dynamic:vtgate	select row_number() over (order by Id asc) from `user` limit 10001	same	cab01786ff383dd78a0064298bf062806cf8de0718805151db05283ecf04d92d	cab01786ff383dd78a0064298bf062806cf8de0718805151db05283ecf04d92d		
ea7b02d27a0d8652	query	dynamic:vitess;dynamic:vtgate	select foo from (select foo, count(baz) as bazo from (select foo, baz from `user`) as f group by foo) as tt where bazo between 100 and 200 limit 10001 /* INT64 */	same	10aba574287a88a84d8597b32b0181bcb60ec5735eb5b43a7e5e0a83088b845a	10aba574287a88a84d8597b32b0181bcb60ec5735eb5b43a7e5e0a83088b845a		
ea95c625bc5d4f22	query	dynamic:vitess;dynamic:vtgate	select c from t join `user` limit 10001	same	99cadf2aabf25ade2defd6c9047547939765b0d07a7f2ddb7379dccb3c649ce1	99cadf2aabf25ade2defd6c9047547939765b0d07a7f2ddb7379dccb3c649ce1		
eb2ae65608b9b741	query	dynamic:vitess;dynamic:vtgate	select keyspace_id from user_index where id > 1 limit 10001 /* INT64 */	same	99cadf2aabf25ade2defd6c9047547939765b0d07a7f2ddb7379dccb3c649ce1	99cadf2aabf25ade2defd6c9047547939765b0d07a7f2ddb7379dccb3c649ce1		
eb2c7ae249534ae9	query	dynamic:vitess;dynamic:vtgate	insert into music(user_id, id) values (1, 2), (3, 4) on duplicate key update user_id = values(user_id)	same	6ccc6e7aab0d13af5960b9da74d165ae6d96d76a30049f1ac813ed59cca0cca2	6ccc6e7aab0d13af5960b9da74d165ae6d96d76a30049f1ac813ed59cca0cca2		
eb7fffcfd1946a9f	query	dynamic:vitess;dynamic:vtgate	delete from `user` where id in (1, 2, 3) limit 10001	same	0f444752ba32ebf169f55f78a7bd9ac9f75cd15e3f615ce1f6c156bdefbba6d3	0f444752ba32ebf169f55f78a7bd9ac9f75cd15e3f615ce1f6c156bdefbba6d3		
eb9da198d24f979d	query	dynamic:vitess;dynamic:keyspace-vschema	CREATE TABLE customer\n(\n    id    INT,\n    email VARCHAR(255),\n    phone VARCHAR(255),\n    PRIMARY KEY (id)\n)	same	c86cf46a097faa769bb9da422e97d2acd3b690d4474790a9fb11c536dd793b1d	c86cf46a097faa769bb9da422e97d2acd3b690d4474790a9fb11c536dd793b1d	replayed in an empty database: the object exists in the captured schema; volatile on the reference: compared by shape	
ebccf2a095c1da65	query	dynamic:vitess;dynamic:vtgate	with t as (select count(*) as a from `user`) select a from t limit 10001	same	c7d61d72b27f2c7a898b92936855f3e1c98bf2ea3971163e4d678297879751c3	c7d61d72b27f2c7a898b92936855f3e1c98bf2ea3971163e4d678297879751c3		
eca751186415a37c	query	dynamic:vitess;dynamic:vtgate	select distinct a, count(*) from `user` limit 10001	same	35cebba4ba02f6d676538583ecfd3c5774493da092df7b760888127b011af817	35cebba4ba02f6d676538583ecfd3c5774493da092df7b760888127b011af817		
ecad1add5a69cf75	query	dynamic:vitess;dynamic:vtgate	delete from multicol_tbl where colb in (1, 2) and cola = 1 limit 10001 /* INT64 */	same	0f444752ba32ebf169f55f78a7bd9ac9f75cd15e3f615ce1f6c156bdefbba6d3	0f444752ba32ebf169f55f78a7bd9ac9f75cd15e3f615ce1f6c156bdefbba6d3		
ecb48564a5c38120	query	dynamic:vitess;dynamic:vtgate	select t.a from (select (select col from `user` limit 1) as a from `user` join user_extra) as t limit 10001	same	c16efd54c1514677f95efeafe4168cfee72e76894a10d9d79a7a32f4ba8d0d16	c16efd54c1514677f95efeafe4168cfee72e76894a10d9d79a7a32f4ba8d0d16		
ecc44ae8b6798e8a	query	dynamic:vitess;dynamic:vtgate	delete from nouser	same	99cadf2aabf25ade2defd6c9047547939765b0d07a7f2ddb7379dccb3c649ce1	99cadf2aabf25ade2defd6c9047547939765b0d07a7f2ddb7379dccb3c649ce1		
ece3747c00f89323	query	dynamic:vitess;dynamic:vtgate	select `user`.id from `user` left join user_extra on `user`.col = user_extra.col where user_extra.id is null limit 10001	same	a9ebc077a1fa73f7d4bcd5f5168ca8e4219309ffae9566026486841448fcf937	a9ebc077a1fa73f7d4bcd5f5168ca8e4219309ffae9566026486841448fcf937		
eda4a1e03abc767a	query	dynamic:vitess;dynamic:vtgate	select distinct rank() over (partition by Id order by col asc) as r, col from `user` where Id in (1, 2, 3) limit 10001	same	4c8718e9779cc9e2c01b3d77855014e862e81371db63773ca3f2f6912bc16ec1	4c8718e9779cc9e2c01b3d77855014e862e81371db63773ca3f2f6912bc16ec1		
edaf3cb38ea00b5f	query	dynamic:vitess;dynamic:vtgate	with t as (select id, col from route1) select id from t where id = 5 limit 10001 /* INT64 */	same	99cadf2aabf25ade2defd6c9047547939765b0d07a7f2ddb7379dccb3c649ce1	99cadf2aabf25ade2defd6c9047547939765b0d07a7f2ddb7379dccb3c649ce1		
edc767277d5e224a	query	dynamic:vitess;dynamic:vtgate	with recursive emp_cte as (select id, 1 as `level` from `user` where manager_id is null union all select e.id, cte.`level` + 1 from `user` as e join emp_cte as cte on e.manager_id = cte.id) select * from emp_cte limit 10001	same	10aba574287a88a84d8597b32b0181bcb60ec5735eb5b43a7e5e0a83088b845a	10aba574287a88a84d8597b32b0181bcb60ec5735eb5b43a7e5e0a83088b845a		
edcfa23f655a87ae	query	dynamic:vitess;dynamic:vtgate	insert into `user`(id, nonid) values (default, 2)	same	10aba574287a88a84d8597b32b0181bcb60ec5735eb5b43a7e5e0a83088b845a	10aba574287a88a84d8597b32b0181bcb60ec5735eb5b43a7e5e0a83088b845a		
edf43aa5d1137334	query	dynamic:vitess;dynamic:vtgate	with t as (select col from `user` union all select col from unsharded) select sum(col) from t limit 10001	same	9b278e34ff55db7b56360aaecae4112ae7aa37a4faa02127f358898631596f51	9b278e34ff55db7b56360aaecae4112ae7aa37a4faa02127f358898631596f51		
ee20771e58822df7	query	dynamic:vitess;dynamic:keyspace-vschema;dynamic:movetables;dynamic:onlineddl	SELECT `user_id`, `email`, `address`, `md5`, `non_planable` FROM `vt_commerce`.`user_metadata` WHERE 1 != 1	same	ccb1edde4b2e78beccebf49e94e0e5ff99b28cda3eaeca2b45f87c0b227db8bc	ccb1edde4b2e78beccebf49e94e0e5ff99b28cda3eaeca2b45f87c0b227db8bc		
ee34608f58391145	query	dynamic:vitess;dynamic:vtgate	insert into `user`(id) values (1)	same	4f73cac56c213100458bcc43d0e31ddac4c170e120f75f92420e4a88b8129d5e	4f73cac56c213100458bcc43d0e31ddac4c170e120f75f92420e4a88b8129d5e		
eea6dc41c6cb3a9a	query	dynamic:vitess;dynamic:vtgate	select u.id as uid, ue.id as ueid from `user` as u join user_extra as ue where u.id = ue.id limit 10001	same	ca4711fae8f5f4a30cd8b4b380cdfcc7c077c5e955893ab2650644f472282b1d	ca4711fae8f5f4a30cd8b4b380cdfcc7c077c5e955893ab2650644f472282b1d		
eec4b1b089d875c5	query	dynamic:vitess;dynamic:vtgate	delete o, ev from `order` as o join order_event as ev where o.oid = ev.oid and ev.ename = 'a' /* VARCHAR */	same	99cadf2aabf25ade2defd6c9047547939765b0d07a7f2ddb7379dccb3c649ce1	99cadf2aabf25ade2defd6c9047547939765b0d07a7f2ddb7379dccb3c649ce1		
eeda177b848c6c8d	query	dynamic:vitess;dynamic:vtgate	select first_value(col) over (order by col asc) from `user` where Id = 1 limit 10001 /* INT64 */	same	5b71819334b6cd1258f8fbdd25a93df10cd99c7080c5a60fb95efa349e6fb71f	5b71819334b6cd1258f8fbdd25a93df10cd99c7080c5a60fb95efa349e6fb71f		
eef7edfc93064e6b	query	dynamic:vitess;dynamic:vtgate	select dense_rank() over (order by col asc) from `user` where Id = 1 limit 10001 /* INT64 */	same	e39cf7156347f2879d2e5aabfad24b515d3004f8d950d7bccb84878e540d8786	e39cf7156347f2879d2e5aabfad24b515d3004f8d950d7bccb84878e540d8786		
ef0cde48f8ffc18c	query	dynamic:vitess;dynamic:vtgate	select a, b, count(*) from `user` group by a, b limit 10001	same	10aba574287a88a84d8597b32b0181bcb60ec5735eb5b43a7e5e0a83088b845a	10aba574287a88a84d8597b32b0181bcb60ec5735eb5b43a7e5e0a83088b845a		
ef350286861f0efc	query	dynamic:vitess;dynamic:vtgate	select max((select max(col2) from `user` as u1 where u1.id = u2.id)) from `user` as u2 limit 10001	same	5dcb54b578c931377fb67f991a55db674e0b50b3c6956923077fc8fc6f6a0eb5	5dcb54b578c931377fb67f991a55db674e0b50b3c6956923077fc8fc6f6a0eb5		
ef4c6759a14c79e7	query	dynamic:vitess;dynamic:vtgate	select distinct id, col, col1, col2, `name`, baz from unsharded limit 10001	same	c38c9187004ce56059a5cbae0c91d55c359122b244840bb511cdedfdb676c2dd	c38c9187004ce56059a5cbae0c91d55c359122b244840bb511cdedfdb676c2dd		
ef6566248d8ba029	query	dynamic:vitess;dynamic:vtgate	select `user`.col from `user` join user_extra on `user`.col between 1 and 2 and `user`.id = user_extra.user_id limit 10001	same	db6eafe6e00c4eca41cb4f828cab78210badd351516bf7feeec9b582b870f952	db6eafe6e00c4eca41cb4f828cab78210badd351516bf7feeec9b582b870f952		
ef682716c78a72e4	query	dynamic:vitess;dynamic:vtgate	select unsharded.col from unsharded join `user` on `user`.col in (select col from `user`) join unsharded_a limit 10001	same	db6eafe6e00c4eca41cb4f828cab78210badd351516bf7feeec9b582b870f952	db6eafe6e00c4eca41cb4f828cab78210badd351516bf7feeec9b582b870f952		
efd5eb41e6b8e685	query	dynamic:vitess;dynamic:vtgate	insert into sbtest16(id, k, c, pad) values (42, 1, 2, 50)	same	99cadf2aabf25ade2defd6c9047547939765b0d07a7f2ddb7379dccb3c649ce1	99cadf2aabf25ade2defd6c9047547939765b0d07a7f2ddb7379dccb3c649ce1		
eff54d140f2aa666	query	dynamic:vitess;dynamic:vtgate	select music.id from music where music.id in (select max(music.id) from music where music.user_id in (5, 6) group by music.user_id) limit 10001	same	a9ebc077a1fa73f7d4bcd5f5168ca8e4219309ffae9566026486841448fcf937	a9ebc077a1fa73f7d4bcd5f5168ca8e4219309ffae9566026486841448fcf937		
f031ab43346b1f1f	query	dynamic:vitess;dynamic:vtgate	select 1 from `user` union select 2 from `user` limit 10001	same	6e896260f53d1b8e06016cb34377992a2e3c229fa86def43505b2346d4642f3c	6e896260f53d1b8e06016cb34377992a2e3c229fa86def43505b2346d4642f3c		
f0dd95efaeab58e7	query	dynamic:vitess;dynamic:vtgate	select col1, col2 from (select col1, col2 from `user` union all select col1, col2 from user_extra) as t limit 10001	same	10aba574287a88a84d8597b32b0181bcb60ec5735eb5b43a7e5e0a83088b845a	10aba574287a88a84d8597b32b0181bcb60ec5735eb5b43a7e5e0a83088b845a		
f0e6bc070f2eb64a	query	dynamic:vitess;dynamic:vtgate	select distinct count(*) from `user`, (select distinct count(*) from `user`) as X limit 10001	same	f5f2e8e184b1f05d704fa35b28a6186ae3b7763d883a6adce67fba3e32d54b73	f5f2e8e184b1f05d704fa35b28a6186ae3b7763d883a6adce67fba3e32d54b73		
f114c6003f06431a	query	dynamic:vitess;dynamic:vtgate	select lower(col1) as v, count(*) from authoritative group by v limit 10001	same	82f01cd10997c1d5944f126eb9a97c0fbcbbc288d9e4c575269d44010e997e45	82f01cd10997c1d5944f126eb9a97c0fbcbbc288d9e4c575269d44010e997e45		
f180b583b6da280b	query	dynamic:vitess;dynamic:vtgate	select keyspace_id from user_index limit 10001	same	99cadf2aabf25ade2defd6c9047547939765b0d07a7f2ddb7379dccb3c649ce1	99cadf2aabf25ade2defd6c9047547939765b0d07a7f2ddb7379dccb3c649ce1		
f1cc7bd73277a894	query	dynamic:vitess;dynamic:vtgate	select sum(l_extendedprice * l_discount) as revenue from lineitem where l_shipdate >= date('1994-01-01') and l_shipdate < date('1994-01-01') + interval '1' year and l_discount between 0.06 - 0.01 and 0.06 + 0.01 and l_quantity < 24 limit 10001 /* INT64 */	same	99cadf2aabf25ade2defd6c9047547939765b0d07a7f2ddb7379dccb3c649ce1	99cadf2aabf25ade2defd6c9047547939765b0d07a7f2ddb7379dccb3c649ce1		
f237917f8330ef16	query	dynamic:vitess;dynamic:vtgate	select `user`.col, user_extra.id + user_extra.col from `user` join user_extra limit 10001	same	77037578c2584f7a318085d9d78817bdd2b0e4b21c0c1eb153554125f0715f94	77037578c2584f7a318085d9d78817bdd2b0e4b21c0c1eb153554125f0715f94		
f31c414a82323e83	query	dynamic:vitess;dynamic:vtgate	select `user`.id from `user` join user_extra on `user`.id = user_extra.assembly_id where user_extra.user_id = 2 limit 10001 /* INT64 */	same	10aba574287a88a84d8597b32b0181bcb60ec5735eb5b43a7e5e0a83088b845a	10aba574287a88a84d8597b32b0181bcb60ec5735eb5b43a7e5e0a83088b845a		
f344f611aef2eaa0	query	dynamic:vitess;dynamic:vtgate	select count(col) from (select user_extra.col as col from `user` left join user_extra on `user`.id = user_extra.id limit 10) as x limit 10001	same	5c3b8cc4794d6b34c50d674e8a616660eb3fc5e988d392a7710ec22b120141d9	5c3b8cc4794d6b34c50d674e8a616660eb3fc5e988d392a7710ec22b120141d9		
f35146758a90df24	query	dynamic:vitess;dynamic:keyspace-vschema	CREATE TABLE pin_test\n(\n    id INT PRIMARY KEY\n)	same	c86cf46a097faa769bb9da422e97d2acd3b690d4474790a9fb11c536dd793b1d	c86cf46a097faa769bb9da422e97d2acd3b690d4474790a9fb11c536dd793b1d	replayed in an empty database: the object exists in the captured schema; volatile on the reference: compared by shape	
f44c5f92a0d30410	query	dynamic:vitess;dynamic:movetables	CREATE TABLE `corder` (\n  `order_id` bigint NOT NULL AUTO_INCREMENT,\n  `shopper_id` bigint DEFAULT NULL,\n  `sku` varchar(128) DEFAULT NULL,\n  `price` bigint DEFAULT NULL,\n  PRIMARY KEY (`order_id`)\n) ENGINE=InnoDB DEFAULT CHARSET=utf8mb4 COLLATE=utf8mb4_0900_ai_ci	same	c86cf46a097faa769bb9da422e97d2acd3b690d4474790a9fb11c536dd793b1d	c86cf46a097faa769bb9da422e97d2acd3b690d4474790a9fb11c536dd793b1d	replayed in an empty database: the object exists in the captured schema; volatile on the reference: compared by shape	C-1
f4550b7069332e63	query	dynamic:vitess;dynamic:vtgate	select id from (select id, col from `user` where id = 5) as t limit 10001	same	a9ebc077a1fa73f7d4bcd5f5168ca8e4219309ffae9566026486841448fcf937	a9ebc077a1fa73f7d4bcd5f5168ca8e4219309ffae9566026486841448fcf937		
f4ae33f57b9872d0	query	dynamic:vitess;dynamic:onlineddl	SELECT `id` FROM `vt_commerce`.`_vt_hld_9f79e7aabe1611f1a94c86d37cd5f354_20261003040619_` WHERE 1 != 1	same	99cadf2aabf25ade2defd6c9047547939765b0d07a7f2ddb7379dccb3c649ce1	99cadf2aabf25ade2defd6c9047547939765b0d07a7f2ddb7379dccb3c649ce1		
f5388691c5255407	query	dynamic:vitess;dynamic:vtgate	select col + 2 as a from unsharded having a = 42 limit 10001 /* INT64 */	same	c16efd54c1514677f95efeafe4168cfee72e76894a10d9d79a7a32f4ba8d0d16	c16efd54c1514677f95efeafe4168cfee72e76894a10d9d79a7a32f4ba8d0d16		
f53947417c2bb7dd	query	dynamic:vitess;dynamic:vtgate	select `name` from `user`, music order by `name` asc limit 10001	same	a8e51290911835ff9ae085f30a0e52e58945aea87fefc36d77adb48b8a5e1ea5	a8e51290911835ff9ae085f30a0e52e58945aea87fefc36d77adb48b8a5e1ea5		
f5557c23be99c99c	query	dynamic:vitess;dynamic:vtgate	update `user` set col = 1 not in (select id from (select * from `user`) as t where id = 5) where id = 5 limit 10001 /* INT64 */	same	0f444752ba32ebf169f55f78a7bd9ac9f75cd15e3f615ce1f6c156bdefbba6d3	0f444752ba32ebf169f55f78a7bd9ac9f75cd15e3f615ce1f6c156bdefbba6d3		
f58bd1fb0c928186	query	dynamic:vitess;dynamic:vtgate	update product set price = price + 1 where sku = 'SKU-1001' limit 10001 /* VARCHAR */	same	0f444752ba32ebf169f55f78a7bd9ac9f75cd15e3f615ce1f6c156bdefbba6d3	0f444752ba32ebf169f55f78a7bd9ac9f75cd15e3f615ce1f6c156bdefbba6d3		
f599f7b76b3fcde1	query	dynamic:vitess;dynamic:vtgate	select keyspace_id from user_index where keyspace_id = 1 limit 10001 /* INT64 */	same	99cadf2aabf25ade2defd6c9047547939765b0d07a7f2ddb7379dccb3c649ce1	99cadf2aabf25ade2defd6c9047547939765b0d07a7f2ddb7379dccb3c649ce1		
f617f48da619ef5d	query	dynamic:vitess;dynamic:vtgate	select * from `user` where id = 5 order by concat(col, col1) collate utf8_general_ci desc limit 10001	same	ac3e8cd03b3b851c168991f8efb1e623f2068e24c9d7d638e250efe98ba19919	ac3e8cd03b3b851c168991f8efb1e623f2068e24c9d7d638e250efe98ba19919		
f6198965f3a12816	query	dynamic:vitess;dynamic:vtgate	select id from unq_binary_idx where id between 1 and 5 limit 10001 /* INT64 */	same	a9ebc077a1fa73f7d4bcd5f5168ca8e4219309ffae9566026486841448fcf937	a9ebc077a1fa73f7d4bcd5f5168ca8e4219309ffae9566026486841448fcf937		
f624ed539e0afbc7	query	dynamic:vitess;dynamic:vtgate	select l_returnflag, l_linestatus, sum(l_quantity) as sum_qty, sum(l_extendedprice) as sum_base_price, sum(l_extendedprice * (1 - l_discount)) as sum_disc_price, sum(l_extendedprice * (1 - l_discount) * (1 + l_tax)) as sum_charge, avg(l_quantity) as avg_qty, avg(l_extendedprice) as avg_price, avg(l_discount) as avg_disc, count(*) as count_order from lineitem where l_shipdate <= '1998-12-01' - interval '108' day group by l_returnflag, l_linestatus order by l_returnflag asc, l_linestatus asc limit 10001	same	99cadf2aabf25ade2defd6c9047547939765b0d07a7f2ddb7379dccb3c649ce1	99cadf2aabf25ade2defd6c9047547939765b0d07a7f2ddb7379dccb3c649ce1		
f655b7f03f42308d	query	dynamic:vitess;dynamic:vtgate	select col from route1 where id = 1 order by col asc limit 10001	same	99cadf2aabf25ade2defd6c9047547939765b0d07a7f2ddb7379dccb3c649ce1	99cadf2aabf25ade2defd6c9047547939765b0d07a7f2ddb7379dccb3c649ce1		
f66e369bd7c46711	query	dynamic:vitess;dynamic:vtgate	select id from `user` where id = 5 and `name` = 'apa' or id = 5 and foo = 'bar' limit 10001 /* VARCHAR */	same	a9ebc077a1fa73f7d4bcd5f5168ca8e4219309ffae9566026486841448fcf937	a9ebc077a1fa73f7d4bcd5f5168ca8e4219309ffae9566026486841448fcf937		
f68ae1c26c1d4d3c	query	dynamic:vitess;dynamic:vtgate	select n_name, sum(l_extendedprice * (1 - l_discount)) as revenue from customer, orders, lineitem, supplier, nation, region where c_custkey = o_custkey and l_orderkey = o_orderkey and l_suppkey = s_suppkey and c_nationkey = s_nationkey and s_nationkey = n_nationkey and n_regionkey = r_regionkey and r_name = 'ASIA' and o_orderdate >= date('1994-01-01') and o_orderdate < date('1994-01-01') + interval '1' year group by n_name order by revenue desc limit 10001	same	99cadf2aabf25ade2defd6c9047547939765b0d07a7f2ddb7379dccb3c649ce1	99cadf2aabf25ade2defd6c9047547939765b0d07a7f2ddb7379dccb3c649ce1		
f7b95bf750fd20e2	query	dynamic:vitess;dynamic:vtgate	select 1 from `user` join user_extra on `user`.id = user_extra.user_id join music on music.intcol = user_extra.col left join (select user_metadata.col, count(*) as `count` from user_metadata group by user_metadata.col) as um on um.col = user_extra.col where `user`.id in (103) group by user_extra.col, music.intcol limit 10001	same	10aba574287a88a84d8597b32b0181bcb60ec5735eb5b43a7e5e0a83088b845a	10aba574287a88a84d8597b32b0181bcb60ec5735eb5b43a7e5e0a83088b845a		
f7ddd2dcd61b7a1a	query	dynamic:vitess;dynamic:vtgate	select `user`.col from `user` join unsharded as m1 join unsharded as m2 limit 10001	same	db6eafe6e00c4eca41cb4f828cab78210badd351516bf7feeec9b582b870f952	db6eafe6e00c4eca41cb4f828cab78210badd351516bf7feeec9b582b870f952		
f7e8771925ef3db5	query	dynamic:vitess;dynamic:vtgate	select id from music where music.user_id in (1, 2, 3) union select id from music where music.user_id in (1, 2, 3) limit 10001	same	a9ebc077a1fa73f7d4bcd5f5168ca8e4219309ffae9566026486841448fcf937	a9ebc077a1fa73f7d4bcd5f5168ca8e4219309ffae9566026486841448fcf937		
f85226dba6d9ccdf	query	dynamic:vitess;dynamic:vtgate	select user0_.col as col0_ from `user` as user0_ where id = 1 order by col0_ desc limit 3 /* INT64 */	same	842eba76cf7a09ced80b86a4dffd8846e0756a7c7f5520f179a40c230623bc57	842eba76cf7a09ced80b86a4dffd8846e0756a7c7f5520f179a40c230623bc57		
f869d76194664100	query	dynamic:vitess;dynamic:vtgate	select count(*) from `user` join music on `user`.foo = music.bar join user_extra on `user`.foo = user_extra.baz limit 10001	same	10aba574287a88a84d8597b32b0181bcb60ec5735eb5b43a7e5e0a83088b845a	10aba574287a88a84d8597b32b0181bcb60ec5735eb5b43a7e5e0a83088b845a		
f89a86386fb67c22	query	dynamic:vitess;dynamic:vtgate	insert into authoritative values (1, '2', 3), (4, '5', 6) as new (a, b, c) on duplicate key update col1 = a + c	same	72f4a5e907cb9086eb62e083a957eb0a017f2f79e286b2a8900dc917b9691157	72f4a5e907cb9086eb62e083a957eb0a017f2f79e286b2a8900dc917b9691157		
f8aabbdd92673736	query	dynamic:vitess;dynamic:vtgate	delete from music where id = 1 limit 10001 /* INT64 */	same	0f444752ba32ebf169f55f78a7bd9ac9f75cd15e3f615ce1f6c156bdefbba6d3	0f444752ba32ebf169f55f78a7bd9ac9f75cd15e3f615ce1f6c156bdefbba6d3		
f8cc97cc8ff87f8f	query	dynamic:vitess;dynamic:vtgate	select author5s.* from author5s join book6s on book6s.author5_id = author5s.id join book6s_order2s on book6s_order2s.book6_id = book6s.id join order2s on order2s.id = book6s_order2s.order2_id join customer2s on customer2s.id = order2s.customer2_id join supplier5s on supplier5s.id = book6s.supplier5_id limit 10001	same	99cadf2aabf25ade2defd6c9047547939765b0d07a7f2ddb7379dccb3c649ce1	99cadf2aabf25ade2defd6c9047547939765b0d07a7f2ddb7379dccb3c649ce1		
f8de3acd8205a01f	query	dynamic:vitess;dynamic:vtgate	insert into music(id, user_id) select 1 from dual	same	3ba5e2754f11856e1031977c739257530518b07b0d0035bfccd1be03087b3abe	3ba5e2754f11856e1031977c739257530518b07b0d0035bfccd1be03087b3abe		
f8eb454996b01a27	query	dynamic:vitess;dynamic:vtgate	select user_extra.id from `user` left join user_extra on `user`.id = user_extra.user_id where `user`.id = 5 limit 10001 /* INT64 */	same	a9ebc077a1fa73f7d4bcd5f5168ca8e4219309ffae9566026486841448fcf937	a9ebc077a1fa73f7d4bcd5f5168ca8e4219309ffae9566026486841448fcf937		
f8efc27fdb13e2c9	query	dynamic:vitess;dynamic:keyspace-vschema	CREATE TABLE multicolvin\n(\n    kid      INT,\n    column_a INT,\n    column_b INT,\n    column_c INT,\n    PRIMARY KEY (kid)\n)	same	c86cf46a097faa769bb9da422e97d2acd3b690d4474790a9fb11c536dd793b1d	c86cf46a097faa769bb9da422e97d2acd3b690d4474790a9fb11c536dd793b1d	replayed in an empty database: the object exists in the captured schema; volatile on the reference: compared by shape	
f947351aadb5ba72	query	dynamic:vitess;dynamic:vtgate	update `user` set col = (select id from unsharded) limit 10001	same	0f444752ba32ebf169f55f78a7bd9ac9f75cd15e3f615ce1f6c156bdefbba6d3	0f444752ba32ebf169f55f78a7bd9ac9f75cd15e3f615ce1f6c156bdefbba6d3		
f99cc51908416037	query	dynamic:vitess;dynamic:vtgate	select sum(intcol) over (partition by textcol1 order by Id asc) from `user` limit 10001	same	7c794c740114c26b8a9f93cd3a2ad8c49207eded50ca5d471c54d3e9eb852c28	7c794c740114c26b8a9f93cd3a2ad8c49207eded50ca5d471c54d3e9eb852c28		
f99f94dbd34742a8	query	dynamic:vitess;dynamic:vtgate	select A.a, A.b, A.a / A.b as d from (select sum(a) as a, sum(b) as b from `user`) as A limit 10001	same	10aba574287a88a84d8597b32b0181bcb60ec5735eb5b43a7e5e0a83088b845a	10aba574287a88a84d8597b32b0181bcb60ec5735eb5b43a7e5e0a83088b845a		
f99fd5ad4ab9ca38	query	dynamic:vitess;dynamic:vtgate	select 100.00 * sum(case when p_type like 'PROMO%' then l_extendedprice * (1 - l_discount) else 0 end) / sum(l_extendedprice * (1 - l_discount)) as promo_revenue from lineitem, part where l_partkey = p_partkey and l_shipdate >= date('1995-09-01') and l_shipdate < date('1995-09-01') + interval '1' month limit 10001	same	99cadf2aabf25ade2defd6c9047547939765b0d07a7f2ddb7379dccb3c649ce1	99cadf2aabf25ade2defd6c9047547939765b0d07a7f2ddb7379dccb3c649ce1		
f9c86800bfe41fe9	query	dynamic:vitess;dynamic:vtgate	with u(a, n) as (select id as b, `name` from `user` where b = 1) select u.a from u where u.n = 1 limit 10001 /* INT64 */	same	10aba574287a88a84d8597b32b0181bcb60ec5735eb5b43a7e5e0a83088b845a	10aba574287a88a84d8597b32b0181bcb60ec5735eb5b43a7e5e0a83088b845a		
fa99467dffefacc0	query	dynamic:vitess;dynamic:movetables;dynamic:reshard	SELECT `shopper_id`, `email` FROM `vt_customer`.`shopper` WHERE 1 != 1	same	dfa51352761460eb25f9b9846ad10082c840649a37d97bf13471c58db1de84c1	dfa51352761460eb25f9b9846ad10082c840649a37d97bf13471c58db1de84c1		
fb7aa2a537507016	query	dynamic:vitess;dynamic:vtgate	select count(*) from `user` left join (select col, bar from user_extra limit 10) as ue on `user`.col = ue.col group by `user`.foo, ue.bar limit 10001	same	10aba574287a88a84d8597b32b0181bcb60ec5735eb5b43a7e5e0a83088b845a	10aba574287a88a84d8597b32b0181bcb60ec5735eb5b43a7e5e0a83088b845a		
fb94bf733aa56337	query	dynamic:vitess;dynamic:vtgate	select d_next_o_id, d_tax from district1 where d_w_id = 15 and d_id = 95 limit 10001 for update	same	99cadf2aabf25ade2defd6c9047547939765b0d07a7f2ddb7379dccb3c649ce1	99cadf2aabf25ade2defd6c9047547939765b0d07a7f2ddb7379dccb3c649ce1		
fbce3ec72a242b64	query	dynamic:vitess;dynamic:vtgate	select Id, textcol1, lag(intcol) over (partition by textcol1 order by intcol asc) as lag_val from `user` where Id in (1, 2, 3) limit 10001	same	10d1e1a8b96b94dd33bc963724b4be180d35c3ce38aca75a16de5aace10e10b0	10d1e1a8b96b94dd33bc963724b4be180d35c3ce38aca75a16de5aace10e10b0		
fc043e6f699646c8	query	dynamic:vitess;dynamic:vtgate	select missing_column from unsharded, unsharded_tab limit 10001	same	99cadf2aabf25ade2defd6c9047547939765b0d07a7f2ddb7379dccb3c649ce1	99cadf2aabf25ade2defd6c9047547939765b0d07a7f2ddb7379dccb3c649ce1		
fc8ea1f394a6fcb5	query	dynamic:vitess;dynamic:vtgate	update `user` set col = 1 in (select id from (select * from `user`) as t where id = 5) where id = 5 limit 10001 /* INT64 */	same	0f444752ba32ebf169f55f78a7bd9ac9f75cd15e3f615ce1f6c156bdefbba6d3	0f444752ba32ebf169f55f78a7bd9ac9f75cd15e3f615ce1f6c156bdefbba6d3		
fcafe69c90ef335c	query	dynamic:vitess;dynamic:vtgate	update `user` set col = 1 where (`name`, col) in (('aa', 'bb'), ('cc', 'dd')) limit 10001	same	577365f131708236685be20a7c6d0fea1fe7607c20735c9ca4f79f10959f1b9f	577365f131708236685be20a7c6d0fea1fe7607c20735c9ca4f79f10959f1b9f		
fcfc24851c2d54eb	query	dynamic:vitess;dynamic:vtgate	select tcol1, count(distinct tcol2), sum(distinct tcol2) from `user` group by tcol1 limit 10001	same	10aba574287a88a84d8597b32b0181bcb60ec5735eb5b43a7e5e0a83088b845a	10aba574287a88a84d8597b32b0181bcb60ec5735eb5b43a7e5e0a83088b845a		
fd36d9d8d8846f3e	query	dynamic:vitess;dynamic:vtgate	select * from authoritative as a join authoritative as b on a.user_id = b.user_id limit 10001	same	20e37cf1d10e01e9b5171627619c1e7b5b7a6ec04ebdb0c7c03b4c14efa7d2d8	20e37cf1d10e01e9b5171627619c1e7b5b7a6ec04ebdb0c7c03b4c14efa7d2d8		
fd888907bc9d8d34	query	dynamic:vitess;dynamic:vtgate	select sum(intcol) over (partition by textcol1) from `user` limit 10001	same	2f9f64bfba9b19b29723c83986b2967ce245b4554fc6b15a66b780ecaee70f51	2f9f64bfba9b19b29723c83986b2967ce245b4554fc6b15a66b780ecaee70f51		
fdccad9b88d78903	query	dynamic:vitess;dynamic:vtgate	select `user`.col from `user` join user_extra on `user`.id < user_extra.user_id limit 10001	same	db6eafe6e00c4eca41cb4f828cab78210badd351516bf7feeec9b582b870f952	db6eafe6e00c4eca41cb4f828cab78210badd351516bf7feeec9b582b870f952		
fe0411e83fe8870f	query	dynamic:vitess;dynamic:vtgate	select unsharded.id from unsharded where unsharded.`name` in (select `name` from unsharded_a) limit 10001	same	a9ebc077a1fa73f7d4bcd5f5168ca8e4219309ffae9566026486841448fcf937	a9ebc077a1fa73f7d4bcd5f5168ca8e4219309ffae9566026486841448fcf937		
fe35754aa1e5e9fb	query	dynamic:vitess;dynamic:vtgate	select now() from `user` union select id from `user` limit 10001	same	f4652ffe159d815ffd0d41808e44ec3b570c768b9bc5da91d4b0d31469c043d8	f4652ffe159d815ffd0d41808e44ec3b570c768b9bc5da91d4b0d31469c043d8		
fe7ad56246e18c4a	query	dynamic:vitess;dynamic:vtgate	select Id from `user` where 1 in ('aa', 'bb') limit 10001	same	45fcb6f1f88e832a652b8fa67336fa3e5d4e1aa81461eb202085a8ea1264eabc	45fcb6f1f88e832a652b8fa67336fa3e5d4e1aa81461eb202085a8ea1264eabc		
feb5ddc9fe9a3604	query	dynamic:vitess;dynamic:vtgate	select sum(l_extendedprice) / 7.0 as avg_yearly from lineitem, part where p_partkey = l_partkey and p_brand = 'Brand#23' and p_container = 'MED BOX' and l_quantity < (select 0.2 * avg(l_quantity) from lineitem where l_partkey = p_partkey) limit 10001	same	99cadf2aabf25ade2defd6c9047547939765b0d07a7f2ddb7379dccb3c649ce1	99cadf2aabf25ade2defd6c9047547939765b0d07a7f2ddb7379dccb3c649ce1		
fed52c21673a5cce	query	dynamic:vitess;dynamic:vtgate	select col from `user` join user_extra limit 10001	same	e0eb28784c58ece04f8d7c2a9e09e9b393fd48d09cb4d91f851970f0f48b4be8	e0eb28784c58ece04f8d7c2a9e09e9b393fd48d09cb4d91f851970f0f48b4be8		
ff22f36d40706c7b	query	dynamic:vitess;dynamic:vtgate	select count(*) from `user` join user_extra on `user`.foo = user_extra.bar limit 10001	same	10aba574287a88a84d8597b32b0181bcb60ec5735eb5b43a7e5e0a83088b845a	10aba574287a88a84d8597b32b0181bcb60ec5735eb5b43a7e5e0a83088b845a		
ff41863dbca37735	query	dynamic:vitess;dynamic:vtgate	select 1 as x, (select x from dual) from dual limit 10001	same	79d35188a2d3afe011e4d8932a827e3cf9a92daf7862586a06f033e5e9e247d8	79d35188a2d3afe011e4d8932a827e3cf9a92daf7862586a06f033e5e9e247d8		
ff49bf49dff183d0	query	dynamic:vitess;dynamic:vtgate	update sbtest9 set c = 7 where id = 8 /* INT64 */	same	99cadf2aabf25ade2defd6c9047547939765b0d07a7f2ddb7379dccb3c649ce1	99cadf2aabf25ade2defd6c9047547939765b0d07a7f2ddb7379dccb3c649ce1		
ff4a1de8a5146b7a	query	dynamic:vitess;dynamic:vtgate	update multicol_tbl set colc = 1 where cola = 1 and colb = 2 limit 10001 /* INT64 */	same	0f444752ba32ebf169f55f78a7bd9ac9f75cd15e3f615ce1f6c156bdefbba6d3	0f444752ba32ebf169f55f78a7bd9ac9f75cd15e3f615ce1f6c156bdefbba6d3		
ff69a98a49d6980c	query	dynamic:vitess;dynamic:vtgate	select count(c_id) as namecnt from customer1 where c_w_id = 5 and c_d_id = 1 and c_last = 'last' limit 10001 /* VARCHAR */	same	99cadf2aabf25ade2defd6c9047547939765b0d07a7f2ddb7379dccb3c649ce1	99cadf2aabf25ade2defd6c9047547939765b0d07a7f2ddb7379dccb3c649ce1		
ffdaf8288b676617	query	dynamic:vitess;dynamic:vtgate	with a as (select `user`.col, user_extra.extra from `user` join user_extra on `user`.id = user_extra.user_id order by user_extra.extra asc) select col, count(*) from a group by col limit 10001	same	10aba574287a88a84d8597b32b0181bcb60ec5735eb5b43a7e5e0a83088b845a	10aba574287a88a84d8597b32b0181bcb60ec5735eb5b43a7e5e0a83088b845a		
ffe03fa0dfaa1036	query	dynamic:vitess;dynamic:vtgate	select lag(col, 1) over (order by col asc) from `user` where Id = 1 limit 10001 /* INT64 */	same	204d3e27a93dab8a0ec7ac795cecb4cd89f27ba0df4436464e0521cbc0ecce0c	204d3e27a93dab8a0ec7ac795cecb4cd89f27ba0df4436464e0521cbc0ecce0c		
ffe8472487ed0e64	query	dynamic:vitess;dynamic:vtgate	insert into music(id, user_id) select id, count(user_id), sum(user_id) from `user` group by id	same	3ba5e2754f11856e1031977c739257530518b07b0d0035bfccd1be03087b3abe	3ba5e2754f11856e1031977c739257530518b07b0d0035bfccd1be03087b3abe		
0a12f73729c8044f	reparent	go/mysql/flavor_mysql.go:598	STOP REPLICA FOR CHANNEL ''	same	6ddf88a0bf2019436d9945b1154e23c76c66c7ba8397605d22df9de5b8efc666	6ddf88a0bf2019436d9945b1154e23c76c66c7ba8397605d22df9de5b8efc666		
0d7a58ce49617a80	reparent	go/vt/vttablet/tabletmanager/rpc_replication.go:135	SELECT @@global.super_read_only	same	52b7e19214f3724528476bef2a0001cf86d8378bd1c8b03c1bd830e64b9ebae8	52b7e19214f3724528476bef2a0001cf86d8378bd1c8b03c1bd830e64b9ebae8		C-6
108510d4f3a05145	reparent	go/vt/vttablet/tabletserver/vstreamer/snapshot_conn.go:164	SHOW BINARY LOGS returned no rows	same	b757b267368150584b6fd9b194ac0d3c0a9b1d2f6eea2a6f3ce700917ada0f8e	b757b267368150584b6fd9b194ac0d3c0a9b1d2f6eea2a6f3ce700917ada0f8e	instance identity (version, uuid, binlog position): compared by column names	C-7
12e9ce8b3227b954	reparent	go/mysql/flavor_mysql.go:86	SELECT @@global.gtid_purged	same	ad8b68ff392b9a65b9b2d71b6a3c924abe5146170389225eac84ec27aadcaf3c	ad8b68ff392b9a65b9b2d71b6a3c924abe5146170389225eac84ec27aadcaf3c	instance identity (version, uuid, binlog position): compared by column names	C-6,C-7
1e2688d3d553016e	reparent	go/mysql/flavor_mysql.go:192;go/mysql/flavor_mysql.go:211;go/mysql/flavor_mysql.go:245;go/mysql/flavor_mysql_legacy.go:139;go/mysql/flavor_mysql_legacy.go:261;go/mysql/flavor_mysql_legacy.go:271	RESET MASTER	unsupported	0f444752ba32ebf169f55f78a7bd9ac9f75cd15e3f615ce1f6c156bdefbba6d3	7f89e83bb91c566e2fd762d015821d8ee538b9d1a071e9a246c99f45d46c58b3	target error 3190: RESET SOURCE is not allowed because Consensus Replication is enabled.; WeSQL replicates through its consensus log; RESET MASTER and RESET BINARY LOGS are refused (WeSQL beta5.40 runs Consensus Replication; design 23 s6.4, 29 s6)	
22b08ebbe959da2f	reparent	go/mysql/flavor_mysql.go:260;go/mysql/flavor_mysql_legacy.go:278	SHOW MASTER STATUS	same	2b00753518c025b5d865963d7f943b548e86ae13afa4062922cf3e6ab3eb72a6	2b00753518c025b5d865963d7f943b548e86ae13afa4062922cf3e6ab3eb72a6	instance identity (version, uuid, binlog position): compared by column names	C-7
25f1026551690b4a	reparent	go/mysql/flavor_mysql.go:150	STOP REPLICA IO_THREAD	same	6ddf88a0bf2019436d9945b1154e23c76c66c7ba8397605d22df9de5b8efc666	6ddf88a0bf2019436d9945b1154e23c76c66c7ba8397605d22df9de5b8efc666		
2642f2cc85488d5a	reparent	go/vt/vttablet/tabletmanager/rpc_replication.go:677	call, where the primary temporarily loses connectivity to // all semi-sync enabled replicas. // // If we can't unblock within the context timeout, the	same	b757b267368150584b6fd9b194ac0d3c0a9b1d2f6eea2a6f3ce700917ada0f8e	b757b267368150584b6fd9b194ac0d3c0a9b1d2f6eea2a6f3ce700917ada0f8e		
268faf0b3b87086a	reparent	go/mysql/flavor_mysql.go:166;go/mysql/flavor_mysql.go:184;go/mysql/flavor_mysql.go:253	RESET BINARY LOGS AND GTIDS	same	b757b267368150584b6fd9b194ac0d3c0a9b1d2f6eea2a6f3ce700917ada0f8e	b757b267368150584b6fd9b194ac0d3c0a9b1d2f6eea2a6f3ce700917ada0f8e		
274f9947eedf03c6	reparent	go/mysql/flavor_mysql_legacy.go:257	CHANGE MASTER TO	same	b757b267368150584b6fd9b194ac0d3c0a9b1d2f6eea2a6f3ce700917ada0f8e	b757b267368150584b6fd9b194ac0d3c0a9b1d2f6eea2a6f3ce700917ada0f8e		
2a4f5c51e08fe55a	reparent	go/mysql/flavor_mysql.go:138	START REPLICA SQL_THREAD UNTIL SQL_AFTER_GTIDS = '%s'	same	a30302fd1ae42d71f70411dc1f20c11a7cb41b210a04e30ede0fb5996e07d580	a30302fd1ae42d71f70411dc1f20c11a7cb41b210a04e30ede0fb5996e07d580		
31205e99563a047c	reparent	go/mysql/flavor_mysql.go:593	CHANGE REPLICATION SOURCE TO	same	b757b267368150584b6fd9b194ac0d3c0a9b1d2f6eea2a6f3ce700917ada0f8e	b757b267368150584b6fd9b194ac0d3c0a9b1d2f6eea2a6f3ce700917ada0f8e		
3323b8ef77ae17e3	reparent	go/mysql/flavor_mysql.go:623	START REPLICA UNTIL SQL_BEFORE_GTIDS = '%s'	same	cc744bbad7bfaf0e89dec710c97757c36cbb7b2e0b315c4d3a67f4648283c9bd	cc744bbad7bfaf0e89dec710c97757c36cbb7b2e0b315c4d3a67f4648283c9bd		
3b5277bc20503899	reparent	go/mysql/flavor_mysql.go:174;go/mysql/flavor_mysql.go:200;go/mysql/flavor_mysql_legacy.go:147	SET GLOBAL rpl_semi_sync_source_enabled = false, GLOBAL rpl_semi_sync_replica_enabled = false	same	63012f10f8833d7694251adc5a32f12ce1d96d599d07ed43297a1a4de5437f03	63012f10f8833d7694251adc5a32f12ce1d96d599d07ed43297a1a4de5437f03		C-2
3dc007ff6a4a54c3	reparent	go/mysql/flavor_mysql_legacy.go:131	START SLAVE SQL_THREAD	same	9f83c1b9a91712d45d9e79c3e6ecb6d46e803a21d9a81fb1494688901e04d878	9f83c1b9a91712d45d9e79c3e6ecb6d46e803a21d9a81fb1494688901e04d878		
45b7c687819e1cf4	reparent	go/mysql/flavor_mysql.go:176;go/mysql/flavor_mysql.go:202;go/mysql/flavor_mysql_legacy.go:149	SET GLOBAL rpl_semi_sync_master_enabled = false, GLOBAL rpl_semi_sync_slave_enabled = false	same	63012f10f8833d7694251adc5a32f12ce1d96d599d07ed43297a1a4de5437f03	63012f10f8833d7694251adc5a32f12ce1d96d599d07ed43297a1a4de5437f03		C-2
467ae26510e1feac	reparent	go/mysql/flavor_mysql_legacy.go:198	STOP SLAVE FOR CHANNEL ''	same	64c1eec7cc21e5b858a8a1676ad0385c83848f65485a197fba40dfdc66836f3e	64c1eec7cc21e5b858a8a1676ad0385c83848f65485a197fba40dfdc66836f3e		
4697041cea3222df	reparent	go/mysql/flavor_mysql.go:617	CHANGE REPLICATION SOURCE TO SOURCE_HOST='%s', SOURCE_PORT=%d, SOURCE_USER='%s', SOURCE_PASSWORD='%s', GET_SOURCE_PUBLIC_KEY=1, SOURCE_AUTO_POSITION=1;	same	b757b267368150584b6fd9b194ac0d3c0a9b1d2f6eea2a6f3ce700917ada0f8e	b757b267368150584b6fd9b194ac0d3c0a9b1d2f6eea2a6f3ce700917ada0f8e		
4c4211ea7c13d034	reparent	go/mysql/flavor_mysql.go:599	STOP REPLICA IO_THREAD FOR CHANNEL ''	same	6ddf88a0bf2019436d9945b1154e23c76c66c7ba8397605d22df9de5b8efc666	6ddf88a0bf2019436d9945b1154e23c76c66c7ba8397605d22df9de5b8efc666		
4d6e63d3820b90d0	reparent	go/vt/vttablet/tabletmanager/rpc_query.go:48	CHANGE REPLICATION SOURCE TO...	same	b757b267368150584b6fd9b194ac0d3c0a9b1d2f6eea2a6f3ce700917ada0f8e	b757b267368150584b6fd9b194ac0d3c0a9b1d2f6eea2a6f3ce700917ada0f8e		
54ca8faf6ed0e72c	reparent	go/mysql/flavor_mysql.go:336;go/vt/vttablet/tabletmanager/rpc_replication.go:86;go/vt/vttablet/tabletserver/vstreamer/vstreamer.go:57;dynamic:vitess;dynamic:movetables;dynamic:reshard	SHOW REPLICA STATUS	same	91a6ebd019188ac91edcaf9b95b635294243f285fde8ad7432b31064288ff976	91a6ebd019188ac91edcaf9b95b635294243f285fde8ad7432b31064288ff976	instance identity (version, uuid, binlog position): compared by column names	C-7
5a4a3c43d208cdf8	reparent	go/vt/vttablet/tabletserver/vstreamer/snapshot_conn.go:173	FLUSH BINARY LOGS	same	0f444752ba32ebf169f55f78a7bd9ac9f75cd15e3f615ce1f6c156bdefbba6d3	0f444752ba32ebf169f55f78a7bd9ac9f75cd15e3f615ce1f6c156bdefbba6d3		
62be7937677f5d40	reparent	go/mysql/flavor_mysql_legacy.go:95;go/mysql/flavor_mysql_legacy.go:102;go/mysql/flavor_mysql_legacy.go:221	START SLAVE	same	cc744bbad7bfaf0e89dec710c97757c36cbb7b2e0b315c4d3a67f4648283c9bd	cc744bbad7bfaf0e89dec710c97757c36cbb7b2e0b315c4d3a67f4648283c9bd		
63ebe842d37d0ed5	reparent	go/mysql/flavor_mysql.go:122;go/mysql/flavor_mysql.go:129;go/mysql/flavor_mysql.go:621	START REPLICA	same	cc744bbad7bfaf0e89dec710c97757c36cbb7b2e0b315c4d3a67f4648283c9bd	cc744bbad7bfaf0e89dec710c97757c36cbb7b2e0b315c4d3a67f4648283c9bd		
6db052d735d0a5c1	reparent	go/mysql/flavor_mysql_legacy.go:223	START SLAVE UNTIL SQL_BEFORE_GTIDS = '%s'	same	cc744bbad7bfaf0e89dec710c97757c36cbb7b2e0b315c4d3a67f4648283c9bd	cc744bbad7bfaf0e89dec710c97757c36cbb7b2e0b315c4d3a67f4648283c9bd		
750282f69ceab9ad	reparent	go/mysql/flavor_mysql_legacy.go:119;go/mysql/flavor_mysql_legacy.go:138;go/mysql/flavor_mysql_legacy.go:159	RESET SLAVE ALL	same	60f34347e7b87baddc375a5e66082207bfd2898931328e20bd2708c58521eebe	60f34347e7b87baddc375a5e66082207bfd2898931328e20bd2708c58521eebe		
7b0923ee308e1573	reparent	go/mysql/flavor_mysql_legacy.go:100;go/mysql/flavor_mysql_legacy.go:115;go/mysql/flavor_mysql_legacy.go:137	STOP SLAVE	same	64c1eec7cc21e5b858a8a1676ad0385c83848f65485a197fba40dfdc66836f3e	64c1eec7cc21e5b858a8a1676ad0385c83848f65485a197fba40dfdc66836f3e		
7f485faa0b94d955	reparent	go/mysql/flavor_mysql.go:134	START REPLICA UNTIL SQL_AFTER_GTIDS = '%s'	same	cc744bbad7bfaf0e89dec710c97757c36cbb7b2e0b315c4d3a67f4648283c9bd	cc744bbad7bfaf0e89dec710c97757c36cbb7b2e0b315c4d3a67f4648283c9bd		
85a6fe4c49a0b3fc	reparent	go/mysql/flavor_mysql_legacy.go:123	STOP SLAVE IO_THREAD	same	64c1eec7cc21e5b858a8a1676ad0385c83848f65485a197fba40dfdc66836f3e	64c1eec7cc21e5b858a8a1676ad0385c83848f65485a197fba40dfdc66836f3e		
8eac46392ddb1f79	reparent	go/mysql/flavor_mysql_legacy.go:101	RESET SLAVE	same	60f34347e7b87baddc375a5e66082207bfd2898931328e20bd2708c58521eebe	60f34347e7b87baddc375a5e66082207bfd2898931328e20bd2708c58521eebe		
98034e96d5f62a6e	reparent	go/mysql/flavor_mysql.go:127;go/mysql/flavor_mysql.go:142;go/mysql/flavor_mysql.go:164;go/mysql/flavor_mysql.go:190	STOP REPLICA	same	6ddf88a0bf2019436d9945b1154e23c76c66c7ba8397605d22df9de5b8efc666	6ddf88a0bf2019436d9945b1154e23c76c66c7ba8397605d22df9de5b8efc666		
a0a34791e578f339	reparent	go/mysql/flavor_mysql.go:154	STOP REPLICA SQL_THREAD	same	6ddf88a0bf2019436d9945b1154e23c76c66c7ba8397605d22df9de5b8efc666	6ddf88a0bf2019436d9945b1154e23c76c66c7ba8397605d22df9de5b8efc666		
a9ec059bff648fab	reparent	go/mysql/flavor_mysql_legacy.go:111	START SLAVE SQL_THREAD UNTIL SQL_AFTER_GTIDS = '%s'	same	a30302fd1ae42d71f70411dc1f20c11a7cb41b210a04e30ede0fb5996e07d580	a30302fd1ae42d71f70411dc1f20c11a7cb41b210a04e30ede0fb5996e07d580		
aa0a7f567c70ac27	reparent	go/mysql/flavor_mysql.go:246;go/mysql/flavor_mysql.go:254;go/mysql/flavor_mysql_legacy.go:272	SET GLOBAL gtid_purged = '%s'	same	c6747964530c3ec412b8b38dbf8fe88fa70e877b3d83c52d6db6f7059bcdd903	c6747964530c3ec412b8b38dbf8fe88fa70e877b3d83c52d6db6f7059bcdd903	instance identity (version, uuid, binlog position): compared by column names	C-7
ad612914697d22ec	reparent	go/mysql/flavor_mysql_legacy.go:199	STOP SLAVE IO_THREAD FOR CHANNEL ''	same	64c1eec7cc21e5b858a8a1676ad0385c83848f65485a197fba40dfdc66836f3e	64c1eec7cc21e5b858a8a1676ad0385c83848f65485a197fba40dfdc66836f3e		
b05736efdccca11c	reparent	go/mysql/flavor_mysql.go:128	RESET REPLICA	same	0f444752ba32ebf169f55f78a7bd9ac9f75cd15e3f615ce1f6c156bdefbba6d3	0f444752ba32ebf169f55f78a7bd9ac9f75cd15e3f615ce1f6c156bdefbba6d3		
b1817e3ca2113751	reparent	go/mysql/flavor_mysql.go:158	START REPLICA SQL_THREAD	same	9f83c1b9a91712d45d9e79c3e6ecb6d46e803a21d9a81fb1494688901e04d878	9f83c1b9a91712d45d9e79c3e6ecb6d46e803a21d9a81fb1494688901e04d878		
b88c0689b1d9ad98	reparent	go/mysql/flavor_mysql.go:279;go/vt/vttablet/tabletmanager/rpc_replication.go:96	SHOW BINARY LOG STATUS	same	b757b267368150584b6fd9b194ac0d3c0a9b1d2f6eea2a6f3ce700917ada0f8e	b757b267368150584b6fd9b194ac0d3c0a9b1d2f6eea2a6f3ce700917ada0f8e	instance identity (version, uuid, binlog position): compared by column names	C-7
d043b75b5afb5c07	reparent	go/vt/vttablet/tabletmanager/rpc_lock_tables.go:71;go/vt/vttablet/tabletserver/vstreamer/snapshot_conn.go:216	FLUSH TABLES WITH READ LOCK	same	0f444752ba32ebf169f55f78a7bd9ac9f75cd15e3f615ce1f6c156bdefbba6d3	0f444752ba32ebf169f55f78a7bd9ac9f75cd15e3f615ce1f6c156bdefbba6d3		
d12b85ebd4907a99	reparent	go/mysql/flavor_mysql_legacy.go:107	START SLAVE UNTIL SQL_AFTER_GTIDS = '%s'	same	cc744bbad7bfaf0e89dec710c97757c36cbb7b2e0b315c4d3a67f4648283c9bd	cc744bbad7bfaf0e89dec710c97757c36cbb7b2e0b315c4d3a67f4648283c9bd		
d600e4aeb9c7f15f	reparent	go/mysql/flavor_mysql_legacy.go:217	CHANGE MASTER TO MASTER_HOST='%s', MASTER_PORT=%d, MASTER_USER='%s', MASTER_PASSWORD='%s', GET_MASTER_PUBLIC_KEY=1, MASTER_AUTO_POSITION=1;	same	b757b267368150584b6fd9b194ac0d3c0a9b1d2f6eea2a6f3ce700917ada0f8e	b757b267368150584b6fd9b194ac0d3c0a9b1d2f6eea2a6f3ce700917ada0f8e		
da6a3d71730d213a	reparent	go/vt/vttablet/tabletserver/vstreamer/snapshot_conn.go:159;dynamic:vitess;dynamic:movetables;dynamic:reshard	SHOW BINARY LOGS	same	b3e4e2c68eeb774030cfe9f31a33a5dc0369e5c5ee2836c6317aa0b84e5d84ef	b3e4e2c68eeb774030cfe9f31a33a5dc0369e5c5ee2836c6317aa0b84e5d84ef	instance identity (version, uuid, binlog position): compared by column names	C-7
e4674f6a7df374a4	reparent	go/mysql/flavor_mysql_legacy.go:127	STOP SLAVE SQL_THREAD	same	64c1eec7cc21e5b858a8a1676ad0385c83848f65485a197fba40dfdc66836f3e	64c1eec7cc21e5b858a8a1676ad0385c83848f65485a197fba40dfdc66836f3e		
eb4ba28232199b85	reparent	go/mysql/flavor_mysql.go:146;go/mysql/flavor_mysql.go:165;go/mysql/flavor_mysql.go:191;go/mysql/flavor_mysql.go:217	RESET REPLICA ALL	same	0f444752ba32ebf169f55f78a7bd9ac9f75cd15e3f615ce1f6c156bdefbba6d3	0f444752ba32ebf169f55f78a7bd9ac9f75cd15e3f615ce1f6c156bdefbba6d3		
eba2df98faa2516e	reparent	go/vt/vttablet/tabletmanager/restore.go:347	CHANGE [MASTER|REPLICATION SOURCE] TO ...	same	b757b267368150584b6fd9b194ac0d3c0a9b1d2f6eea2a6f3ce700917ada0f8e	b757b267368150584b6fd9b194ac0d3c0a9b1d2f6eea2a6f3ce700917ada0f8e		
f13f49549790be5e	reparent	go/mysql/flavor_mysql_legacy.go:204	CHANGE MASTER TO MASTER_HOST='%s', MASTER_PORT=%d, MASTER_USER='%s', MASTER_PASSWORD='%s', MASTER_AUTO_POSITION=1, MASTER_SSL=1	same	b757b267368150584b6fd9b194ac0d3c0a9b1d2f6eea2a6f3ce700917ada0f8e	b757b267368150584b6fd9b194ac0d3c0a9b1d2f6eea2a6f3ce700917ada0f8e		
f8430d203e815531	reparent	go/mysql/flavor_mysql.go:604	CHANGE REPLICATION SOURCE TO SOURCE_HOST='%s', SOURCE_PORT=%d, SOURCE_USER='%s', SOURCE_PASSWORD='%s', SOURCE_AUTO_POSITION=1, SOURCE_SSL=1	same	b757b267368150584b6fd9b194ac0d3c0a9b1d2f6eea2a6f3ce700917ada0f8e	b757b267368150584b6fd9b194ac0d3c0a9b1d2f6eea2a6f3ce700917ada0f8e		
f8cc2bccb32961af	reparent	go/mysql/flavor_mysql.go:73;dynamic:vitess;dynamic:keyspace-vschema;dynamic:movetables;dynamic:reshard	SELECT @@global.gtid_executed	same	eca80a88e293f9a70142a0c011a763a7d0ddbf9edf25c3b878813c57b115fd5d	eca80a88e293f9a70142a0c011a763a7d0ddbf9edf25c3b878813c57b115fd5d	instance identity (version, uuid, binlog position): compared by column names	C-6,C-7
f94beb4db15fffb8	reparent	go/mysql/flavor_mysql_legacy.go:166;go/vt/vttablet/tabletserver/vstreamer/vstreamer.go:58	SHOW SLAVE STATUS	same	eab880807f12429d732498cc4ac8a1b55d0cc5ac51ebce6b6951d4a082b53776	eab880807f12429d732498cc4ac8a1b55d0cc5ac51ebce6b6951d4a082b53776	instance identity (version, uuid, binlog position): compared by column names	C-7
0151caf0313b0e6c	schema-engine	dynamic:vitess;dynamic:keyspace-vschema;dynamic:movetables	show create table sales_extra	differs	0341017157a720550255a9c8a4a0aeab286ba66a459fb53c12ef2b3a75d062b9	6602cd356faeff6b1586db4841ac8f729998ccc67bf0588f3ee2b81d1ce70373	row values differ	C-6
01a2c161a461fbeb	schema-engine	dynamic:vitess;dynamic:movetables;dynamic:reshard	select table_name, table_rows, data_length from information_schema.tables where table_schema = 'vt_customer' and table_name in ('/.*')	same	c42eaa5534d9fe71bf344e0b57bdf41d60ea1c3e3cec421c916d8ffa81bca065	c42eaa5534d9fe71bf344e0b57bdf41d60ea1c3e3cec421c916d8ffa81bca065		C-6
01c86e3ad989b08d	schema-engine	dynamic:vitess;dynamic:keyspace-vschema;dynamic:movetables	show create table unq_binary_idx	differs	cc96727eafcbb97745e4acb0e688be7952802709c42572ff4232ad0cc3744db5	977555bd189e7a3f266c5ba3bf65c2b234b9c8b71c06e9f7705e9cd4b3603d03	row values differ	C-6
0537a65ec92f9a02	schema-engine	go/vt/vttablet/tabletserver/vstreamer/vstreamer.go:56;dynamic:vitess;dynamic:movetables;dynamic:reshard	select count as history_len from information_schema.INNODB_METRICS where name = 'trx_rseg_history_len'	differs	744fc785166e4d0f98384ac62706ea2c7be59f70bb39a28438ac16ced7b7ea2f	f67a3087ec086016fc34e85782ff4284ea42c7c55dba46b9b70520b258016dcf	row values differ	C-6
06a6aa4781e58561	schema-engine	go/vt/vttablet/onlineddl/schema.go:573	SELECT DISTINCT threads.processlist_id from performance_schema.metadata_locks join performance_schema.threads on (metadata_locks.OWNER_THREAD_ID=threads.THREAD_ID) where metadata_locks.OBJECT_SCHEMA=database() AND metadata_locks.OBJECT_NAME=%a	same	b757b267368150584b6fd9b194ac0d3c0a9b1d2f6eea2a6f3ce700917ada0f8e	b757b267368150584b6fd9b194ac0d3c0a9b1d2f6eea2a6f3ce700917ada0f8e		C-6
0835a49a080690bd	schema-engine	dynamic:vitess;dynamic:keyspace-vschema;dynamic:movetables;dynamic:onlineddl	SHOW CREATE TABLE `vt_commerce`.`unsharded_a`	differs	9292c4092365f5355e03f354d82ffe753ec17bb0a7b269897255d75c1c5e6deb	827379ba2169ea7e53e5a3c01040dcc40b9fef482a2c9b97b72bed3ae5037a13	row values differ	C-6
08ca36eb4e33b493	schema-engine	go/vt/vttablet/tabletserver/schema/db.go:96	SELECT name FROM ( SELECT name FROM mysql.func UNION ALL SELECT function_name FROM %s.udfs ) _inner GROUP BY name HAVING COUNT(*) = 1 LIMIT 1	same	b757b267368150584b6fd9b194ac0d3c0a9b1d2f6eea2a6f3ce700917ada0f8e	b757b267368150584b6fd9b194ac0d3c0a9b1d2f6eea2a6f3ce700917ada0f8e		
093147acbee5ec74	schema-engine	go/vt/vttablet/tabletmanager/rpc_vreplication.go:82	select count(*)>0 as good from mysql.user as u left join mysql.db as d on (u.user = d.user) left join mysql.tables_priv as t on (u.user = t.user) where u.user = %a and ( (u.select_priv = 'y' and u.insert_priv = 'y' and u.update_priv = 'y' and u.delete_priv = 'y') /* user has global privs */ or (%a LIKE d.db escape '\\\\' and d.select_priv = 'y' and d.insert_priv = 'y' and d.update_priv = 'y' and d.delete_priv = 'y') /* user has db privs */ or (%a LIKE t.db escape '\\\\' and t.table_name = 'vreplication' and find_in_set('select', t.table_priv) and find_in_set('insert', t.table_priv) and find_in_set('update', t.table_priv) and find_in_set('delete', t.table_priv) ) ) limit 1	same	b757b267368150584b6fd9b194ac0d3c0a9b1d2f6eea2a6f3ce700917ada0f8e	b757b267368150584b6fd9b194ac0d3c0a9b1d2f6eea2a6f3ce700917ada0f8e		
0c88e2dd67dc85a5	schema-engine	go/mysql/flavor_mysql.go:498	select table_name, index_name, stat_value * @@innodb_page_size from mysql.innodb_index_stats where database_name = database() and stat_name = 'size'	same	4bb9b15012ad7b31bf23e133651439c8beab2d1142183307d8105d4abf1f4d08	4bb9b15012ad7b31bf23e133651439c8beab2d1142183307d8105d4abf1f4d08		C-6
0da3c7303cf38b99	schema-engine	dynamic:vitess;dynamic:keyspace-vschema	show create table multicolvin	differs	67fe2338ed09d270767cf232bc9c6bec7c0522890d586be11a6587c4605f7655	7cad54f1783c643342a8d071fad65ded84bce2140bfcc0b4158a7bc0ac2d62fa	row values differ	C-6
108bee8e09de9e28	schema-engine	dynamic:vitess;dynamic:keyspace-vschema;dynamic:movetables;dynamic:onlineddl	SHOW CREATE TABLE `vt_commerce`.`unsharded_auto`	differs	fe8b657c1b9392238895d302bc1415a4397f2b385ade4c95859ae08c9fae4d11	a9e5a18da90d1e9115e8bda647a011aa52b8cf7d68da48819177877d0f6f19d3	row values differ	C-6
11028a4a5a5cb9ae	schema-engine	dynamic:vitess;dynamic:keyspace-vschema;dynamic:movetables;dynamic:onlineddl	SHOW CREATE TABLE `vt_commerce`.`sales_extra`	differs	0341017157a720550255a9c8a4a0aeab286ba66a459fb53c12ef2b3a75d062b9	6602cd356faeff6b1586db4841ac8f729998ccc67bf0588f3ee2b81d1ce70373	row values differ	C-6
12e5c0e35943022b	schema-engine	dynamic:vitess;dynamic:keyspace-vschema;dynamic:movetables;dynamic:onlineddl	SHOW CREATE TABLE `vt_commerce`.`authoritative`	differs	a832ba2898620a34c751219d3db367b364abedc000fe6bfe2de8ea2bb5a9aac1	cc9a9b1113b43677037b72862f4edea9c81cadf00f3fb86be75d6ef674d1ec5d	row values differ	C-6
17dfbaa15bf8cda5	schema-engine	dynamic:vitess;dynamic:keyspace-vschema;dynamic:movetables	show create table authoritative	differs	a832ba2898620a34c751219d3db367b364abedc000fe6bfe2de8ea2bb5a9aac1	cc9a9b1113b43677037b72862f4edea9c81cadf00f3fb86be75d6ef674d1ec5d	row values differ	C-6
1ad907d19179faa2	schema-engine	dynamic:vitess;dynamic:keyspace-vschema;dynamic:movetables;dynamic:onlineddl	SHOW CREATE TABLE `vt_commerce`.`name_user_vdx`	differs	b237354b9733d1d9169efe5317b5100b3e3985676effa86825e07d3d233ee8ce	ac3e3949eff6130f01e42016abd484a4d8b3064311379223ec9b0ae2e7b003d4	row values differ	C-6
1c1cc2378ffc09be	schema-engine	go/mysql/flavor_mysqlgr.go:181	SELECT SERVICE_STATE FROM performance_schema.replication_applier_status_by_coordinator WHERE CHANNEL_NAME='%s'	same	671acc9573f4bd475ee387baab2715c54b8c1989a4419f9639fec7fdae34a001	671acc9573f4bd475ee387baab2715c54b8c1989a4419f9639fec7fdae34a001		C-6
1c2eee897eb99584	schema-engine	dynamic:vitess;dynamic:keyspace-vschema;dynamic:movetables	show create table ref	differs	70eb818c2f967cf3f3cd7d70aa457bb07c281406924099de30ebead63457edba	f8798e5a7ebd40e7ad68c6f97f41d1cf8e6881c64b0a15f22d9ae62ae8991896	row values differ	C-6
1c484aec898600ac	schema-engine	dynamic:vitess;dynamic:keyspace-vschema;dynamic:vtgate;dynamic:movetables;dynamic:onlineddl	SHOW CREATE TABLE `product`	differs	3fc6eb4117dc5cd969f6a53d0acaff8afbc31ba667932cfa036a992b7a86f1fb	2aca80bea3eee5518d1251b6b77a4a02537ea77ef939b3d0d7f6cc8c9cb7a4ed	row values differ	C-6
1cf70625835996f5	schema-engine	dynamic:vitess;dynamic:movetables;dynamic:reshard	SELECT table_name, table_type, data_length, table_rows FROM information_schema.tables WHERE table_schema = 'vt_customer'	differs	a102742be22418258db27f6927dff1bb63bb968ec8fd1761cf8bbd2d2c706bdd	ddfd06a526c4eb4d8d5fe5358e2b29981b8d6ad14a1405f4ae4fddf0a3d17de8	row values differ	C-6
1d41da8fc8a30d20	schema-engine	go/mysql/flavor_mysqlgr.go:196	SELECT TIMESTAMPDIFF(SECOND, LAST_PROCESSED_TRANSACTION_ORIGINAL_COMMIT_TIMESTAMP, LAST_PROCESSED_TRANSACTION_END_BUFFER_TIMESTAMP) FROM performance_schema.replication_applier_status_by_coordinator WHERE CHANNEL_NAME='%s'	same	2e4302895e73ee369c8db831d7f8fdec862d7791a777e9cd2bfb4e760b585bed	2e4302895e73ee369c8db831d7f8fdec862d7791a777e9cd2bfb4e760b585bed		C-6
1de4f4ae4395d6ed	schema-engine	go/mysql/flavor_mysqlgr.go:137	SELECT MEMBER_STATE FROM performance_schema.replication_group_members WHERE MEMBER_HOST=convert(@@hostname using ascii) AND MEMBER_PORT=@@port	same	7a1bf57d55ba7f4cbbde0accfbc202dcc61aa13c441f0f427c43329213ae39e1	7a1bf57d55ba7f4cbbde0accfbc202dcc61aa13c441f0f427c43329213ae39e1	instance identity (version, uuid, binlog position): compared by column names	C-6
20fb4c2be3517bc4	schema-engine	dynamic:vitess;dynamic:keyspace-vschema;dynamic:movetables;dynamic:onlineddl	SHOW CREATE TABLE `vt_commerce`.`unsharded_b`	differs	473bdcc4ca38ee240fa363e8772d40b62b7ded80bd1f3ad5a1cefa99b5c0aafa	59730a86e788a2303bfde13b876f939257f893e77e7ad99e2746e27258559354	row values differ	C-6
223654c8bcc04916	schema-engine	dynamic:vitess;dynamic:movetables;dynamic:reshard	SHOW CREATE DATABASE IF NOT EXISTS `vt_customer`	same	0cf6cb38bb1e74e6f4c339db8a20c22389acaf4807a093c826b2a7b32d973eb6	0cf6cb38bb1e74e6f4c339db8a20c22389acaf4807a093c826b2a7b32d973eb6		C-6
231dd3c58e06bf0f	schema-engine	dynamic:vitess;dynamic:keyspace-vschema;dynamic:movetables;dynamic:reshard	show create table shopper	same	99cadf2aabf25ade2defd6c9047547939765b0d07a7f2ddb7379dccb3c649ce1	99cadf2aabf25ade2defd6c9047547939765b0d07a7f2ddb7379dccb3c649ce1		C-6
2400bf34682a1220	schema-engine	go/vt/vttablet/tabletserver/schema/tracker.go:283	insert into %s.schema_version	same	b757b267368150584b6fd9b194ac0d3c0a9b1d2f6eea2a6f3ce700917ada0f8e	b757b267368150584b6fd9b194ac0d3c0a9b1d2f6eea2a6f3ce700917ada0f8e		
253e0fea81c5725a	schema-engine	go/vt/vttablet/tabletmanager/vdiff/schema.go:55	select table_name as table_name, table_rows as table_rows from INFORMATION_SCHEMA.TABLES where table_schema = %s and table_name in (%s) order by table_name	same	b757b267368150584b6fd9b194ac0d3c0a9b1d2f6eea2a6f3ce700917ada0f8e	b757b267368150584b6fd9b194ac0d3c0a9b1d2f6eea2a6f3ce700917ada0f8e		C-6
26589f175c71f91f	schema-engine	dynamic:vitess;dynamic:keyspace-vschema;dynamic:movetables	show create table user_extra	differs	42f91be04511e5d79253d6b6d58457edfc6af26aac43460eaa988784f829524a	8d8bc63d2f24119a416347be84c59a1ccc7f06bf5b9b4f955d781cf060e6ca87	row values differ	C-6
2a4af56572ef31f4	schema-engine	dynamic:vitess;dynamic:keyspace-vschema;dynamic:movetables;dynamic:onlineddl	SHOW CREATE TABLE `vt_commerce`.`product`	differs	3fc6eb4117dc5cd969f6a53d0acaff8afbc31ba667932cfa036a992b7a86f1fb	2aca80bea3eee5518d1251b6b77a4a02537ea77ef939b3d0d7f6cc8c9cb7a4ed	row values differ	C-6
2a6bb2bb1e63b8e0	schema-engine	dynamic:vitess;dynamic:bringup;dynamic:reshard	show full tables like '\\_vt\\_%'	same	572480d8cf0a71bd1be15e411404d30806b5f5e4161f513809e91b65760c6d58	572480d8cf0a71bd1be15e411404d30806b5f5e4161f513809e91b65760c6d58		C-6
2c1f734b038c22c6	schema-engine	dynamic:vitess;dynamic:keyspace-vschema;dynamic:movetables;dynamic:onlineddl	SHOW CREATE TABLE `vt_commerce`.`seq`	differs	02d63ddda1498e8b58ce2578e81de11f8fef8bba22ae9ff4c09a5564d3e4a6d8	8cdea05f10fa8dadd8dc44cbc0a8c22699b5ea694ecca8a402275d6e0f18ae3f	row values differ	C-6
2dcfb0db43b808db	schema-engine	go/vt/vttablet/tabletmanager/semisyncmonitor/monitor.go:54	SELECT /*+ MAX_EXECUTION_TIME(%d) */ variable_name, variable_value FROM performance_schema.global_status WHERE REGEXP_LIKE(variable_name, 'Rpl_semi_sync_(source|master)_(wait_sessions|yes_tx)')	differs	89d2a01609596993b11e0118261b17e3d0d5f5e3fa14c2a941711116f42e341c	72d4ebc1e5b1c99c296b025e2507a51dc0e9ec616eab55f95c76257c5a3d67f7	row count 2 vs 0	C-6
2f14791b5d3437e2	schema-engine	dynamic:vitess;dynamic:keyspace-vschema;dynamic:movetables	SHOW CREATE TABLE `vt_commerce`.`shopper`	same	99cadf2aabf25ade2defd6c9047547939765b0d07a7f2ddb7379dccb3c649ce1	99cadf2aabf25ade2defd6c9047547939765b0d07a7f2ddb7379dccb3c649ce1		C-6
2f1e8b71925085cd	schema-engine	go/vt/vttablet/tabletserver/schema/db.go:46	select table_name, create_statement from %s.tables where table_schema = database() and table_name in ::tableNames	same	b757b267368150584b6fd9b194ac0d3c0a9b1d2f6eea2a6f3ce700917ada0f8e	b757b267368150584b6fd9b194ac0d3c0a9b1d2f6eea2a6f3ce700917ada0f8e		
2f65728abb1f238c	schema-engine	dynamic:vitess;dynamic:keyspace-vschema	show create table samecolvin	differs	a2763b80e41e4edec5eab77a65d7a3e9ac32c73454e16f24249aed7800b5dd05	bfc360a2ce8dbfdc03389411fd31dc18fe2ad4c92bc4892ed494f8b4403467ee	row values differ	C-6
2faec7eb018810a1	schema-engine	go/vt/vttablet/onlineddl/schema.go:563	SELECT id, Info as info FROM information_schema.processlist WHERE Info LIKE %a and id != connection_id()	same	b757b267368150584b6fd9b194ac0d3c0a9b1d2f6eea2a6f3ce700917ada0f8e	b757b267368150584b6fd9b194ac0d3c0a9b1d2f6eea2a6f3ce700917ada0f8e		C-6
30fb0194c6c0af74	schema-engine	go/vt/vttablet/onlineddl/schema.go:562;dynamic:vitess;dynamic:onlineddl	SELECT id, Info as info FROM information_schema.processlist WHERE id=333 AND Info LIKE '%rename%'	same	1f4a8947f617f8040e2a0a4c95363cbde6d74f43ed2af35c0b80ce15faa4aaf5	1f4a8947f617f8040e2a0a4c95363cbde6d74f43ed2af35c0b80ce15faa4aaf5		C-6
316d09f7561abb1b	schema-engine	dynamic:vitess;dynamic:keyspace-vschema;dynamic:movetables;dynamic:onlineddl	SHOW CREATE TABLE `vt_commerce`.`source_of_ref`	differs	fae7d3749f56dccbed0e5cc6a935938c80fead01216da435ca33f6bc6ce2fd5c	99bb6fde80b5920d3b0a2b68a4b39c3d434502f37357882337b06590a6451360	row values differ	C-6
31948e133b151844	schema-engine	dynamic:vitess;dynamic:keyspace-vschema;dynamic:movetables;dynamic:onlineddl	SHOW CREATE TABLE `vt_commerce`.`user`	differs	44ae6a1b80d7bb9bb288804ec7fca6861e7035f834b7357f0235fb4c35a2e289	8df7c87d5dc754221ba77bb03bc6f3b92cd160721a8e1ccb655384d3168843ef	row values differ	C-6
3233194f60140568	schema-engine	dynamic:vitess;dynamic:vtgate	select distinct CHARACTER_SET_NAME, DEFAULT_COLLATE_NAME, DESCRIPTION, MAXLEN from information_schema.CHARACTER_SETS limit 10001	same	892cffdd9d3fcc65d8f7e710063b7966dc6e9ebf24d09235481d5f0608c5ea03	892cffdd9d3fcc65d8f7e710063b7966dc6e9ebf24d09235481d5f0608c5ea03		C-6
35cefd8ca519fb3f	schema-engine	dynamic:vitess;dynamic:keyspace-vschema;dynamic:movetables;dynamic:onlineddl	SHOW CREATE TABLE `vt_commerce`.`costly_map`	differs	2d417ce26bd153ed0f65de4dfffa1e4a5690f67b9024a94f42b99947d142ce0d	8eb7b6a525009a50d302fbbde5fc10175e05c3af2546ed2d69e498a60f8bb9a5	row values differ	C-6
366166826d4419ba	schema-engine	go/vt/sidecardb/sidecardb.go:55	show create table %s.%s	same	b757b267368150584b6fd9b194ac0d3c0a9b1d2f6eea2a6f3ce700917ada0f8e	b757b267368150584b6fd9b194ac0d3c0a9b1d2f6eea2a6f3ce700917ada0f8e		C-6
39847881fffea6da	schema-engine	dynamic:vitess;dynamic:keyspace-vschema;dynamic:movetables;dynamic:onlineddl	SHOW CREATE TABLE `vt_commerce`.`t1`	differs	78b8fc68c55d9ae1377df3108cda14948dc0ba3c435832f8fb7bd9c0910325b5	5388c1f555a5d50e1e004b722a90ab0687dff9f0a99c1acf57ac72c2b1ae6083	row values differ	C-6
3a508969b5b38626	schema-engine	go/vt/vttablet/tabletserver/schema/db.go:84	select table_name, create_statement from %s.views where table_schema = database() and table_name in ::viewNames	same	b757b267368150584b6fd9b194ac0d3c0a9b1d2f6eea2a6f3ce700917ada0f8e	b757b267368150584b6fd9b194ac0d3c0a9b1d2f6eea2a6f3ce700917ada0f8e		
3c69f5c92caf6b16	schema-engine	dynamic:vitess;dynamic:keyspace-vschema;dynamic:movetables;dynamic:onlineddl	SHOW CREATE TABLE `vt_commerce`.`multicol_tbl`	differs	004ef3811a8a389f3c39e9ad953dd32fc0642d866ad2446d4837ce8b8f2f0c03	e0737a90c2fccd9c92ff322cc1bf47210e155f77ea8cb3608bd98fb0f9ef25f8	row values differ	C-6
3d8f234b64321a61	schema-engine	dynamic:vitess;dynamic:keyspace-vschema;dynamic:movetables;dynamic:onlineddl	SHOW CREATE TABLE `vt_commerce`.`multicolvin`	differs	67fe2338ed09d270767cf232bc9c6bec7c0522890d586be11a6587c4605f7655	7cad54f1783c643342a8d071fad65ded84bce2140bfcc0b4158a7bc0ac2d62fa	row values differ	C-6
4538842d6500ddfa	schema-engine	dynamic:vitess;dynamic:bringup;dynamic:keyspace-vschema;dynamic:movetables;dynamic:reshard	SELECT t.table_name,\n\t\tt.table_type,\n\t\tUNIX_TIMESTAMP(t.create_time),\n\t\tt.table_comment\n\tFROM information_schema.tables t\n\tWHERE\n\t\tt.table_schema = database()	differs	d1eb188799c52d94ec1e1744c591704cac7c8d3193ba609965f7950f71932087	8f9e4882ffdb6ba5398c02bcd6b1d505114e2eacc38d153c4aae2ce3c31e1cfb	row values differ	C-6
49144c86fa0a7e99	schema-engine	go/vt/vttablet/tabletserver/schema/db.go:115	INSERT INTO %s.udfs(FUNCTION_NAME, FUNCTION_RETURN_TYPE, FUNCTION_TYPE) SELECT f.name, i.UDF_RETURN_TYPE, f.type FROM mysql.func f left join performance_schema.user_defined_functions i on f.name = i.udf_name	same	b757b267368150584b6fd9b194ac0d3c0a9b1d2f6eea2a6f3ce700917ada0f8e	b757b267368150584b6fd9b194ac0d3c0a9b1d2f6eea2a6f3ce700917ada0f8e		C-6
4aebebe71763ea7a	schema-engine	dynamic:vitess;dynamic:keyspace-vschema	show create table unsharded_auto	differs	fe8b657c1b9392238895d302bc1415a4397f2b385ade4c95859ae08c9fae4d11	a9e5a18da90d1e9115e8bda647a011aa52b8cf7d68da48819177877d0f6f19d3	row values differ	C-6
4b697e3f8ea37560	schema-engine	dynamic:vitess;dynamic:keyspace-vschema	show create table unsharded_b	differs	473bdcc4ca38ee240fa363e8772d40b62b7ded80bd1f3ad5a1cefa99b5c0aafa	59730a86e788a2303bfde13b876f939257f893e77e7ad99e2746e27258559354	row values differ	C-6
4c647612e1d6e22c	schema-engine	go/vt/vttablet/tabletserver/schema/db.go:87	select table_name, create_statement from %s.views where table_schema = database()	same	b757b267368150584b6fd9b194ac0d3c0a9b1d2f6eea2a6f3ce700917ada0f8e	b757b267368150584b6fd9b194ac0d3c0a9b1d2f6eea2a6f3ce700917ada0f8e		
4e88088ddc55c1fe	schema-engine	dynamic:vitess;dynamic:keyspace-vschema;dynamic:movetables;dynamic:reshard;dynamic:onlineddl	SELECT table_name, table_type, data_length, table_rows FROM information_schema.tables WHERE table_schema = 'vt_customer' AND table_type = 'BASE TABLE'	differs	a102742be22418258db27f6927dff1bb63bb968ec8fd1761cf8bbd2d2c706bdd	ddfd06a526c4eb4d8d5fe5358e2b29981b8d6ad14a1405f4ae4fddf0a3d17de8	row values differ	C-6
4ead3006947870a8	schema-engine	dynamic:vitess;dynamic:movetables;dynamic:reshard	SHOW CREATE TABLE `vt_customer`.`corder`	differs	9c54a7274dd68bc80ac6afd78b5d41210a85027c54e70b075106ebdcd707957d	681dc447d848573fae0922250af6651c88af0f8721b0547f37be743a03b6ae1f	row values differ	C-6
4ed056bb6a9ed75b	schema-engine	dynamic:vitess;dynamic:keyspace-vschema;dynamic:movetables;dynamic:onlineddl	SHOW CREATE TABLE `vt_commerce`.`name_user_map`	differs	62ecf9e39ff0c88d077e81c68dbbb08a236031d68fd324d2d617c433bf06469b	ecc7419a6446174aa9cce87747871cac3a815d93462a8e9b5cd874cdaa048805	row values differ	C-6
514400fed44fee01	schema-engine	dynamic:vitess;dynamic:keyspace-vschema;dynamic:movetables;dynamic:onlineddl	SHOW CREATE TABLE `vt_commerce`.`cfc_vindex_col`	differs	ec461995901c7253a7cde70b624df2022327b002cb2615652ae26457fae6712f	13c68ebb7b3c8c5d2af12d865ba2b9a7bfdf0a7c8be43c7b8555d2bdcf4e614a	row values differ	C-6
51b7341ddff27719	schema-engine	dynamic:vitess;dynamic:keyspace-vschema;dynamic:movetables;dynamic:onlineddl	SHOW CREATE TABLE `vt_commerce`.`ref`	differs	70eb818c2f967cf3f3cd7d70aa457bb07c281406924099de30ebead63457edba	f8798e5a7ebd40e7ad68c6f97f41d1cf8e6881c64b0a15f22d9ae62ae8991896	row values differ	C-6
53f8afbbf65a8269	schema-engine	go/vt/vttablet/tabletserver/vstreamer/vstreamer.go:1099;dynamic:vitess;dynamic:movetables;dynamic:reshard	select column_name, column_type, collation_name from information_schema.columns where table_schema='vt_customer' and table_name='corder'	same	642fbd43dbbc56bb719566895afb0c85db7c1a6cbe6e89c55f79afaaf17216bd	642fbd43dbbc56bb719566895afb0c85db7c1a6cbe6e89c55f79afaaf17216bd		C-6
5567d9141e35e260	schema-engine	go/mysql/flavor_mysqlgr.go:167	SELECT SERVICE_STATE FROM performance_schema.replication_connection_status WHERE CHANNEL_NAME='%s'	same	671acc9573f4bd475ee387baab2715c54b8c1989a4419f9639fec7fdae34a001	671acc9573f4bd475ee387baab2715c54b8c1989a4419f9639fec7fdae34a001		C-6
57001053f0b3fd9d	schema-engine	go/vt/vttablet/onlineddl/schema.go:504;dynamic:vitess;dynamic:onlineddl	SHOW TABLE STATUS LIKE 'product'	differs	33c049aa99b43123634420d7833c324de699a6667e11dc08f5fc85854574a428	6884323dbff7bfc1a84fa000a3ede4aa3510698635e4b1d992b3d7bfaa54a1d9	row values differ	C-6
5805bb421c2d7659	schema-engine	go/mysql/flavor_mysql.go:423	SELECT t.table_name, t.table_type, UNIX_TIMESTAMP(t.create_time), t.table_comment FROM information_schema.tables t WHERE t.table_schema = database()	same	91581cbd378badab5f0d7bfddae336afad2e699f5b4e4c1df0931f520c81767e	91581cbd378badab5f0d7bfddae336afad2e699f5b4e4c1df0931f520c81767e		C-6
58399061ad90ac0e	schema-engine	dynamic:vitess;dynamic:movetables;dynamic:onlineddl	SELECT index_cols.COLUMN_NAME AS column_name, index_cols.INDEX_NAME as index_name FROM information_schema.STATISTICS AS index_cols INNER JOIN\n            (\n                SELECT stats.INDEX_NAME, SUM(\n                                              CASE LOWER(cols.DATA_TYPE)\n                                                WHEN 'enum' THEN 0\n                                                WHEN 'tinyint' THEN 1\n                                                WHEN 'year' THEN 2\n                                                WHEN 'smallint' THEN 3\n                                                WHEN 'date' THEN 4\n                                                WHEN 'mediumint' THEN 5\n                                                WHEN 'time' THEN 6\n                                                WHEN 'int' THEN 7\n                                                WHEN 'set' THEN 8\n                                                WHEN 'timestamp' THEN 9\n                                                WHEN 'bigint' THEN 10\n                                                WHEN 'float' THEN 11\n                                                WHEN 'double' THEN 12\n                                                WHEN 'decimal' THEN 13\n                                                WHEN 'datetime' THEN 14\n                                                WHEN 'binary' THEN 30\n                                                WHEN 'char' THEN 31\n                                                WHEN 'varbinary' THEN 60\n                                                WHEN 'varchar' THEN 61\n                                                WHEN 'tinyblob' THEN 80\n                                                WHEN 'tinytext' THEN 81\n                                                ELSE 1000\n                                              END\n                                            ) AS type_cost, COUNT(stats.COLUMN_NAME) AS col_count FROM information_schema.STATISTICS AS stats INNER JOIN\n                  information_schema.COLUMNS AS cols ON stats.TABLE_SCHEMA = cols.TABLE_SCHEMA AND stats.TABLE_NAME = cols.TABLE_NAME AND stats.COLUMN_NAME = cols.COLUMN_NAME\n                WHERE stats.TABLE_SCHEMA = 'vt_commerce' AND stats.TABLE_NAME = 'costly_map' AND stats.INDEX_NAME NOT IN\n                (\n                    SELECT DISTINCT INDEX_NAME FROM information_schema.STATISTICS\n                    WHERE TABLE_SCHEMA = 'vt_commerce' AND TABLE_NAME = 'costly_map' AND (NON_UNIQUE = 1 OR NULLABLE = 'YES')\n                )\n                GROUP BY INDEX_NAME ORDER BY type_cost ASC, col_count ASC LIMIT 1\n            ) AS pke ON index_cols.INDEX_NAME = pke.INDEX_NAME\n            WHERE index_cols.TABLE_SCHEMA = 'vt_commerce' AND index_cols.TABLE_NAME = 'costly_map' AND NON_UNIQUE = 0 AND NULLABLE != 'YES'\n            ORDER BY SEQ_IN_INDEX ASC	same	45be6158d95da9ed629c7c62bb7df1923cae14cdf0c36c5c206c477cbc89ea64	45be6158d95da9ed629c7c62bb7df1923cae14cdf0c36c5c206c477cbc89ea64		C-6
593962edfc994a5a	schema-engine	dynamic:vitess;dynamic:keyspace-vschema;dynamic:movetables;dynamic:reshard	SELECT COLUMN_NAME as column_name\n\t\tFROM INFORMATION_SCHEMA.COLUMNS\n\t\tWHERE TABLE_SCHEMA = 'vt_customer' AND TABLE_NAME = 'shopper'\n\t\tORDER BY ORDINAL_POSITION	same	19fd659474c61e4383d696b85e0193525a374a4fa19a39188b89e0c2cdc535e3	19fd659474c61e4383d696b85e0193525a374a4fa19a39188b89e0c2cdc535e3		C-6
5996295f42e70444	schema-engine	dynamic:vitess;dynamic:keyspace-vschema;dynamic:movetables;dynamic:onlineddl	SHOW CREATE TABLE `vt_commerce`.`user_extra`	differs	42f91be04511e5d79253d6b6d58457edfc6af26aac43460eaa988784f829524a	8d8bc63d2f24119a416347be84c59a1ccc7f06bf5b9b4f955d781cf060e6ca87	row values differ	C-6
5ad76d87edc96f1f	schema-engine	dynamic:vitess;dynamic:keyspace-vschema	show create table cfc_vindex_col	differs	ec461995901c7253a7cde70b624df2022327b002cb2615652ae26457fae6712f	13c68ebb7b3c8c5d2af12d865ba2b9a7bfdf0a7c8be43c7b8555d2bdcf4e614a	row values differ	C-6
5d616c209dce27dc	schema-engine	dynamic:vitess;dynamic:keyspace-vschema;dynamic:movetables;dynamic:reshard;dynamic:onlineddl	SELECT TABLE_NAME as table_name, COLUMN_NAME as column_name\n            FROM information_schema.STATISTICS\n            WHERE TABLE_SCHEMA = 'vt_customer' AND TABLE_NAME IN ('corder', 'shopper') AND LOWER(INDEX_NAME) = 'primary'\n            ORDER BY table_name, SEQ_IN_INDEX	same	50ce0910568c1cff67aa4cf83a553987ed20a39e8a56bdc1f5680cbae9953c24	50ce0910568c1cff67aa4cf83a553987ed20a39e8a56bdc1f5680cbae9953c24		C-6
5d70f56a21358386	schema-engine	dynamic:vitess;dynamic:keyspace-vschema;dynamic:movetables	show create table unq_lkp_idx	differs	60babca6b163cae95585e3dfc59a92d00f3f961fc8892808949a703337d20c92	3baa820c24cf49a423d62c4f87e2228b25de4bc5d4e57fdb17776463d4f6307f	row values differ	C-6
5d92ecb81a0e6028	schema-engine	go/vt/vttablet/tabletserver/schema/db.go:93	select table_name, create_statement from %s.tables where table_schema = database() union select table_name, create_statement from %s.views where table_schema = database()	same	b757b267368150584b6fd9b194ac0d3c0a9b1d2f6eea2a6f3ce700917ada0f8e	b757b267368150584b6fd9b194ac0d3c0a9b1d2f6eea2a6f3ce700917ada0f8e		
5decc5aba52d6297	schema-engine	dynamic:vitess;dynamic:keyspace-vschema;dynamic:movetables;dynamic:onlineddl	SHOW CREATE TABLE `vt_commerce`.`customer`	differs	b928a625e6f514e0db7ee40b3cfa2427009c6a0dcd4fdea047f0aafbb29761d1	677758d2eff6e33f617a8b40e43c7869595824ceb07bf5934c4e1794bb65ab0a	row values differ	C-6
5f64771b0a0c23dc	schema-engine	go/vt/vttablet/tabletserver/schema/db.go:119	select function_name, function_return_type, function_type from %s.udfs	same	b757b267368150584b6fd9b194ac0d3c0a9b1d2f6eea2a6f3ce700917ada0f8e	b757b267368150584b6fd9b194ac0d3c0a9b1d2f6eea2a6f3ce700917ada0f8e		
6217a14fbc8c7678	schema-engine	go/vt/vttablet/tabletmanager/vdiff/schema.go:54	select table_rows as table_rows from INFORMATION_SCHEMA.TABLES where table_schema = %a and table_name = %a	same	b757b267368150584b6fd9b194ac0d3c0a9b1d2f6eea2a6f3ce700917ada0f8e	b757b267368150584b6fd9b194ac0d3c0a9b1d2f6eea2a6f3ce700917ada0f8e		C-6
68ecb23009eaf8c0	schema-engine	dynamic:vitess;dynamic:keyspace-vschema	show create table music	differs	94e6422471482122db04dd6621b720ea44214636d80efd203f51d4da84293161	0d1a989e3c7a4099319d70551590283b0d108a349dee14e666eb0ae5e1fbcedb	row values differ	C-6
6a288e661aecac32	schema-engine	go/vt/vttablet/tabletserver/schema/db.go:77	select table_name, view_definition from information_schema.views where table_schema = database() and table_name in ::viewNames	same	b757b267368150584b6fd9b194ac0d3c0a9b1d2f6eea2a6f3ce700917ada0f8e	b757b267368150584b6fd9b194ac0d3c0a9b1d2f6eea2a6f3ce700917ada0f8e		C-6
6ad2a61559e80e2e	schema-engine	dynamic:vitess;dynamic:keyspace-vschema	show create table user_metadata	differs	0274c67e27dc9782da443af84b5a230483d909aff7e45afed8f74122b6f50aa2	663341612c1118b0638c63e7338cfb9aabaa5f58253ae0085787592fe3766c66	row values differ	C-6
6cb13aa50a3027ff	schema-engine	dynamic:vitess;dynamic:vtgate	select distinct kcu.`COLUMN_NAME` from information_schema.key_column_usage as kcu where kcu.table_schema = 'user' and kcu.`table_name` = 'user_extra' and `COLUMN_NAME` = 'primary' limit 10001 /* VARCHAR */	same	a215ef5358b66766b6cb1f58b0fe75a006be3078fe5e9f57d02b015cb9240a44	a215ef5358b66766b6cb1f58b0fe75a006be3078fe5e9f57d02b015cb9240a44		C-6
70a42cf6bdcf38a9	schema-engine	dynamic:vitess;dynamic:keyspace-vschema	show create table unsharded	differs	52b53ffde012ea165ced6485b32c4ee1490680345f0fdabb2ceeead2a85befbb	3d73b8dcfbb7971c55fe0fee5b36dbd558e2a822eeb4b1542fe0212151fab2ff	row values differ	C-6
70f7f47a84946b18	schema-engine	dynamic:vitess;dynamic:keyspace-vschema	show create table pin_test	differs	11cab3e1536bcabd704b9328f1d0b419df24d296479aa4aa7852b053c00c6db6	b21b9c80fb5869e6f0b419599e33f87b82d0b0112d34b873c6569ba30722e976	row values differ	C-6
743e00e52b644d13	schema-engine	go/vt/vttablet/tabletserver/schema/db.go:40	DELETE FROM %s.tables WHERE TABLE_SCHEMA = database() AND TABLE_NAME IN ::tableNames	same	b757b267368150584b6fd9b194ac0d3c0a9b1d2f6eea2a6f3ce700917ada0f8e	b757b267368150584b6fd9b194ac0d3c0a9b1d2f6eea2a6f3ce700917ada0f8e		
77a322cf340ce5aa	schema-engine	go/mysql/flavor_mysql_legacy.go:56	SELECT table_name, table_type, UNIX_TIMESTAMP(create_time) AS uts_create_time, table_comment, SUM(data_length + index_length), SUM(data_length + index_length) FROM information_schema.tables WHERE table_schema = database() GROUP BY table_name, table_type, uts_create_time, table_comment	same	c24333247d395391c6818ad6ea94303e7329b9c6f3e16fde8258fb4c6bef16f2	c24333247d395391c6818ad6ea94303e7329b9c6f3e16fde8258fb4c6bef16f2		C-6
7a11dc91b2030875	schema-engine	go/mysql/flavor_mysql.go:499	select table_name, index_name, max(cardinality) from information_schema.statistics s where table_schema = database() group by s.table_name, s.index_name	same	26ed54c4af788537426ffa5ad01019706ec40e12995f7f077f887424412419f8	26ed54c4af788537426ffa5ad01019706ec40e12995f7f077f887424412419f8		C-6
7a277a3fcb185036	schema-engine	dynamic:vitess;dynamic:keyspace-vschema	show create table rerouted_ref	differs	5c50e34497ac2d01d194e9766128473fa7b8faee201c56b7c763ba8623cf1346	e6bfc7ad557f8957b51977ebf11bc74f0a58b3d425d2888746686a527a0778f0	row values differ	C-6
7b4c5478eaaf19ce	schema-engine	go/vt/vttablet/tabletserver/schema/db.go:70	INSERT INTO %s.views(TABLE_SCHEMA, TABLE_NAME, CREATE_STATEMENT, VIEW_DEFINITION) values (database(), :view_name, :create_statement, :view_definition)	same	b757b267368150584b6fd9b194ac0d3c0a9b1d2f6eea2a6f3ce700917ada0f8e	b757b267368150584b6fd9b194ac0d3c0a9b1d2f6eea2a6f3ce700917ada0f8e		
7da2a3f0c5a0b1dd	schema-engine	dynamic:vitess;dynamic:keyspace-vschema;dynamic:movetables;dynamic:onlineddl	SHOW CREATE TABLE `vt_commerce`.`unq_binary_idx`	differs	cc96727eafcbb97745e4acb0e688be7952802709c42572ff4232ad0cc3744db5	977555bd189e7a3f266c5ba3bf65c2b234b9c8b71c06e9f7705e9cd4b3603d03	row values differ	C-6
7e32a69031e25f52	schema-engine	dynamic:vitess;dynamic:keyspace-vschema	show create table name_user_vdx	differs	b237354b9733d1d9169efe5317b5100b3e3985676effa86825e07d3d233ee8ce	ac3e3949eff6130f01e42016abd484a4d8b3064311379223ec9b0ae2e7b003d4	row values differ	C-6
80384c18ed21ea97	schema-engine	go/vt/vttablet/tabletserver/schema/db.go:43	SELECT TABLE_NAME, CREATE_TIME FROM %s.`tables`	same	b757b267368150584b6fd9b194ac0d3c0a9b1d2f6eea2a6f3ce700917ada0f8e	b757b267368150584b6fd9b194ac0d3c0a9b1d2f6eea2a6f3ce700917ada0f8e		
843ab4b7cc91de6f	schema-engine	dynamic:vitess;dynamic:vtgate	select distinct `CONSTRAINT_CATALOG`, `CONSTRAINT_SCHEMA`, `CONSTRAINT_NAME`, TABLE_CATALOG, TABLE_SCHEMA, `TABLE_NAME`, `COLUMN_NAME`, ORDINAL_POSITION, POSITION_IN_UNIQUE_CONSTRAINT, REFERENCED_TABLE_SCHEMA, REFERENCED_TABLE_NAME, REFERENCED_COLUMN_NAME from information_schema.key_column_usage as kcu where kcu.table_schema = 'user' and kcu.`table_name` = 'user_extra' and `CONSTRAINT_NAME` = 'primary' limit 10001 /* VARCHAR */	same	12a766cc7a71ca48fc6883ce2444e2f9b8cab3bfd1e5da62d195966210a66142	12a766cc7a71ca48fc6883ce2444e2f9b8cab3bfd1e5da62d195966210a66142		C-6
855d1183c5d446ef	schema-engine	dynamic:vitess;dynamic:keyspace-vschema;dynamic:movetables;dynamic:onlineddl	SHOW CREATE TABLE `vt_commerce`.`pin_test`	differs	11cab3e1536bcabd704b9328f1d0b419df24d296479aa4aa7852b053c00c6db6	b21b9c80fb5869e6f0b419599e33f87b82d0b0112d34b873c6569ba30722e976	row values differ	C-6
8a9e77d0f9998f89	schema-engine	go/vt/sidecardb/sidecardb.go:54;dynamic:vitess;dynamic:bringup;dynamic:reshard	select 'true' as 'dbexists' from information_schema.SCHEMATA where SCHEMA_NAME = '_vt_customer'	same	7afc24481f6c12bd2a5d58f0ae4edc63b40798f350102ce4721666dd9f237bce	7afc24481f6c12bd2a5d58f0ae4edc63b40798f350102ce4721666dd9f237bce		C-6
8ac216088d679130	schema-engine	go/vt/vttablet/tabletserver/schema/historian.go:38	select id, pos, ddl, time_updated, schemax from %s.schema_version where time_updated > %d order by id asc	same	b757b267368150584b6fd9b194ac0d3c0a9b1d2f6eea2a6f3ce700917ada0f8e	b757b267368150584b6fd9b194ac0d3c0a9b1d2f6eea2a6f3ce700917ada0f8e		
8d7fbf0ac116b746	schema-engine	dynamic:vitess;dynamic:keyspace-vschema;dynamic:movetables	show create table colb_colc_map	differs	91b434774691c18c8195b02e20a056a8da6f423341a9922763f7e57b6c683dcb	31ea94db15e394c4f2e8cc81fae9b3cebd8a44d40381f40476473a3aa67642d0	row values differ	C-6
8f0c7b47b444d807	schema-engine	dynamic:vitess;dynamic:keyspace-vschema;dynamic:movetables	show create table costly_map	differs	2d417ce26bd153ed0f65de4dfffa1e4a5690f67b9024a94f42b99947d142ce0d	8eb7b6a525009a50d302fbbde5fc10175e05c3af2546ed2d69e498a60f8bb9a5	row values differ	C-6
92dfebfa8f98f121	schema-engine	go/vt/vttablet/onlineddl/schema.go:493;dynamic:vitess;dynamic:onlineddl	SELECT\n\t\t\tCOUNT(*) as num_fk_constraints\n\t\tFROM INFORMATION_SCHEMA.KEY_COLUMN_USAGE\n\t\tWHERE\n\t\t\tTABLE_SCHEMA='vt_commerce' AND TABLE_NAME='product'\n\t\t\tAND REFERENCED_TABLE_NAME IS NOT NULL	same	32b53bb142ba0bc81eb2c61dd18319777a01a8f0c01999ac49e66dd81d4e3299	32b53bb142ba0bc81eb2c61dd18319777a01a8f0c01999ac49e66dd81d4e3299		C-6
92e901333c3b503c	schema-engine	dynamic:vitess;dynamic:keyspace-vschema;dynamic:movetables;dynamic:onlineddl	SHOW CREATE TABLE `vt_commerce`.`unq_lkp_idx`	differs	60babca6b163cae95585e3dfc59a92d00f3f961fc8892808949a703337d20c92	3baa820c24cf49a423d62c4f87e2228b25de4bc5d4e57fdb17776463d4f6307f	row values differ	C-6
95fb6aa3df71b4c4	schema-engine	go/vt/vttablet/tabletserver/schema/db.go:36	INSERT INTO %s.tables(TABLE_SCHEMA, TABLE_NAME, CREATE_STATEMENT, CREATE_TIME) values (database(), :table_name, :create_statement, :create_time)	same	b757b267368150584b6fd9b194ac0d3c0a9b1d2f6eea2a6f3ce700917ada0f8e	b757b267368150584b6fd9b194ac0d3c0a9b1d2f6eea2a6f3ce700917ada0f8e		
97525fd005435540	schema-engine	go/vt/vttablet/tabletserver/schema/engine.go:850;go/vt/vttablet/tabletserver/schema/schematest/schematest.go:33;dynamic:vitess;dynamic:bringup;dynamic:keyspace-vschema;dynamic:movetables;dynamic:reshard	SELECT UNIX_TIMESTAMP()	same	8fa3b7032ae233e905e882ef44665b8a6f3e77e39650c77ee8e6b10656824568	8fa3b7032ae233e905e882ef44665b8a6f3e77e39650c77ee8e6b10656824568		
9b1da56fe68f23fa	schema-engine	go/vt/vttablet/tabletserver/vstreamer/snapshot_conn.go:230;go/vt/vttablet/tabletserver/vstreamer/tablestreamer.go:123	show full tables	same	97db900d5bd1362659223afdeb8791d99b4997e8f6cbc20312993ced20243857	97db900d5bd1362659223afdeb8791d99b4997e8f6cbc20312993ced20243857		C-6
9b2b4241b7eb68b3	schema-engine	go/vt/vttablet/tabletmanager/vreplication/vreplicator.go:384;dynamic:vitess;dynamic:movetables;dynamic:reshard;dynamic:onlineddl	select character_set_name, collation_name, column_name, data_type, column_type, extra from information_schema.columns where table_schema='vt_customer' and table_name='shopper'	same	e1ef444449d31fa99521493dbeea5fc1e81d6f9f8315ae842bb69744b11399f1	e1ef444449d31fa99521493dbeea5fc1e81d6f9f8315ae842bb69744b11399f1		C-6
9d98ed3c7a73f144	schema-engine	dynamic:vitess;dynamic:keyspace-vschema;dynamic:movetables;dynamic:onlineddl	SHOW CREATE TABLE `vt_commerce`.`colb_colc_map`	differs	91b434774691c18c8195b02e20a056a8da6f423341a9922763f7e57b6c683dcb	31ea94db15e394c4f2e8cc81fae9b3cebd8a44d40381f40476473a3aa67642d0	row values differ	C-6
9eee0cedc9ed4037	schema-engine	dynamic:vitess;dynamic:keyspace-vschema;dynamic:movetables	show create table t1	differs	78b8fc68c55d9ae1377df3108cda14948dc0ba3c435832f8fb7bd9c0910325b5	5388c1f555a5d50e1e004b722a90ab0687dff9f0a99c1acf57ac72c2b1ae6083	row values differ	C-6
a47dee768494d15c	schema-engine	dynamic:vitess;dynamic:keyspace-vschema;dynamic:movetables;dynamic:onlineddl	SHOW CREATE TABLE `vt_commerce`.`rerouted_ref`	differs	5c50e34497ac2d01d194e9766128473fa7b8faee201c56b7c763ba8623cf1346	e6bfc7ad557f8957b51977ebf11bc74f0a58b3d425d2888746686a527a0778f0	row values differ	C-6
a57b907c633b0d7b	schema-engine	dynamic:vitess;dynamic:onlineddl	show create table _vt_hld_9f79e7aabe1611f1a94c86d37cd5f354_20261003040619_	same	99cadf2aabf25ade2defd6c9047547939765b0d07a7f2ddb7379dccb3c649ce1	99cadf2aabf25ade2defd6c9047547939765b0d07a7f2ddb7379dccb3c649ce1		C-1,C-6
a5dec02b003a5536	schema-engine	go/mysql/flavor_mysql.go:497	select table_name, n_rows, clustered_index_size * @@innodb_page_size from mysql.innodb_table_stats where database_name = database()	same	b1b3adf01bab726ecd1bc2cacc51906d0607126b896c0b767a584671f96f6985	b1b3adf01bab726ecd1bc2cacc51906d0607126b896c0b767a584671f96f6985		C-6
a62a530e287b7b6a	schema-engine	dynamic:vitess;dynamic:keyspace-vschema;dynamic:movetables;dynamic:onlineddl	SHOW CREATE DATABASE IF NOT EXISTS `vt_commerce`	same	f9086f595a85e3f73a594da7f4ec488784854174de8ae1d8a5c89f8ac6e19914	f9086f595a85e3f73a594da7f4ec488784854174de8ae1d8a5c89f8ac6e19914		C-6
a63e33abf222e67e	schema-engine	dynamic:vitess;dynamic:keyspace-vschema;dynamic:movetables	show create table seq	differs	02d63ddda1498e8b58ce2578e81de11f8fef8bba22ae9ff4c09a5564d3e4a6d8	8cdea05f10fa8dadd8dc44cbc0a8c22699b5ea694ecca8a402275d6e0f18ae3f	row values differ	C-6
a82d9e87627301b5	schema-engine	dynamic:vitess;dynamic:vtgate	select 1 from dual where exists (select 1 from information_schema.`TABLES` where `TABLES`.`TABLE_NAME` = 'proc' and `TABLES`.TABLE_SCHEMA = 'mysql') limit 10001	same	6e896260f53d1b8e06016cb34377992a2e3c229fa86def43505b2346d4642f3c	6e896260f53d1b8e06016cb34377992a2e3c229fa86def43505b2346d4642f3c		C-6
a8aac094c17d4b0e	schema-engine	dynamic:vitess;dynamic:keyspace-vschema	show create table multicol_tbl	differs	004ef3811a8a389f3c39e9ad953dd32fc0642d866ad2446d4837ce8b8f2f0c03	e0737a90c2fccd9c92ff322cc1bf47210e155f77ea8cb3608bd98fb0f9ef25f8	row values differ	C-6
a9340b98fe1f497c	schema-engine	dynamic:vitess;dynamic:keyspace-vschema;dynamic:movetables	show create table sales	differs	785929e19f928889f4597a8e78265e131e77b9c7149241bd4073a7901abe0967	b544b768069cdcee9882c91ab15b0c48b6d0ec681bdda45676dfee17ed0c52d8	row values differ	C-6
ad1af5080df1417f	schema-engine	dynamic:vitess;dynamic:keyspace-vschema;dynamic:movetables;dynamic:onlineddl	SHOW CREATE TABLE `vt_commerce`.`sales`	differs	785929e19f928889f4597a8e78265e131e77b9c7149241bd4073a7901abe0967	b544b768069cdcee9882c91ab15b0c48b6d0ec681bdda45676dfee17ed0c52d8	row values differ	C-6
afb37c71f792daf5	schema-engine	dynamic:vitess;dynamic:movetables;dynamic:reshard	SHOW CREATE TABLE `vt_customer`.`shopper`	differs	4001baa39099b6d64cb1ef2723b0e245168c4906d2f3817f9210f1743b0d92dd	5a44979b498bb1085efc9f4721d75ea4963b904f278e08e8c14afef295947230	row values differ	C-6
b0dfad34499039b5	schema-engine	dynamic:vitess;dynamic:keyspace-vschema;dynamic:movetables;dynamic:onlineddl	SHOW CREATE TABLE `vt_commerce`.`samecolvin`	differs	a2763b80e41e4edec5eab77a65d7a3e9ac32c73454e16f24249aed7800b5dd05	bfc360a2ce8dbfdc03389411fd31dc18fe2ad4c92bc4892ed494f8b4403467ee	row values differ	C-6
b2f2bbd3acf25ad2	schema-engine	go/mysql/flavor_mysql_legacy.go:78	SELECT t.table_name, t.table_type, IFNULL(UNIX_TIMESTAMP(t.create_time), 1), t.table_comment, IFNULL(SUM(i.file_size), SUM(t.data_length + t.index_length)) AS file_size, IFNULL(SUM(i.allocated_size), SUM(t.data_length + t.index_length)) AS allocated_size FROM information_schema.tables t LEFT OUTER JOIN ( SELECT space, file_size, allocated_size, name FROM information_schema.innodb_sys_tablespaces WHERE name LIKE CONCAT(database(), '/%') GROUP BY space, file_size, allocated_size, name ) i ON i.name = CONCAT(t.table_schema, '/', t.table_name) or i.name LIKE CONCAT(t.table_schema, '/', t.table_name, '#p#%') WHERE t.table_schema = database() GROUP BY t.table_name, t.table_type, t.create_time, t.table_comment	same	0c9152edc3c643fd4c6c13ea79e749e2a748e56860881f498ac2f11dcddf3150	0c9152edc3c643fd4c6c13ea79e749e2a748e56860881f498ac2f11dcddf3150		C-6
b2fe39106ee04374	schema-engine	go/vt/vttablet/tabletserver/schema/db.go:52	SELECT distinct table_name FROM ( SELECT table_name, view_definition FROM information_schema.views WHERE table_schema = database() UNION ALL SELECT table_name, view_definition FROM %s.views WHERE table_schema = database() ) _inner GROUP BY table_name, view_definition HAVING COUNT(*) = 1	same	b757b267368150584b6fd9b194ac0d3c0a9b1d2f6eea2a6f3ce700917ada0f8e	b757b267368150584b6fd9b194ac0d3c0a9b1d2f6eea2a6f3ce700917ada0f8e		C-6
b3c07d564d4f17e3	schema-engine	dynamic:vitess;dynamic:movetables;dynamic:reshard	select column_name as column_name, collation_name as collation_name from information_schema.columns where table_schema='vt_customer' and table_name='corder' and column_name in ('order_id')	same	096deef60297e101d384e49d8cb4e416fc7be7c8d4be575356a87d9e78f246a6	096deef60297e101d384e49d8cb4e416fc7be7c8d4be575356a87d9e78f246a6		C-6
b3fdbdca6451c68a	schema-engine	dynamic:vitess;dynamic:keyspace-vschema;dynamic:movetables	SHOW CREATE TABLE `vt_commerce`.`corder`	same	99cadf2aabf25ade2defd6c9047547939765b0d07a7f2ddb7379dccb3c649ce1	99cadf2aabf25ade2defd6c9047547939765b0d07a7f2ddb7379dccb3c649ce1		C-6
b6ec586be4ed4c51	schema-engine	go/vt/vttablet/tabletserver/schema/engine.go:849	SELECT UNIX_TIMESTAMP	same	10aba574287a88a84d8597b32b0181bcb60ec5735eb5b43a7e5e0a83088b845a	10aba574287a88a84d8597b32b0181bcb60ec5735eb5b43a7e5e0a83088b845a		
b92061c98605d072	schema-engine	go/vt/vttablet/tabletserver/schema/db.go:74	DELETE FROM %s.views WHERE TABLE_SCHEMA = database() AND TABLE_NAME IN ::viewNames	same	b757b267368150584b6fd9b194ac0d3c0a9b1d2f6eea2a6f3ce700917ada0f8e	b757b267368150584b6fd9b194ac0d3c0a9b1d2f6eea2a6f3ce700917ada0f8e		
bc8591e87275cadc	schema-engine	dynamic:vitess;dynamic:movetables;dynamic:reshard	select table_name as table_name, table_rows as table_rows from INFORMATION_SCHEMA.TABLES where table_schema = 'vt_customer' and table_name in ('corder','shopper') order by table_name	same	ea626f04200221f08550190e7d0f38d7aab2530807ec2389e7c1f9628da977d5	ea626f04200221f08550190e7d0f38d7aab2530807ec2389e7c1f9628da977d5		C-6
bd4910d92d1693d2	schema-engine	go/vt/vttablet/tabletserver/schema/historian.go:39	select id, pos, ddl, time_updated, schemax from %s.schema_version where id > %d order by id asc	same	b757b267368150584b6fd9b194ac0d3c0a9b1d2f6eea2a6f3ce700917ada0f8e	b757b267368150584b6fd9b194ac0d3c0a9b1d2f6eea2a6f3ce700917ada0f8e		
be021a0b39563345	schema-engine	dynamic:vitess;dynamic:vtgate	show tables	same	f29c4c270b6bf65ff73f1530803549449bafc4b59e2ae274c75aceedd8976dc1	f29c4c270b6bf65ff73f1530803549449bafc4b59e2ae274c75aceedd8976dc1		C-6
c36cd50e3125e961	schema-engine	dynamic:vitess;dynamic:keyspace-vschema;dynamic:movetables	show create table name_user_map	differs	62ecf9e39ff0c88d077e81c68dbbb08a236031d68fd324d2d617c433bf06469b	ecc7419a6446174aa9cce87747871cac3a815d93462a8e9b5cd874cdaa048805	row values differ	C-6
c5c292dcaec7e2ea	schema-engine	dynamic:vitess;dynamic:keyspace-vschema;dynamic:movetables;dynamic:reshard	show create table corder	same	99cadf2aabf25ade2defd6c9047547939765b0d07a7f2ddb7379dccb3c649ce1	99cadf2aabf25ade2defd6c9047547939765b0d07a7f2ddb7379dccb3c649ce1		C-6
c7d92909cb3e8f4a	schema-engine	go/vt/vttablet/onlineddl/schema.go:507;go/vt/vttablet/tabletserver/schema/db.go:81	SHOW CREATE TABLE `%a`	same	97db900d5bd1362659223afdeb8791d99b4997e8f6cbc20312993ced20243857	97db900d5bd1362659223afdeb8791d99b4997e8f6cbc20312993ced20243857		C-6
cd61f1243e3bea71	schema-engine	go/vt/vttablet/tabletmanager/vdiff/table_plan.go:40	select column_name as column_name, collation_name as collation_name from information_schema.columns where table_schema=%a and table_name=%a and column_name in %a	same	b757b267368150584b6fd9b194ac0d3c0a9b1d2f6eea2a6f3ce700917ada0f8e	b757b267368150584b6fd9b194ac0d3c0a9b1d2f6eea2a6f3ce700917ada0f8e		C-6
cda4d3d3858586e5	schema-engine	dynamic:vitess;dynamic:keyspace-vschema;dynamic:movetables;dynamic:onlineddl	SHOW CREATE TABLE `vt_commerce`.`music`	differs	94e6422471482122db04dd6621b720ea44214636d80efd203f51d4da84293161	0d1a989e3c7a4099319d70551590283b0d108a349dee14e666eb0ae5e1fbcedb	row values differ	C-6
cfb58e4e62c44278	schema-engine	go/vt/vttablet/tabletserver/schema/tracker.go:215	select id from %s.schema_version limit 1	same	b757b267368150584b6fd9b194ac0d3c0a9b1d2f6eea2a6f3ce700917ada0f8e	b757b267368150584b6fd9b194ac0d3c0a9b1d2f6eea2a6f3ce700917ada0f8e		
d0b3b7a2ada28c57	schema-engine	go/mysql/flavor_mysqlgr.go:122	SELECT MEMBER_HOST, MEMBER_PORT FROM performance_schema.replication_group_members WHERE MEMBER_ROLE='PRIMARY' AND MEMBER_STATE='ONLINE'	same	eabed210872c20d5e232dc5f5b7aa137037b883083717adfbcc6aa0d4da8aa0f	eabed210872c20d5e232dc5f5b7aa137037b883083717adfbcc6aa0d4da8aa0f		C-6
d221e687e129d4cc	schema-engine	go/vt/vttablet/tabletserver/schema/db.go:90	select table_name, create_statement from %s.tables where table_schema = database() and table_name in ::tableNames union select table_name, create_statement from %s.views where table_schema = database() and table_name in ::tableNames	same	b757b267368150584b6fd9b194ac0d3c0a9b1d2f6eea2a6f3ce700917ada0f8e	b757b267368150584b6fd9b194ac0d3c0a9b1d2f6eea2a6f3ce700917ada0f8e		
d29a58c31584b7e2	schema-engine	dynamic:vitess;dynamic:keyspace-vschema;dynamic:movetables;dynamic:onlineddl	SHOW CREATE TABLE `vt_commerce`.`unsharded`	differs	52b53ffde012ea165ced6485b32c4ee1490680345f0fdabb2ceeead2a85befbb	3d73b8dcfbb7971c55fe0fee5b36dbd558e2a822eeb4b1542fe0212151fab2ff	row values differ	C-6
d8fd99de6634f62a	schema-engine	dynamic:vitess;dynamic:keyspace-vschema;dynamic:movetables;dynamic:onlineddl	SHOW CREATE TABLE `vt_commerce`.`user_metadata`	differs	0274c67e27dc9782da443af84b5a230483d909aff7e45afed8f74122b6f50aa2	663341612c1118b0638c63e7338cfb9aabaa5f58253ae0085787592fe3766c66	row values differ	C-6
d9fefe351e2f1db9	schema-engine	go/vt/vttablet/tabletserver/schema/db.go:112	delete from %s.udfs	same	b757b267368150584b6fd9b194ac0d3c0a9b1d2f6eea2a6f3ce700917ada0f8e	b757b267368150584b6fd9b194ac0d3c0a9b1d2f6eea2a6f3ce700917ada0f8e		
db3e0a30d5517da6	schema-engine	dynamic:vitess;dynamic:vtgate	select distinct table_comment from information_schema.`tables` limit 10001	differs	f3b0479083b9b53c7bacacab8a0785f8fcc3b701e200e0782dc6c00771c84615	51b0789f2328d379d8cdf5d43c2ae8441a7ff662147a47ae1c68fd54cfefe938	row count 35 vs 38	C-6
e01f1dcc366dbf86	schema-engine	dynamic:vitess;dynamic:keyspace-vschema;dynamic:movetables;dynamic:onlineddl	SHOW CREATE TABLE `vt_commerce`.`mixed_tbl`	differs	1b086fee9549198048f31124cd8269bbff4a7f95edfaab43ba742e95f67adb3f	05c936b1c5f35ea55e626ae72c2bca2088a6d0793329e8ba0bf43afd837a374f	row values differ	C-6
e1b49c539d00cee5	schema-engine	dynamic:vitess	select table_schema, table_name, engine from information_schema.tables where table_schema like '\\_vt%' order by 1,2	differs	2aa40e02f6f98e042f703be8697b35847c88fcc3f7e994b0b6f4a670946084bd	2c2cabf3286b21f7fea46adf5dc7b7cabc2731b0c7901a3e37c333ebada264e0	row values or order differ	C-6
e1f06c046d30590a	schema-engine	go/vt/vttablet/onlineddl/schema.go:564	SELECT DISTINCT innodb_trx.trx_mysql_thread_id from performance_schema.data_locks join information_schema.innodb_trx on (data_locks.ENGINE_TRANSACTION_ID=innodb_trx.trx_id) where data_locks.OBJECT_SCHEMA=database() AND data_locks.OBJECT_NAME=%a	same	b757b267368150584b6fd9b194ac0d3c0a9b1d2f6eea2a6f3ce700917ada0f8e	b757b267368150584b6fd9b194ac0d3c0a9b1d2f6eea2a6f3ce700917ada0f8e		C-6
ea616990168aecee	schema-engine	dynamic:vitess;dynamic:keyspace-vschema	show create table source_of_ref	differs	fae7d3749f56dccbed0e5cc6a935938c80fead01216da435ca33f6bc6ce2fd5c	99bb6fde80b5920d3b0a2b68a4b39c3d434502f37357882337b06590a6451360	row values differ	C-6
eae08b7f0256465e	schema-engine	go/mysql/flavor_mysql.go:496	select table_name, partition_name from information_schema.partitions where table_schema = database() and partition_name is not null	same	d38b9a599c9bc54b0640bb123a396660f68d0a5c35504be136bd9b36a02bbd2f	d38b9a599c9bc54b0640bb123a396660f68d0a5c35504be136bd9b36a02bbd2f		C-6
ec8011f04b6a2d1d	schema-engine	go/vt/vttablet/onlineddl/schema.go:485;dynamic:vitess;dynamic:onlineddl	SELECT\n\t\t\tCOUNT(*) as num_fk_constraints\n\t\tFROM INFORMATION_SCHEMA.KEY_COLUMN_USAGE\n\t\tWHERE\n\t\t\tREFERENCED_TABLE_SCHEMA='vt_commerce' AND REFERENCED_TABLE_NAME='product'\n\t\t\tAND REFERENCED_TABLE_NAME IS NOT NULL	same	32b53bb142ba0bc81eb2c61dd18319777a01a8f0c01999ac49e66dd81d4e3299	32b53bb142ba0bc81eb2c61dd18319777a01a8f0c01999ac49e66dd81d4e3299		C-6
edcfb40aeabd720b	schema-engine	go/vt/vttablet/tabletserver/schema/db.go:49	select table_name, create_statement from %s.tables where table_schema = database()	same	b757b267368150584b6fd9b194ac0d3c0a9b1d2f6eea2a6f3ce700917ada0f8e	b757b267368150584b6fd9b194ac0d3c0a9b1d2f6eea2a6f3ce700917ada0f8e		
eed4cf31433d7143	schema-engine	dynamic:vitess;dynamic:keyspace-vschema	show create table mixed_tbl	differs	1b086fee9549198048f31124cd8269bbff4a7f95edfaab43ba742e95f67adb3f	05c936b1c5f35ea55e626ae72c2bca2088a6d0793329e8ba0bf43afd837a374f	row values differ	C-6
f1202e1d1a7319c3	schema-engine	go/vt/vttablet/tabletserver/schema/engine.go:231	create database if not exists `%s`	same	42a594efd8594921fe54bdeff7655c3d1359a7ebc03cdba7ebc59d0614bc2a70	42a594efd8594921fe54bdeff7655c3d1359a7ebc03cdba7ebc59d0614bc2a70	volatile on the reference: compared by shape	
f24f7b98cab47af3	schema-engine	go/vt/vttablet/onlineddl/schema.go:501	SHOW TABLES LIKE '%a'	same	97db900d5bd1362659223afdeb8791d99b4997e8f6cbc20312993ced20243857	97db900d5bd1362659223afdeb8791d99b4997e8f6cbc20312993ced20243857		C-6
f2a7323745e0722d	schema-engine	dynamic:vitess;dynamic:bringup;dynamic:reshard	SELECT variable_value FROM performance_schema.global_variables WHERE variable_name = 'innodb_adaptive_hash_index'	same	f993495f247b276174665970bf6cbd7e1035c133204121b6ba62cb5f83026280	f993495f247b276174665970bf6cbd7e1035c133204121b6ba62cb5f83026280		C-6
f3adc8f92ccc60b2	schema-engine	dynamic:vitess;dynamic:keyspace-vschema	show create table `user`	differs	44ae6a1b80d7bb9bb288804ec7fca6861e7035f834b7357f0235fb4c35a2e289	8df7c87d5dc754221ba77bb03bc6f3b92cd160721a8e1ccb655384d3168843ef	row values differ	C-6
f54da98494633adc	schema-engine	dynamic:vitess;dynamic:bringup;dynamic:keyspace-vschema;dynamic:movetables;dynamic:reshard	SELECT TABLE_NAME as table_name, COLUMN_NAME as column_name\n\t\tFROM information_schema.STATISTICS\n\t\tWHERE TABLE_SCHEMA = DATABASE() AND LOWER(INDEX_NAME) = 'primary'\n\t\tORDER BY table_name, SEQ_IN_INDEX	same	081327259cd101ac184aa8f8e2009649b4a082a400185bd97435fbc3d8bc3dd4	081327259cd101ac184aa8f8e2009649b4a082a400185bd97435fbc3d8bc3dd4		C-6
f777ea9915e6d787	schema-engine	dynamic:vitess;dynamic:keyspace-vschema	show create table unsharded_a	differs	9292c4092365f5355e03f354d82ffe753ec17bb0a7b269897255d75c1c5e6deb	827379ba2169ea7e53e5a3c01040dcc40b9fef482a2c9b97b72bed3ae5037a13	row values differ	C-6
faa2f36adaed18c1	schema-engine	go/mysql/flavor_mysql.go:467	SELECT it.name, its.file_size as normal_tables_sum_file_size, its.allocated_size as normal_tables_sum_allocated_size FROM information_schema.innodb_tables it JOIN information_schema.innodb_tablespaces its ON (its.space = it.space) WHERE its.name LIKE CONCAT(database(), '/%') AND its.name NOT LIKE CONCAT(database(), '/fts_%') UNION ALL SELECT it.name, SUM(its.file_size) as hidden_tables_sum_file_size, SUM(its.allocated_size) as hidden_tables_sum_allocated_size FROM information_schema.innodb_tables it JOIN information_schema.innodb_tablespaces its ON ( its.name LIKE CONCAT(database(), '/fts_', CONVERT(LPAD(HEX(table_id), 16, '0') USING utf8mb3) COLLATE utf8mb3_general_ci, '_%') ) WHERE its.name LIKE CONCAT(database(), '/fts_%') GROUP BY it.name	same	3e0173e3ec22a59d5b7be320848fe5b533b4b96f63fc18a1b2ea071e8e5c2125	3e0173e3ec22a59d5b7be320848fe5b533b4b96f63fc18a1b2ea071e8e5c2125		C-6
ff455b5b5cd168d5	schema-engine	dynamic:vitess;dynamic:keyspace-vschema	show create table customer	differs	b928a625e6f514e0db7ee40b3cfa2427009c6a0dcd4fdea047f0aafbb29761d1	677758d2eff6e33f617a8b40e43c7869595824ceb07bf5934c4e1794bb65ab0a	row values differ	C-6
00dd81ec4a827144	sidecar	dynamic:vitess;dynamic:bringup;dynamic:sidecar	show create table _vt.`tables`	differs	fdf69c28af512f62a18aed08a31850757acb3484f9dd3b9e74463510691d3e52	081eb40c57dfdaf4bd3aa003984758d0cbe125b4b1bea4d8645e19560af028cd	row values differ	C-1,C-6
028a13d1506c0d4d	sidecar	dynamic:vitess;dynamic:bringup;dynamic:sidecar	show create table _vt.schema_version	differs	a948601ca66085c37513d2ecd8908999ad528d515b42b7577e5c9a04172ae5c0	3e965659fe132d50f43c325dae2d2d6d77e9f8ad0e17e8e13ac855e189302fe2	row values differ	C-1,C-6
053be0a3a9441133	sidecar	dynamic:vitess;dynamic:bringup;dynamic:sidecar	select `table_name`, create_statement from _vt.`tables` where table_schema = database()	same	f38510953e2fdacc48b74754a135fbc39cfc92918ec3da482aa753a9aa28e96a	f38510953e2fdacc48b74754a135fbc39cfc92918ec3da482aa753a9aa28e96a		
074f3df66416d7be	sidecar	go/vt/vttablet/tabletmanager/vreplication/vcopier.go:675;go/vt/vttablet/tabletmanager/vreplication/vcopier_atomic.go:324	delete cs, pca from _vt.%s as cs left join _vt.%s as pca on cs.vrepl_id=pca.vrepl_id and cs.table_name=pca.table_name where cs.vrepl_id=%d and cs.table_name=%s	same	b757b267368150584b6fd9b194ac0d3c0a9b1d2f6eea2a6f3ce700917ada0f8e	b757b267368150584b6fd9b194ac0d3c0a9b1d2f6eea2a6f3ce700917ada0f8e		
0919624f3a34a8e6	sidecar	dynamic:vitess;dynamic:bringup;dynamic:reshard;dynamic:onlineddl;dynamic:sidecar;dynamic:2pc	select `table_name`, create_statement from _vt_customer.`tables` where table_schema = database()	same	f38510953e2fdacc48b74754a135fbc39cfc92918ec3da482aa753a9aa28e96a	f38510953e2fdacc48b74754a135fbc39cfc92918ec3da482aa753a9aa28e96a		
11a6861dfeead6b0	sidecar	dynamic:vitess;dynamic:bringup;dynamic:reshard	CREATE TABLE IF NOT EXISTS `_vt_customer`.`schema_version` (\n\t`id` int NOT NULL AUTO_INCREMENT,\n\t`pos` longblob NOT NULL,\n\t`time_updated` bigint NOT NULL,\n\t`ddl` blob,\n\t`schemax` longblob NOT NULL,\n\tPRIMARY KEY (`id`)\n) ENGINE InnoDB,\n  CHARSET utf8mb4	differs	867a1b8ab78a0a10659dc5ee884b635299118dc67ab6d9ae858d365c7a52c401	3e4bef602d77d32d0ec67c93f2129199d658a8f8a93d747797444f873e472aa0	warnings differ	C-1
158f604fc9df96c4	sidecar	dynamic:vitess;dynamic:bringup;dynamic:reshard	CREATE TABLE IF NOT EXISTS `_vt_customer`.`reparent_journal` (\n\t`time_created_ns` bigint unsigned NOT NULL,\n\t`action_name` varbinary(255) NOT NULL,\n\t`primary_alias` varbinary(255) NOT NULL,\n\t`replication_position` varbinary(64000),\n\tPRIMARY KEY (`time_created_ns`)\n) ENGINE InnoDB,\n  CHARSET utf8mb4	differs	867a1b8ab78a0a10659dc5ee884b635299118dc67ab6d9ae858d365c7a52c401	3e4bef602d77d32d0ec67c93f2129199d658a8f8a93d747797444f873e472aa0	warnings differ	C-1
16c07672e64ffb1c	sidecar	dynamic:vitess;dynamic:bringup	use _vt	same	0f444752ba32ebf169f55f78a7bd9ac9f75cd15e3f615ce1f6c156bdefbba6d3	0f444752ba32ebf169f55f78a7bd9ac9f75cd15e3f615ce1f6c156bdefbba6d3		
1775acae33185e88	sidecar	dynamic:vitess;dynamic:bringup;dynamic:keyspace-vschema;dynamic:reshard	INSERT INTO _vt_customer.heartbeat (ts, tabletUid, keyspaceShard) VALUES (1790913959109140602, 400, 'customer:80-') ON DUPLICATE KEY UPDATE ts=VALUES(ts), tabletUid=VALUES(tabletUid)	same	815ca94e702d534078b7a0530d81b69742195465608d08c1a4dd2458cd2f93a7	815ca94e702d534078b7a0530d81b69742195465608d08c1a4dd2458cd2f93a7		
19e822cdcb11fe53	sidecar	dynamic:vitess;dynamic:keyspace-vschema;dynamic:movetables;dynamic:reshard;dynamic:onlineddl	select `table_name`, create_statement from _vt.`tables` where table_schema = database() and `table_name` in ('product')	same	f38510953e2fdacc48b74754a135fbc39cfc92918ec3da482aa753a9aa28e96a	f38510953e2fdacc48b74754a135fbc39cfc92918ec3da482aa753a9aa28e96a		
19f7aa6859c6d6ad	sidecar	dynamic:vitess;dynamic:keyspace-vschema;dynamic:movetables;dynamic:onlineddl	SELECT distinct table_name\nFROM (\n\tSELECT table_name, view_definition\n\tFROM information_schema.views\n\tWHERE table_schema = database()\n\n\tUNION ALL\n\n\tSELECT table_name, view_definition\n\tFROM _vt.views\n\tWHERE table_schema = database()\n) _inner\nGROUP BY table_name, view_definition\nHAVING COUNT(*) = 1	same	b1c4d0626bbad10efc520d9827e3d89c7b8a9d9cac8fa10a65da08fe7aa52a43	b1c4d0626bbad10efc520d9827e3d89c7b8a9d9cac8fa10a65da08fe7aa52a43		C-6
1ac2ad7650d38814	sidecar	dynamic:vitess;dynamic:movetables;dynamic:reshard	select `table_name`, create_statement from _vt_customer.`tables` where table_schema = database() and `table_name` in ('corder', 'shopper')	same	f38510953e2fdacc48b74754a135fbc39cfc92918ec3da482aa753a9aa28e96a	f38510953e2fdacc48b74754a135fbc39cfc92918ec3da482aa753a9aa28e96a		
203290c72892e48e	sidecar	dynamic:vitess;dynamic:keyspace-vschema;dynamic:movetables;dynamic:onlineddl	delete from _vt.`tables` where TABLE_SCHEMA = database() and `TABLE_NAME` in ('shopper')	same	0f444752ba32ebf169f55f78a7bd9ac9f75cd15e3f615ce1f6c156bdefbba6d3	0f444752ba32ebf169f55f78a7bd9ac9f75cd15e3f615ce1f6c156bdefbba6d3		
22a23f45dba7c63a	sidecar	dynamic:vitess;dynamic:bringup	CREATE TABLE IF NOT EXISTS `_vt`.`semisync_heartbeat` (\n\t`ts` bigint unsigned NOT NULL,\n\tPRIMARY KEY (`ts`)\n) ENGINE InnoDB,\n  CHARSET utf8mb4	differs	867a1b8ab78a0a10659dc5ee884b635299118dc67ab6d9ae858d365c7a52c401	3e4bef602d77d32d0ec67c93f2129199d658a8f8a93d747797444f873e472aa0	warnings differ	C-1,C-2
2566d0239060b660	sidecar	dynamic:vitess;dynamic:bringup;dynamic:reshard	show create table _vt_customer.udfs	differs	69d85e6305ca3d8913004157677e6cea8fb41ddb5ac30ca773f40148e82ba49f	127052cafa9f85f0808d0ba6584fdae9e50e8890186df3c3e7a95ec80e66bfd8	row values differ	C-1,C-6
27a6df531e0d9e7c	sidecar	dynamic:vitess;dynamic:bringup;dynamic:reshard	show create table _vt_customer.`tables`	differs	fdf69c28af512f62a18aed08a31850757acb3484f9dd3b9e74463510691d3e52	081eb40c57dfdaf4bd3aa003984758d0cbe125b4b1bea4d8645e19560af028cd	row values differ	C-1,C-6
27f14fc8449c4f4b	sidecar	dynamic:vitess;dynamic:bringup	CREATE TABLE IF NOT EXISTS `_vt`.`schema_version` (\n\t`id` int NOT NULL AUTO_INCREMENT,\n\t`pos` longblob NOT NULL,\n\t`time_updated` bigint NOT NULL,\n\t`ddl` blob,\n\t`schemax` longblob NOT NULL,\n\tPRIMARY KEY (`id`)\n) ENGINE InnoDB,\n  CHARSET utf8mb4	differs	867a1b8ab78a0a10659dc5ee884b635299118dc67ab6d9ae858d365c7a52c401	3e4bef602d77d32d0ec67c93f2129199d658a8f8a93d747797444f873e472aa0	warnings differ	C-1
3504eff6ae2b9c8a	sidecar	dynamic:vitess;dynamic:bringup;dynamic:reshard	use _vt_customer	same	0f444752ba32ebf169f55f78a7bd9ac9f75cd15e3f615ce1f6c156bdefbba6d3	0f444752ba32ebf169f55f78a7bd9ac9f75cd15e3f615ce1f6c156bdefbba6d3		
3665aef739328832	sidecar	dynamic:vitess;dynamic:movetables;dynamic:reshard	update _vt_customer.vdiff set state = 'completed', last_error = left('', 1024), completed_at = utc_timestamp() where id = 1 and db_name = 'vt_customer'	same	0f444752ba32ebf169f55f78a7bd9ac9f75cd15e3f615ce1f6c156bdefbba6d3	0f444752ba32ebf169f55f78a7bd9ac9f75cd15e3f615ce1f6c156bdefbba6d3		
3e7dc85d3701264c	sidecar	dynamic:vitess;dynamic:bringup;dynamic:sidecar	show create table _vt.views	differs	90a7980e0f130261c78439694bab02531927dcdc04f899a983b810e31b009b87	3c788ec88fb1b105f2e9d040d9741994f65d7e83223da80b716cd6815a67d233	row values differ	C-1,C-6
3eeedf0873889ebf	sidecar	dynamic:vitess;dynamic:bringup	create database if not exists _vt	same	a0215245fcd7077f9a3548330d74f24b5f13ee7e6cc5cc6fa973dec8a4eb71dd	a0215245fcd7077f9a3548330d74f24b5f13ee7e6cc5cc6fa973dec8a4eb71dd		
422d8a3025160286	sidecar	dynamic:vitess;dynamic:keyspace-vschema;dynamic:movetables;dynamic:onlineddl	SELECT TABLE_NAME, CREATE_TIME FROM _vt.`tables`	same	b56a8c0368c545471cd0499d9e9c3cedcdc410abbc7e7dc372d93b4b8609b20b	b56a8c0368c545471cd0499d9e9c3cedcdc410abbc7e7dc372d93b4b8609b20b		
436ffc6f611270a6	sidecar	dynamic:vitess;dynamic:bringup;dynamic:reshard	show create table _vt_customer.reparent_journal	differs	d76f213592be423a74adcbcef869122e57201cb16ed0a5c18d11489f8049f4c1	b17fb33a2943b61791a98f225b3bf5c6356f054604622d1ae6cebfc181884522	row values differ	C-1,C-6
449bd8874b2c0640	sidecar	dynamic:vitess;dynamic:bringup;dynamic:sidecar	show create table _vt.heartbeat	differs	982e8957a32f73fe6188e7eed856f327b2b30989d32805df77a48cf016697a39	bae39154e9da6e0bc75153e47b2898bc84cb3a438b99e44fa28a7c07281562ea	row values differ	C-1,C-6
44bdd27890f95e39	sidecar	dynamic:vitess;dynamic:bringup;dynamic:reshard	CREATE TABLE IF NOT EXISTS `_vt_customer`.`udfs` (\n\t`FUNCTION_NAME` varchar(128) CHARACTER SET utf8mb3 COLLATE utf8mb3_bin NOT NULL,\n\t`FUNCTION_RETURN_TYPE` varchar(20) CHARACTER SET utf8mb3 COLLATE utf8mb3_bin NOT NULL,\n\t`FUNCTION_TYPE` varchar(20) CHARACTER SET utf8mb3 COLLATE utf8mb3_bin NOT NULL,\n\tPRIMARY KEY (`FUNCTION_NAME`)\n) ENGINE InnoDB,\n  CHARSET utf8mb4	differs	70b363d56cfa55817451bf5d2dc12276436969a124a9af8ef4d9a168dc4b9040	4b9c4d3f4553315d276cc9f67aa2147b3b296944809c3974bb641813a45b7e50	warnings differ	C-1
44eb92ecfcc90559	sidecar	dynamic:vitess;dynamic:movetables;dynamic:reshard	SELECT distinct table_name\nFROM (\n\tSELECT table_name, view_definition\n\tFROM information_schema.views\n\tWHERE table_schema = database()\n\n\tUNION ALL\n\n\tSELECT table_name, view_definition\n\tFROM _vt_customer.views\n\tWHERE table_schema = database()\n) _inner\nGROUP BY table_name, view_definition\nHAVING COUNT(*) = 1	same	b1c4d0626bbad10efc520d9827e3d89c7b8a9d9cac8fa10a65da08fe7aa52a43	b1c4d0626bbad10efc520d9827e3d89c7b8a9d9cac8fa10a65da08fe7aa52a43		C-6
4ca21e3ffa3d5fe8	sidecar	dynamic:vitess;dynamic:keyspace-vschema;dynamic:movetables;dynamic:onlineddl	SELECT name\nFROM (\n\tSELECT name FROM \n\tmysql.func \n\n\tUNION ALL\n\n\tSELECT function_name\n\tFROM _vt.udfs\n) _inner\nGROUP BY name\nHAVING COUNT(*) = 1\nLIMIT 1	same	a8e51290911835ff9ae085f30a0e52e58945aea87fefc36d77adb48b8a5e1ea5	a8e51290911835ff9ae085f30a0e52e58945aea87fefc36d77adb48b8a5e1ea5		
523b04a206dd3f5b	sidecar	dynamic:vitess;dynamic:bringup	CREATE TABLE IF NOT EXISTS `_vt`.`tables` (\n\t`TABLE_SCHEMA` varchar(64) CHARACTER SET utf8mb3 COLLATE utf8mb3_bin NOT NULL,\n\t`TABLE_NAME` varchar(64) CHARACTER SET utf8mb3 COLLATE utf8mb3_bin NOT NULL,\n\t`CREATE_STATEMENT` longtext,\n\t`CREATE_TIME` bigint,\n\tPRIMARY KEY (`TABLE_SCHEMA`, `TABLE_NAME`)\n) ENGINE InnoDB,\n  CHARSET utf8mb4	differs	6e8ff8c89680deb480e325066ab28f26c2a46a3c9272b2f9d795f6ee209e4d92	c06bf5701f342bc188d6c6b42d31fd06352791036dbc314862a04b2d770a300c	warnings differ	C-1
57016dec2d529ebb	sidecar	dynamic:vitess;dynamic:bringup;dynamic:reshard	CREATE TABLE IF NOT EXISTS `_vt_customer`.`tables` (\n\t`TABLE_SCHEMA` varchar(64) CHARACTER SET utf8mb3 COLLATE utf8mb3_bin NOT NULL,\n\t`TABLE_NAME` varchar(64) CHARACTER SET utf8mb3 COLLATE utf8mb3_bin NOT NULL,\n\t`CREATE_STATEMENT` longtext,\n\t`CREATE_TIME` bigint,\n\tPRIMARY KEY (`TABLE_SCHEMA`, `TABLE_NAME`)\n) ENGINE InnoDB,\n  CHARSET utf8mb4	differs	6e8ff8c89680deb480e325066ab28f26c2a46a3c9272b2f9d795f6ee209e4d92	c06bf5701f342bc188d6c6b42d31fd06352791036dbc314862a04b2d770a300c	warnings differ	C-1
59e1e99501b90a67	sidecar	dynamic:vitess;dynamic:bringup;dynamic:reshard	show create table _vt_customer.vdiff	differs	ba621d0c77d3a021d5065b062ad9fef9977ca3514075397c08a424b253654096	dfdefc04273d647bd55cb48433049b451c41ab181139f8eee61184fe9c7f471b	row values differ	C-1,C-6
5ea91e77fe34fd2c	sidecar	dynamic:vitess;dynamic:bringup;dynamic:sidecar	show create table _vt.semisync_heartbeat	differs	dbbf90bbe7182ec9eed80621e70bae981c0eba8d08964d6835030e6581937596	ede5e9421805bfefd2b6cb2d85f6ed038e9e15ddf92c063cc7ef61a554dba2f7	row values differ	C-1,C-2,C-6
6573b8ec05974caa	sidecar	dynamic:vitess;dynamic:bringup	CREATE TABLE IF NOT EXISTS `_vt`.`reparent_journal` (\n\t`time_created_ns` bigint unsigned NOT NULL,\n\t`action_name` varbinary(255) NOT NULL,\n\t`primary_alias` varbinary(255) NOT NULL,\n\t`replication_position` varbinary(64000),\n\tPRIMARY KEY (`time_created_ns`)\n) ENGINE InnoDB,\n  CHARSET utf8mb4	differs	867a1b8ab78a0a10659dc5ee884b635299118dc67ab6d9ae858d365c7a52c401	3e4bef602d77d32d0ec67c93f2129199d658a8f8a93d747797444f873e472aa0	warnings differ	C-1
66784cc23edfd4c8	sidecar	dynamic:vitess;dynamic:movetables;dynamic:reshard	select id as id from _vt_customer.vdiff where keyspace = 'customer' and workflow = 'cust2cust' and db_name = 'vt_customer'	same	a9ebc077a1fa73f7d4bcd5f5168ca8e4219309ffae9566026486841448fcf937	a9ebc077a1fa73f7d4bcd5f5168ca8e4219309ffae9566026486841448fcf937		
70184a6626a20509	sidecar	dynamic:vitess;dynamic:keyspace-vschema;dynamic:movetables;dynamic:onlineddl	insert into _vt.`tables`(TABLE_SCHEMA, `TABLE_NAME`, CREATE_STATEMENT, CREATE_TIME) values (database(), '_vt_vrp_9c74ded9be1611f1adfd5ada01a5d344_20261002040615_', 'CREATE TABLE `_vt_vrp_9c74ded9be1611f1adfd5ada01a5d344_20261002040615_` (\\n  `sku` varchar(128) NOT NULL,\\n  `description` varchar(128) DEFAULT NULL,\\n  `price` bigint DEFAULT NULL,\\n  PRIMARY KEY (`sku`)\\n) ENGINE=InnoDB DEFAULT CHARSET=utf8mb4 COLLATE=utf8mb4_0900_ai_ci', 1790913915)	same	4f73cac56c213100458bcc43d0e31ddac4c170e120f75f92420e4a88b8129d5e	4f73cac56c213100458bcc43d0e31ddac4c170e120f75f92420e4a88b8129d5e		
7a1f500e8702c325	sidecar	dynamic:vitess;dynamic:movetables;dynamic:reshard;dynamic:onlineddl;dynamic:sidecar	select * from _vt_customer.vdiff where state = 'error' and json_unquote(json_extract(options, '$.core_options.auto_retry')) = 'true' and db_name = 'vt_customer'	same	24936c83e425fecf3ba083e7e6c31fb2846d77dbc3c67b6e84b6a695b80b39f3	24936c83e425fecf3ba083e7e6c31fb2846d77dbc3c67b6e84b6a695b80b39f3		
7d91cdac3c9f6f61	sidecar	dynamic:vitess;dynamic:bringup	CREATE TABLE IF NOT EXISTS `_vt`.`heartbeat` (\n\t`keyspaceShard` varbinary(256) NOT NULL,\n\t`tabletUid` int unsigned NOT NULL,\n\t`ts` bigint unsigned NOT NULL,\n\tPRIMARY KEY (`keyspaceShard`)\n) ENGINE InnoDB,\n  CHARSET utf8mb4	differs	867a1b8ab78a0a10659dc5ee884b635299118dc67ab6d9ae858d365c7a52c401	3e4bef602d77d32d0ec67c93f2129199d658a8f8a93d747797444f873e472aa0	warnings differ	C-1
82f26e3914973cf1	sidecar	dynamic:vitess;dynamic:bringup;dynamic:reshard	select * from _vt_customer.vdiff where state in ('started', 'pending') and db_name = 'vt_customer'	same	24936c83e425fecf3ba083e7e6c31fb2846d77dbc3c67b6e84b6a695b80b39f3	24936c83e425fecf3ba083e7e6c31fb2846d77dbc3c67b6e84b6a695b80b39f3		
83598cc37a8fead5	sidecar	dynamic:vitess;dynamic:bringup;dynamic:reshard	CREATE TABLE IF NOT EXISTS `_vt_customer`.`views` (\n\t`TABLE_SCHEMA` varchar(64) CHARACTER SET utf8mb3 COLLATE utf8mb3_bin NOT NULL,\n\t`TABLE_NAME` varchar(64) CHARACTER SET utf8mb3 COLLATE utf8mb3_bin NOT NULL,\n\t`CREATE_STATEMENT` longtext,\n\t`VIEW_DEFINITION` longtext NOT NULL,\n\tPRIMARY KEY (`TABLE_SCHEMA`, `TABLE_NAME`)\n) ENGINE InnoDB,\n  CHARSET utf8mb4	differs	6e8ff8c89680deb480e325066ab28f26c2a46a3c9272b2f9d795f6ee209e4d92	c06bf5701f342bc188d6c6b42d31fd06352791036dbc314862a04b2d770a300c	warnings differ	C-1
837b585af55caef2	sidecar	dynamic:vitess;dynamic:movetables;dynamic:reshard	delete from _vt_customer.`tables` where TABLE_SCHEMA = database() and `TABLE_NAME` in ('shopper', 'corder')	same	0f444752ba32ebf169f55f78a7bd9ac9f75cd15e3f615ce1f6c156bdefbba6d3	0f444752ba32ebf169f55f78a7bd9ac9f75cd15e3f615ce1f6c156bdefbba6d3		
8ceedfd0bad3693a	sidecar	dynamic:vitess;dynamic:bringup;dynamic:sidecar	show create table _vt.reparent_journal	differs	d76f213592be423a74adcbcef869122e57201cb16ed0a5c18d11489f8049f4c1	b17fb33a2943b61791a98f225b3bf5c6356f054604622d1ae6cebfc181884522	row values differ	C-1,C-6
8f909d14c74a73ec	sidecar	dynamic:vitess;dynamic:movetables;dynamic:reshard	update _vt_customer.vdiff set state = 'started', last_error = left('', 1024), started_at = utc_timestamp() where id = 1 and db_name = 'vt_customer'	same	0f444752ba32ebf169f55f78a7bd9ac9f75cd15e3f615ce1f6c156bdefbba6d3	0f444752ba32ebf169f55f78a7bd9ac9f75cd15e3f615ce1f6c156bdefbba6d3		
9b5eb85dc7d98c4b	sidecar	dynamic:vitess;dynamic:movetables;dynamic:reshard	SELECT TABLE_NAME, CREATE_TIME FROM _vt_customer.`tables`	same	b56a8c0368c545471cd0499d9e9c3cedcdc410abbc7e7dc372d93b4b8609b20b	b56a8c0368c545471cd0499d9e9c3cedcdc410abbc7e7dc372d93b4b8609b20b		
a7c1d315909f6e0e	sidecar	dynamic:vitess;dynamic:bringup;dynamic:reshard	create database if not exists _vt_customer	same	a0215245fcd7077f9a3548330d74f24b5f13ee7e6cc5cc6fa973dec8a4eb71dd	a0215245fcd7077f9a3548330d74f24b5f13ee7e6cc5cc6fa973dec8a4eb71dd		
adf4bed54b180bdb	sidecar	dynamic:vitess;dynamic:movetables;dynamic:reshard	select * from _vt_customer.vdiff where keyspace = 'customer' and workflow = 'cust2cust' and db_name = 'vt_customer' order by id desc limit 1	same	24936c83e425fecf3ba083e7e6c31fb2846d77dbc3c67b6e84b6a695b80b39f3	24936c83e425fecf3ba083e7e6c31fb2846d77dbc3c67b6e84b6a695b80b39f3		
b94420a020ac8dcd	sidecar	dynamic:vitess;dynamic:bringup;dynamic:keyspace-vschema;dynamic:sidecar	INSERT INTO _vt.heartbeat (ts, tabletUid, keyspaceShard) VALUES (1790914012854963973, 100, 'commerce:0') ON DUPLICATE KEY UPDATE ts=VALUES(ts), tabletUid=VALUES(tabletUid)	same	815ca94e702d534078b7a0530d81b69742195465608d08c1a4dd2458cd2f93a7	815ca94e702d534078b7a0530d81b69742195465608d08c1a4dd2458cd2f93a7		
ba4de07d59afaee3	sidecar	dynamic:vitess;dynamic:bringup;dynamic:reshard	show create table _vt_customer.semisync_heartbeat	differs	dbbf90bbe7182ec9eed80621e70bae981c0eba8d08964d6835030e6581937596	ede5e9421805bfefd2b6cb2d85f6ed038e9e15ddf92c063cc7ef61a554dba2f7	row values differ	C-1,C-2,C-6
ba7fa3449e1b2750	sidecar	dynamic:vitess;dynamic:bringup;dynamic:sidecar	show create table _vt.udfs	differs	69d85e6305ca3d8913004157677e6cea8fb41ddb5ac30ca773f40148e82ba49f	127052cafa9f85f0808d0ba6584fdae9e50e8890186df3c3e7a95ec80e66bfd8	row values differ	C-1,C-6
bd20c0e0fa0fe9c7	sidecar	dynamic:vitess;dynamic:bringup;dynamic:reshard	show create table _vt_customer.views	differs	90a7980e0f130261c78439694bab02531927dcdc04f899a983b810e31b009b87	3c788ec88fb1b105f2e9d040d9741994f65d7e83223da80b716cd6815a67d233	row values differ	C-1,C-6
c4df24e5cdf04bb6	sidecar	dynamic:vitess;dynamic:bringup;dynamic:reshard	CREATE TABLE IF NOT EXISTS `_vt_customer`.`semisync_heartbeat` (\n\t`ts` bigint unsigned NOT NULL,\n\tPRIMARY KEY (`ts`)\n) ENGINE InnoDB,\n  CHARSET utf8mb4	differs	867a1b8ab78a0a10659dc5ee884b635299118dc67ab6d9ae858d365c7a52c401	3e4bef602d77d32d0ec67c93f2129199d658a8f8a93d747797444f873e472aa0	warnings differ	C-1,C-2
ca8af1c522fe9053	sidecar	dynamic:vitess;dynamic:bringup	CREATE TABLE IF NOT EXISTS `_vt`.`views` (\n\t`TABLE_SCHEMA` varchar(64) CHARACTER SET utf8mb3 COLLATE utf8mb3_bin NOT NULL,\n\t`TABLE_NAME` varchar(64) CHARACTER SET utf8mb3 COLLATE utf8mb3_bin NOT NULL,\n\t`CREATE_STATEMENT` longtext,\n\t`VIEW_DEFINITION` longtext NOT NULL,\n\tPRIMARY KEY (`TABLE_SCHEMA`, `TABLE_NAME`)\n) ENGINE InnoDB,\n  CHARSET utf8mb4	differs	6e8ff8c89680deb480e325066ab28f26c2a46a3c9272b2f9d795f6ee209e4d92	c06bf5701f342bc188d6c6b42d31fd06352791036dbc314862a04b2d770a300c	warnings differ	C-1
ce126a09ccfa7805	sidecar	dynamic:vitess;dynamic:movetables;dynamic:reshard	SELECT name\nFROM (\n\tSELECT name FROM \n\tmysql.func \n\n\tUNION ALL\n\n\tSELECT function_name\n\tFROM _vt_customer.udfs\n) _inner\nGROUP BY name\nHAVING COUNT(*) = 1\nLIMIT 1	same	a8e51290911835ff9ae085f30a0e52e58945aea87fefc36d77adb48b8a5e1ea5	a8e51290911835ff9ae085f30a0e52e58945aea87fefc36d77adb48b8a5e1ea5		
d1b87a2a3285a060	sidecar	dynamic:vitess;dynamic:movetables;dynamic:reshard	insert into _vt_customer.`tables`(TABLE_SCHEMA, `TABLE_NAME`, CREATE_STATEMENT, CREATE_TIME) values (database(), 'shopper', 'CREATE TABLE `shopper` (\\n  `shopper_id` bigint NOT NULL,\\n  `email` varchar(128) DEFAULT NULL,\\n  PRIMARY KEY (`shopper_id`)\\n) ENGINE=InnoDB DEFAULT CHARSET=utf8mb4 COLLATE=utf8mb4_0900_ai_ci', 1790913953)	same	4f73cac56c213100458bcc43d0e31ddac4c170e120f75f92420e4a88b8129d5e	4f73cac56c213100458bcc43d0e31ddac4c170e120f75f92420e4a88b8129d5e		
ded229c2cb240fce	sidecar	dynamic:vitess;dynamic:bringup	CREATE TABLE IF NOT EXISTS `_vt`.`udfs` (\n\t`FUNCTION_NAME` varchar(128) CHARACTER SET utf8mb3 COLLATE utf8mb3_bin NOT NULL,\n\t`FUNCTION_RETURN_TYPE` varchar(20) CHARACTER SET utf8mb3 COLLATE utf8mb3_bin NOT NULL,\n\t`FUNCTION_TYPE` varchar(20) CHARACTER SET utf8mb3 COLLATE utf8mb3_bin NOT NULL,\n\tPRIMARY KEY (`FUNCTION_NAME`)\n) ENGINE InnoDB,\n  CHARSET utf8mb4	differs	70b363d56cfa55817451bf5d2dc12276436969a124a9af8ef4d9a168dc4b9040	4b9c4d3f4553315d276cc9f67aa2147b3b296944809c3974bb641813a45b7e50	warnings differ	C-1
e4d151c8977bca78	sidecar	dynamic:vitess;dynamic:bringup;dynamic:reshard	CREATE TABLE IF NOT EXISTS `_vt_customer`.`heartbeat` (\n\t`keyspaceShard` varbinary(256) NOT NULL,\n\t`tabletUid` int unsigned NOT NULL,\n\t`ts` bigint unsigned NOT NULL,\n\tPRIMARY KEY (`keyspaceShard`)\n) ENGINE InnoDB,\n  CHARSET utf8mb4	differs	867a1b8ab78a0a10659dc5ee884b635299118dc67ab6d9ae858d365c7a52c401	3e4bef602d77d32d0ec67c93f2129199d658a8f8a93d747797444f873e472aa0	warnings differ	C-1
ee5f1b0fec3fe9a0	sidecar	dynamic:vitess;dynamic:bringup;dynamic:reshard	show create table _vt_customer.heartbeat	differs	982e8957a32f73fe6188e7eed856f327b2b30989d32805df77a48cf016697a39	bae39154e9da6e0bc75153e47b2898bc84cb3a438b99e44fa28a7c07281562ea	row values differ	C-1,C-6
efd1896238568e8e	sidecar	dynamic:vitess;dynamic:bringup;dynamic:reshard	show create table _vt_customer.schema_version	differs	a948601ca66085c37513d2ecd8908999ad528d515b42b7577e5c9a04172ae5c0	3e965659fe132d50f43c325dae2d2d6d77e9f8ad0e17e8e13ac855e189302fe2	row values differ	C-1,C-6
f121eb4a8514cd05	sidecar	dynamic:vitess;dynamic:movetables;dynamic:reshard	select * from _vt_customer.vdiff where id = 1 and db_name = 'vt_customer'	same	24936c83e425fecf3ba083e7e6c31fb2846d77dbc3c67b6e84b6a695b80b39f3	24936c83e425fecf3ba083e7e6c31fb2846d77dbc3c67b6e84b6a695b80b39f3		
0445f0a8bccf0e24	vdiff	go/vt/vttablet/tabletmanager/vdiff/schema.go:38	select vd.state as vdiff_state, vd.last_error as last_error, vdt.table_name as table_name, vd.vdiff_uuid as 'uuid', vdt.state as table_state, vdt.table_rows as table_rows, vd.started_at as started_at, vdt.rows_compared as rows_compared, vd.completed_at as completed_at, IF(vdt.mismatch = 1, 1, 0) as has_mismatch, vdt.report as report from _vt.vdiff as vd left join _vt.vdiff_table as vdt on (vd.id = vdt.vdiff_id) where vd.id = %a and vd.db_name = %a	same	b757b267368150584b6fd9b194ac0d3c0a9b1d2f6eea2a6f3ce700917ada0f8e	b757b267368150584b6fd9b194ac0d3c0a9b1d2f6eea2a6f3ce700917ada0f8e		
0a8051c4d4fe5083	vdiff	dynamic:vitess;dynamic:movetables;dynamic:reshard;dynamic:onlineddl	select * from _vt.vdiff where state = 'error' and json_unquote(json_extract(options, '$.core_options.auto_retry')) = 'true' and db_name = 'vt_commerce'	same	24936c83e425fecf3ba083e7e6c31fb2846d77dbc3c67b6e84b6a695b80b39f3	24936c83e425fecf3ba083e7e6c31fb2846d77dbc3c67b6e84b6a695b80b39f3		
0b804fb1ddb7ec90	vdiff	dynamic:vitess;dynamic:movetables;dynamic:reshard	insert into _vt_customer.vdiff_table(vdiff_id, `table_name`, state, table_rows) values (1, 'corder', 'pending', 0)	same	4f73cac56c213100458bcc43d0e31ddac4c170e120f75f92420e4a88b8129d5e	4f73cac56c213100458bcc43d0e31ddac4c170e120f75f92420e4a88b8129d5e		
10fa48db401acdc4	vdiff	go/vt/vttablet/tabletmanager/vdiff/schema.go:33;dynamic:vitess;dynamic:movetables	delete from vd, vdt, vdl using _vt.vdiff as vd left join _vt.vdiff_table as vdt on (vd.id = vdt.vdiff_id)\n\t\t\t\t\t\t\t\t\t\tleft join _vt.vdiff_log as vdl on (vd.id = vdl.vdiff_id)\n\t\t\t\t\t\t\t\t\t\twhere vd.keyspace = 'commerce' and vd.workflow = 'commerce2customer_reverse' and vd.db_name = 'vt_commerce'	same	0f444752ba32ebf169f55f78a7bd9ac9f75cd15e3f615ce1f6c156bdefbba6d3	0f444752ba32ebf169f55f78a7bd9ac9f75cd15e3f615ce1f6c156bdefbba6d3		
12ca4e571ccf9d4d	vdiff	dynamic:vitess;dynamic:movetables;dynamic:reshard	select * from _vt_customer.vdiff where keyspace = 'customer' and workflow = 'cust2cust' and vdiff_uuid = '9289ba6a-bc48-47ae-8d37-18032a55ff82' and db_name = 'vt_customer'	same	24936c83e425fecf3ba083e7e6c31fb2846d77dbc3c67b6e84b6a695b80b39f3	24936c83e425fecf3ba083e7e6c31fb2846d77dbc3c67b6e84b6a695b80b39f3		
1388be32482b2e60	vdiff	go/vt/vttablet/tabletmanager/vdiff/schema.go:46	update _vt.vdiff set state = %s, last_error = left(%s, 1024) %s where id = %d and db_name = %s	same	b757b267368150584b6fd9b194ac0d3c0a9b1d2f6eea2a6f3ce700917ada0f8e	b757b267368150584b6fd9b194ac0d3c0a9b1d2f6eea2a6f3ce700917ada0f8e		
19f6bdb5eb6df350	vdiff	dynamic:vitess;dynamic:movetables;dynamic:reshard	update _vt_customer.vdiff_table set state = 'started' where vdiff_id = 1 and `table_name` = 'corder'	same	0f444752ba32ebf169f55f78a7bd9ac9f75cd15e3f615ce1f6c156bdefbba6d3	0f444752ba32ebf169f55f78a7bd9ac9f75cd15e3f615ce1f6c156bdefbba6d3		
1f85e3c1213ac02d	vdiff	dynamic:vitess;dynamic:bringup	CREATE TABLE IF NOT EXISTS `_vt`.`vdiff` (\n\t`id` bigint NOT NULL AUTO_INCREMENT,\n\t`vdiff_uuid` varchar(64) NOT NULL,\n\t`workflow` varbinary(1024),\n\t`keyspace` varbinary(256),\n\t`shard` varchar(255) NOT NULL,\n\t`db_name` varbinary(1024),\n\t`state` varbinary(64),\n\t`options` json,\n\t`created_at` timestamp NOT NULL DEFAULT current_timestamp(),\n\t`started_at` timestamp NULL,\n\t`liveness_timestamp` timestamp NULL,\n\t`completed_at` timestamp NULL,\n\t`last_error` varbinary(1024),\n\tPRIMARY KEY (`id`),\n\tUNIQUE KEY `uuid_idx` (`vdiff_uuid`, `db_name`),\n\tKEY `state` (`state`),\n\tKEY `ks_wf_idx` (`keyspace`(64), `workflow`(64))\n) ENGINE InnoDB,\n  CHARSET utf8mb4	differs	867a1b8ab78a0a10659dc5ee884b635299118dc67ab6d9ae858d365c7a52c401	3e4bef602d77d32d0ec67c93f2129199d658a8f8a93d747797444f873e472aa0	warnings differ	C-1
2421c53dd92dcfb9	vdiff	dynamic:vitess;dynamic:bringup;dynamic:sidecar	show create table _vt.vdiff_table	differs	7fb6eaed5f4d021d4caadbddf0597b348c3d5b76953d702ce394f0f3ef8f4c7e	d73bde83af3d76211e88dcc312a676940ccf79f09e1fc1b26b8225a01812e546	row values differ	C-1,C-6
25548e56a1f63a11	vdiff	go/vt/vttablet/tabletmanager/vdiff/schema.go:30	select * from _vt.vdiff where keyspace = %a and workflow = %a and vdiff_uuid = %a and db_name = %a	same	b757b267368150584b6fd9b194ac0d3c0a9b1d2f6eea2a6f3ce700917ada0f8e	b757b267368150584b6fd9b194ac0d3c0a9b1d2f6eea2a6f3ce700917ada0f8e		
2a05e541a7bdbba1	vdiff	go/vt/vttablet/tabletmanager/vdiff/schema.go:63	update _vt.vdiff_table set rows_compared = %a, report = %a where vdiff_id = %a and table_name = %a	same	b757b267368150584b6fd9b194ac0d3c0a9b1d2f6eea2a6f3ce700917ada0f8e	b757b267368150584b6fd9b194ac0d3c0a9b1d2f6eea2a6f3ce700917ada0f8e		
2b215b5f981269ab	vdiff	dynamic:vitess;dynamic:bringup;dynamic:sidecar	show create table _vt.vdiff_log	differs	08d14c6db0e5d46fb97b36e8d4c4bcb061bdbd496997b681e9324b210e0463ca	303eb6ce327de8fa06cbdaec99dc3b823f85a518fb63e5d70328301ed26513fd	row values differ	C-1,C-6
2cba5cac53b2bcc5	vdiff	dynamic:vitess;dynamic:bringup	CREATE TABLE IF NOT EXISTS `_vt`.`vdiff_table` (\n\t`vdiff_id` bigint NOT NULL,\n\t`table_name` varbinary(128) NOT NULL,\n\t`state` varbinary(64),\n\t`lastpk` varbinary(2000),\n\t`table_rows` bigint NOT NULL DEFAULT '0',\n\t`rows_compared` bigint NOT NULL DEFAULT '0',\n\t`mismatch` tinyint(1) NOT NULL DEFAULT '0',\n\t`report` json,\n\t`created_at` timestamp NOT NULL DEFAULT current_timestamp(),\n\t`updated_at` timestamp NOT NULL DEFAULT current_timestamp() ON UPDATE current_timestamp(),\n\tPRIMARY KEY (`vdiff_id`, `table_name`)\n) ENGINE InnoDB,\n  CHARSET utf8mb4	differs	7dd045d02525e72860844ec4b779068dcc57089ebe176fd6b23d5143673f7e10	e0180bb3eee469dd3158c25ea7d6da4a8e5afff9614e25bc725400cbadc89290	warnings differ	C-1
2e581caccf650751	vdiff	go/vt/vttablet/tabletmanager/vdiff/table_differ.go:1389	select ... from t2	same	b757b267368150584b6fd9b194ac0d3c0a9b1d2f6eea2a6f3ce700917ada0f8e	b757b267368150584b6fd9b194ac0d3c0a9b1d2f6eea2a6f3ce700917ada0f8e		
327bab2d271de950	vdiff	dynamic:vitess;dynamic:movetables;dynamic:reshard	select id as id from _vt_customer.vdiff where vdiff_uuid = '9289ba6a-bc48-47ae-8d37-18032a55ff82' and db_name = 'vt_customer'	same	a9ebc077a1fa73f7d4bcd5f5168ca8e4219309ffae9566026486841448fcf937	a9ebc077a1fa73f7d4bcd5f5168ca8e4219309ffae9566026486841448fcf937		
34e474eaa49115b6	vdiff	go/vt/vttablet/tabletmanager/vdiff/table_plan.go:131	select count(*) from (select id from t limit 1)	same	6c2d5c0ed3c89ede91d738e85aa9d92ab421a0f27f68ea7219f23e681da5bf9c	6c2d5c0ed3c89ede91d738e85aa9d92ab421a0f27f68ea7219f23e681da5bf9c		
34eb617aaf3e58ab	vdiff	go/vt/vttablet/tabletmanager/vdiff/schema.go:47	update _vt.vdiff as vd, _vt.vdiff_table as vdt set vd.state = 'stopped', vdt.state = 'stopped', vd.last_error = '' where vd.id = vdt.vdiff_id and vd.id = %a and vd.db_name = %a and vd.state != 'completed'	same	b757b267368150584b6fd9b194ac0d3c0a9b1d2f6eea2a6f3ce700917ada0f8e	b757b267368150584b6fd9b194ac0d3c0a9b1d2f6eea2a6f3ce700917ada0f8e		
3e36a17985236285	vdiff	go/vt/vttablet/tabletmanager/vdiff/schema.go:21	insert into _vt.vdiff(keyspace, workflow, state, options, shard, db_name, vdiff_uuid) values(%a, %a, %a, %a, %a, %a, %a)	same	b757b267368150584b6fd9b194ac0d3c0a9b1d2f6eea2a6f3ce700917ada0f8e	b757b267368150584b6fd9b194ac0d3c0a9b1d2f6eea2a6f3ce700917ada0f8e		
3f7b038fef2c4087	vdiff	go/vt/vttablet/tabletmanager/vdiff/schema.go:36	delete from vd, vdt using _vt.vdiff as vd left join _vt.vdiff_table as vdt on (vd.id = vdt.vdiff_id) where vd.vdiff_uuid = %a and vd.db_name = %a	same	b757b267368150584b6fd9b194ac0d3c0a9b1d2f6eea2a6f3ce700917ada0f8e	b757b267368150584b6fd9b194ac0d3c0a9b1d2f6eea2a6f3ce700917ada0f8e		
495428202527d006	vdiff	dynamic:vitess;dynamic:movetables;dynamic:reshard	update _vt_customer.vdiff_table set state = 'completed', rows_compared = 5, report = '{"TableName":"shopper","ProcessedRows":5,"MatchingRows":5,"MismatchedRows":0,"ExtraRowsSource":0,"ExtraRowsTarget":0}' where vdiff_id = 1 and `table_name` = 'shopper'	same	0f444752ba32ebf169f55f78a7bd9ac9f75cd15e3f615ce1f6c156bdefbba6d3	0f444752ba32ebf169f55f78a7bd9ac9f75cd15e3f615ce1f6c156bdefbba6d3		
656f3b25340b3132	vdiff	go/vt/vttablet/tabletmanager/vdiff/table_plan.go:65	select cid, name from customer	same	97db900d5bd1362659223afdeb8791d99b4997e8f6cbc20312993ced20243857	97db900d5bd1362659223afdeb8791d99b4997e8f6cbc20312993ced20243857		
6608cb3d0ead9b00	vdiff	go/vt/vttablet/tabletmanager/vdiff/schema.go:58	select vdt.lastpk as lastpk, vdt.mismatch as mismatch, vdt.report as report from _vt.vdiff as vd inner join _vt.vdiff_table as vdt on (vd.id = vdt.vdiff_id) where vdt.vdiff_id = %a and vdt.table_name = %a	same	b757b267368150584b6fd9b194ac0d3c0a9b1d2f6eea2a6f3ce700917ada0f8e	b757b267368150584b6fd9b194ac0d3c0a9b1d2f6eea2a6f3ce700917ada0f8e		
6e12260cea10b8ca	vdiff	dynamic:vitess;dynamic:bringup;dynamic:reshard	show create table _vt_customer.vdiff_log	differs	a8be543c2cd4fdf7e6ac0c74999f05b867ccaa339fea5428a812e6734572ace1	31679c52c7fa2eb61d36a707969b82c798493c1d61ec33780556fdab7a7780f4	row values differ	C-1,C-6
6e8b04372c05f4a5	vdiff	go/vt/vttablet/tabletmanager/vdiff/schema.go:22	update _vt.vdiff as vd, _vt.vdiff_table as vdt set vd.started_at = NULL, vd.completed_at = NULL, vd.state = 'pending', vdt.state = 'pending' where vd.vdiff_uuid = %a and vd.db_name = %a and vd.id = vdt.vdiff_id and vd.state in ('completed', 'stopped') and vdt.state in ('completed', 'stopped')	same	b757b267368150584b6fd9b194ac0d3c0a9b1d2f6eea2a6f3ce700917ada0f8e	b757b267368150584b6fd9b194ac0d3c0a9b1d2f6eea2a6f3ce700917ada0f8e		
72c76019ae14df7d	vdiff	dynamic:vitess;dynamic:bringup;dynamic:sidecar	select * from _vt.vdiff where state in ('started','pending') and db_name = 'vt_commerce'	same	24936c83e425fecf3ba083e7e6c31fb2846d77dbc3c67b6e84b6a695b80b39f3	24936c83e425fecf3ba083e7e6c31fb2846d77dbc3c67b6e84b6a695b80b39f3		
7564a6df805a3928	vdiff	go/vt/vttablet/tabletmanager/vdiff/table_differ.go:1428	select b as a, a as b	same	10aba574287a88a84d8597b32b0181bcb60ec5735eb5b43a7e5e0a83088b845a	10aba574287a88a84d8597b32b0181bcb60ec5735eb5b43a7e5e0a83088b845a		
7fabf9dec67410cd	vdiff	dynamic:vitess;dynamic:bringup;dynamic:sidecar	show create table _vt.vdiff	differs	38d44a67ed3681fac4f66e17d647b38fce1de563072c47c82af583b584d7c0cf	2758c9285cad011140deab9dc4fa95d35e372f9c9b8615a4b56c5d71b2bedbe0	row values differ	C-1,C-6
8802c10d229180c6	vdiff	dynamic:vitess;dynamic:bringup;dynamic:reshard	show create table _vt_customer.vdiff_table	differs	7fb6eaed5f4d021d4caadbddf0597b348c3d5b76953d702ce394f0f3ef8f4c7e	d73bde83af3d76211e88dcc312a676940ccf79f09e1fc1b26b8225a01812e546	row values differ	C-1,C-6
881b1a8dc3935bef	vdiff	go/vt/vttablet/tabletmanager/vdiff/schema.go:66	update _vt.vdiff_table set mismatch = %a where vdiff_id = %a and table_name = %a	same	b757b267368150584b6fd9b194ac0d3c0a9b1d2f6eea2a6f3ce700917ada0f8e	b757b267368150584b6fd9b194ac0d3c0a9b1d2f6eea2a6f3ce700917ada0f8e		
8a7c95da29370366	vdiff	dynamic:vitess;dynamic:bringup;dynamic:reshard	CREATE TABLE IF NOT EXISTS `_vt_customer`.`vdiff_table` (\n\t`vdiff_id` bigint NOT NULL,\n\t`table_name` varbinary(128) NOT NULL,\n\t`state` varbinary(64),\n\t`lastpk` varbinary(2000),\n\t`table_rows` bigint NOT NULL DEFAULT '0',\n\t`rows_compared` bigint NOT NULL DEFAULT '0',\n\t`mismatch` tinyint(1) NOT NULL DEFAULT '0',\n\t`report` json,\n\t`created_at` timestamp NOT NULL DEFAULT current_timestamp(),\n\t`updated_at` timestamp NOT NULL DEFAULT current_timestamp() ON UPDATE current_timestamp(),\n\tPRIMARY KEY (`vdiff_id`, `table_name`)\n) ENGINE InnoDB,\n  CHARSET utf8mb4	differs	7dd045d02525e72860844ec4b779068dcc57089ebe176fd6b23d5143673f7e10	e0180bb3eee469dd3158c25ea7d6da4a8e5afff9614e25bc725400cbadc89290	warnings differ	C-1
915b1ccde9647eb0	vdiff	go/vt/vttablet/tabletmanager/vdiff/schema.go:61	update _vt.vdiff_table set table_rows = %a where vdiff_id = %a and table_name = %a	same	b757b267368150584b6fd9b194ac0d3c0a9b1d2f6eea2a6f3ce700917ada0f8e	b757b267368150584b6fd9b194ac0d3c0a9b1d2f6eea2a6f3ce700917ada0f8e		
92e9dd6920d60fc6	vdiff	go/vt/vttablet/tabletmanager/vdiff/schema.go:65	update _vt.vdiff_table set state = %a, rows_compared = %a, report = %a where vdiff_id = %a and table_name = %a	same	b757b267368150584b6fd9b194ac0d3c0a9b1d2f6eea2a6f3ce700917ada0f8e	b757b267368150584b6fd9b194ac0d3c0a9b1d2f6eea2a6f3ce700917ada0f8e		
961bb38a0c85b58f	vdiff	dynamic:vitess;dynamic:bringup	CREATE TABLE IF NOT EXISTS `_vt`.`vdiff_log` (\n\t`id` bigint NOT NULL AUTO_INCREMENT,\n\t`vdiff_id` bigint NOT NULL,\n\t`created_at` timestamp NOT NULL DEFAULT current_timestamp(),\n\t`message` text NOT NULL,\n\tPRIMARY KEY (`id`),\n\tKEY `vdiff_id_idx` (`vdiff_id`)\n) ENGINE InnoDB,\n  CHARSET utf8mb4	differs	867a1b8ab78a0a10659dc5ee884b635299118dc67ab6d9ae858d365c7a52c401	3e4bef602d77d32d0ec67c93f2129199d658a8f8a93d747797444f873e472aa0	warnings differ	C-1
99cde8d872463405	vdiff	go/vt/vttablet/tabletmanager/vdiff/schema.go:32	select * from _vt.vdiff where id = %a and db_name = %a	same	b757b267368150584b6fd9b194ac0d3c0a9b1d2f6eea2a6f3ce700917ada0f8e	b757b267368150584b6fd9b194ac0d3c0a9b1d2f6eea2a6f3ce700917ada0f8e		
a46805c63e5641bf	vdiff	go/vt/vttablet/tabletmanager/vdiff/table_plan.go:122	select a as b	same	10aba574287a88a84d8597b32b0181bcb60ec5735eb5b43a7e5e0a83088b845a	10aba574287a88a84d8597b32b0181bcb60ec5735eb5b43a7e5e0a83088b845a		
b1ca78f8a76b03b9	vdiff	go/vt/vttablet/tabletmanager/vdiff/utils.go:73	insert into _vt.vdiff_log(vdiff_id, message) values (%d, %s)	same	b757b267368150584b6fd9b194ac0d3c0a9b1d2f6eea2a6f3ce700917ada0f8e	b757b267368150584b6fd9b194ac0d3c0a9b1d2f6eea2a6f3ce700917ada0f8e		
b61ec37e65eab53d	vdiff	dynamic:vitess;dynamic:reshard	update _vt_customer.vdiff_table set rows_compared = 0, report = '{"TableName":"shopper","ProcessedRows":0,"MatchingRows":0,"MismatchedRows":0,"ExtraRowsSource":0,"ExtraRowsTarget":0}' where vdiff_id = 1 and `table_name` = 'shopper'	same	0f444752ba32ebf169f55f78a7bd9ac9f75cd15e3f615ce1f6c156bdefbba6d3	0f444752ba32ebf169f55f78a7bd9ac9f75cd15e3f615ce1f6c156bdefbba6d3		
b8c50692746cfa12	vdiff	go/vt/vttablet/tabletmanager/vdiff/schema.go:68	select table_name as table_name from _vt.vdiff_table where vdiff_id = %a and state != 'completed' order by table_name	same	b757b267368150584b6fd9b194ac0d3c0a9b1d2f6eea2a6f3ce700917ada0f8e	b757b267368150584b6fd9b194ac0d3c0a9b1d2f6eea2a6f3ce700917ada0f8e		
bd9752bf480bcc3e	vdiff	dynamic:vitess;dynamic:movetables;dynamic:reshard	delete vd, vdt, vdl from _vt_customer.vdiff as vd left join _vt_customer.vdiff_table as vdt on vd.id = vdt.vdiff_id left join _vt_customer.vdiff_log as vdl on vd.id = vdl.vdiff_id where vd.keyspace = 'customer' and vd.workflow = 'cust2cust' and vd.db_name = 'vt_customer'	same	0f444752ba32ebf169f55f78a7bd9ac9f75cd15e3f615ce1f6c156bdefbba6d3	0f444752ba32ebf169f55f78a7bd9ac9f75cd15e3f615ce1f6c156bdefbba6d3		
c2fa5574d07295a6	vdiff	dynamic:vitess;dynamic:movetables;dynamic:reshard	select vdt.lastpk as lastpk, vdt.mismatch as mismatch, vdt.report as report from _vt_customer.vdiff as vd join _vt_customer.vdiff_table as vdt on vd.id = vdt.vdiff_id where vdt.vdiff_id = 1 and vdt.`table_name` = 'corder'	same	2e54fb0f224d6464230f7471c93f02ec8b88baea77da000d6ce497e5f1a64000	2e54fb0f224d6464230f7471c93f02ec8b88baea77da000d6ce497e5f1a64000		
c3da1c1b44d12e33	vdiff	dynamic:vitess;dynamic:bringup;dynamic:reshard	CREATE TABLE IF NOT EXISTS `_vt_customer`.`vdiff_log` (\n\t`id` bigint NOT NULL AUTO_INCREMENT,\n\t`vdiff_id` bigint NOT NULL,\n\t`created_at` timestamp NOT NULL DEFAULT current_timestamp(),\n\t`message` text NOT NULL,\n\tPRIMARY KEY (`id`),\n\tKEY `vdiff_id_idx` (`vdiff_id`)\n) ENGINE InnoDB,\n  CHARSET utf8mb4	differs	867a1b8ab78a0a10659dc5ee884b635299118dc67ab6d9ae858d365c7a52c401	3e4bef602d77d32d0ec67c93f2129199d658a8f8a93d747797444f873e472aa0	warnings differ	C-1
c9e46ce44fb1be05	vdiff	go/vt/vttablet/tabletmanager/vdiff/schema.go:52	select id as id from _vt.vdiff where vdiff_uuid = %a and db_name = %a	same	b757b267368150584b6fd9b194ac0d3c0a9b1d2f6eea2a6f3ce700917ada0f8e	b757b267368150584b6fd9b194ac0d3c0a9b1d2f6eea2a6f3ce700917ada0f8e		
d055ce093eab99f0	vdiff	go/vt/vttablet/tabletmanager/vdiff/schema.go:57	insert into _vt.vdiff_table(vdiff_id, table_name, state, table_rows) values(%a, %a, 'pending', %a)	same	b757b267368150584b6fd9b194ac0d3c0a9b1d2f6eea2a6f3ce700917ada0f8e	b757b267368150584b6fd9b194ac0d3c0a9b1d2f6eea2a6f3ce700917ada0f8e		
d1d3c377875f0982	vdiff	dynamic:vitess;dynamic:movetables;dynamic:reshard	select vd.state as vdiff_state, vd.last_error as last_error, vdt.`table_name` as `table_name`, vd.vdiff_uuid as uuid, vdt.state as table_state, vdt.table_rows as table_rows, vd.started_at as started_at, vdt.rows_compared as rows_compared, vd.completed_at as completed_at, if(vdt.mismatch = 1, 1, 0) as has_mismatch, vdt.report as report from _vt_customer.vdiff as vd left join _vt_customer.vdiff_table as vdt on vd.id = vdt.vdiff_id where vd.id = 1 and vd.db_name = 'vt_customer'	same	56fb77f5f593bdb0d0f1809e03082b7d9f6e1922b2c3cf239fab7eea9c639968	56fb77f5f593bdb0d0f1809e03082b7d9f6e1922b2c3cf239fab7eea9c639968		
d960f9e62b197aa4	vdiff	go/vt/vttablet/tabletmanager/vdiff/schema.go:62	update _vt.vdiff_table set rows_compared = %a, lastpk = %a, report = %a where vdiff_id = %a and table_name = %a	same	b757b267368150584b6fd9b194ac0d3c0a9b1d2f6eea2a6f3ce700917ada0f8e	b757b267368150584b6fd9b194ac0d3c0a9b1d2f6eea2a6f3ce700917ada0f8e		
db4113185fd6091d	vdiff	go/vt/vttablet/tabletmanager/vdiff/schema.go:53;dynamic:vitess;dynamic:movetables	select id as id from _vt.vdiff where keyspace = 'commerce' and workflow = 'commerce2customer_reverse' and db_name = 'vt_commerce'	same	a9ebc077a1fa73f7d4bcd5f5168ca8e4219309ffae9566026486841448fcf937	a9ebc077a1fa73f7d4bcd5f5168ca8e4219309ffae9566026486841448fcf937		
de6ce79f0d9fb852	vdiff	dynamic:vitess;dynamic:movetables;dynamic:reshard	update _vt_customer.vdiff_table set rows_compared = 4, lastpk = 'target:{fields:{name:"order_id" type:INT64 table:"corder" org_table:"corder" database:"vt_customer" org_name:"order_id" column_length:20 charset:63 flags:53251} rows:{lengths:1 values:"4"}}', report = '{"TableName":"corder","ProcessedRows":4,"MatchingRows":4,"MismatchedRows":0,"ExtraRowsSource":0,"ExtraRowsTarget":0}' where vdiff_id = 1 and `table_name` = 'corder'	same	0f444752ba32ebf169f55f78a7bd9ac9f75cd15e3f615ce1f6c156bdefbba6d3	0f444752ba32ebf169f55f78a7bd9ac9f75cd15e3f615ce1f6c156bdefbba6d3		
e5b8bd9864e742a8	vdiff	go/vt/vttablet/tabletmanager/vdiff/schema.go:50	select * from _vt.vdiff where state in ('started','pending') and db_name = %a	same	b757b267368150584b6fd9b194ac0d3c0a9b1d2f6eea2a6f3ce700917ada0f8e	b757b267368150584b6fd9b194ac0d3c0a9b1d2f6eea2a6f3ce700917ada0f8e		
eac296c2a9b2757a	vdiff	dynamic:vitess;dynamic:bringup;dynamic:reshard	CREATE TABLE IF NOT EXISTS `_vt_customer`.`vdiff` (\n\t`id` bigint NOT NULL AUTO_INCREMENT,\n\t`vdiff_uuid` varchar(64) NOT NULL,\n\t`workflow` varbinary(1024),\n\t`keyspace` varbinary(256),\n\t`shard` varchar(255) NOT NULL,\n\t`db_name` varbinary(1024),\n\t`state` varbinary(64),\n\t`options` json,\n\t`created_at` timestamp NOT NULL DEFAULT current_timestamp(),\n\t`started_at` timestamp NULL,\n\t`liveness_timestamp` timestamp NULL,\n\t`completed_at` timestamp NULL,\n\t`last_error` varbinary(1024),\n\tPRIMARY KEY (`id`),\n\tUNIQUE KEY `uuid_idx` (`vdiff_uuid`, `db_name`),\n\tKEY `state` (`state`),\n\tKEY `ks_wf_idx` (`keyspace`(64), `workflow`(64))\n) ENGINE InnoDB,\n  CHARSET utf8mb4	differs	867a1b8ab78a0a10659dc5ee884b635299118dc67ab6d9ae858d365c7a52c401	3e4bef602d77d32d0ec67c93f2129199d658a8f8a93d747797444f873e472aa0	warnings differ	C-1
ed06f1e932181e6d	vdiff	go/vt/vttablet/tabletmanager/vdiff/schema.go:31	select * from _vt.vdiff where keyspace = %a and workflow = %a and db_name = %a order by id desc limit %a	same	b757b267368150584b6fd9b194ac0d3c0a9b1d2f6eea2a6f3ce700917ada0f8e	b757b267368150584b6fd9b194ac0d3c0a9b1d2f6eea2a6f3ce700917ada0f8e		
edb5aef8eea6307f	vdiff	go/vt/vttablet/tabletmanager/vdiff/schema.go:20	analyze table `%s`.`%s`	same	43db9ac0535a563a898d94dba1ab8959eb3340ba1510930cae202fc52fb4915f	43db9ac0535a563a898d94dba1ab8959eb3340ba1510930cae202fc52fb4915f		
eeb8e2782e8ad016	vdiff	go/vt/vttablet/tabletmanager/vdiff/schema.go:64	update _vt.vdiff_table set state = %a where vdiff_id = %a and table_name = %a	same	b757b267368150584b6fd9b194ac0d3c0a9b1d2f6eea2a6f3ce700917ada0f8e	b757b267368150584b6fd9b194ac0d3c0a9b1d2f6eea2a6f3ce700917ada0f8e		
f099b022fcca2152	vdiff	dynamic:vitess;dynamic:movetables;dynamic:reshard	insert into _vt_customer.vdiff_log(vdiff_id, message) values (1, 'State changed to: started')	same	4f73cac56c213100458bcc43d0e31ddac4c170e120f75f92420e4a88b8129d5e	4f73cac56c213100458bcc43d0e31ddac4c170e120f75f92420e4a88b8129d5e		
f0d1054dfafcf1cd	vdiff	dynamic:vitess;dynamic:movetables;dynamic:reshard	insert into _vt_customer.vdiff(keyspace, workflow, state, options, shard, db_name, vdiff_uuid) values ('customer', 'cust2cust', 'pending', '{"picker_options":{"tablet_types":"in_order:rdonly,replica,primary","source_cell":"zone1","target_cell":"zone1"},"core_options":{"auto_retry":true,"max_rows":9223372036854775807,"timeout_seconds":30,"max_extra_rows_to_compare":1000,"auto_start":true},"report_options":{"max_sample_rows":10,"row_diff_column_truncate_at":128}}', '80-', 'vt_customer', '9289ba6a-bc48-47ae-8d37-18032a55ff82')	same	4f73cac56c213100458bcc43d0e31ddac4c170e120f75f92420e4a88b8129d5e	4f73cac56c213100458bcc43d0e31ddac4c170e120f75f92420e4a88b8129d5e		
f29e47244550a9d5	vdiff	go/vt/vttablet/tabletmanager/vdiff/schema.go:25	update _vt.vdiff as vd set vd.state = 'pending' where vd.vdiff_uuid = %a and vd.db_name = %a and vd.state = 'stopped' and vd.started_at is NULL and vd.completed_at is NULL and (select count(*) as cnt from _vt.vdiff_table as vdt where vd.id = vdt.vdiff_id) = 0	same	b757b267368150584b6fd9b194ac0d3c0a9b1d2f6eea2a6f3ce700917ada0f8e	b757b267368150584b6fd9b194ac0d3c0a9b1d2f6eea2a6f3ce700917ada0f8e		
f335c449dbeec497	vdiff	dynamic:vitess;dynamic:movetables;dynamic:reshard	select `table_name` as `table_name` from _vt_customer.vdiff_table where vdiff_id = 1 and state != 'completed' order by `table_name` asc	same	b1c4d0626bbad10efc520d9827e3d89c7b8a9d9cac8fa10a65da08fe7aa52a43	b1c4d0626bbad10efc520d9827e3d89c7b8a9d9cac8fa10a65da08fe7aa52a43		
010ce6349366a50f	vreplication	go/vt/vttablet/onlineddl/schema.go:516;go/vt/vttablet/onlineddl/schema.go:517	UPDATE _vt.vreplication set state='Running' where db_name=%a and workflow=%a	same	b757b267368150584b6fd9b194ac0d3c0a9b1d2f6eea2a6f3ce700917ada0f8e	b757b267368150584b6fd9b194ac0d3c0a9b1d2f6eea2a6f3ce700917ada0f8e		
01f889c4b8d7356e	vreplication	dynamic:vitess;dynamic:movetables;dynamic:reshard	insert into _vt_customer.resharding_journal(id, db_name, val) values (8200191490597391617, 'vt_customer', 'id:8200191490597391617 migration_type:SHARDS tables:"/.*" local_position:"MySQL56/5fa0ed52-be16-11f1-9ff6-a677967ca178:1-139" shard_gtids:{keyspace:"customer" shard:"-80" gtid:"MySQL56/5fa12b8d-be16-11f1-9525-129a7b8bb86b:1-229"} shard_gtids:{keyspace:"customer" shard:"80-" gtid:"MySQL56/5fa2afa1-be16-11f1-a6db-2666751d4fc0:1-113"} participants:{keyspace:"customer" shard:"0"}')	same	4f73cac56c213100458bcc43d0e31ddac4c170e120f75f92420e4a88b8129d5e	4f73cac56c213100458bcc43d0e31ddac4c170e120f75f92420e4a88b8129d5e		
03c006f98f09a8f4	vreplication	go/vt/vttablet/tabletmanager/vdiff/schema.go:49	select * from _vt.vreplication %s	same	b757b267368150584b6fd9b194ac0d3c0a9b1d2f6eea2a6f3ce700917ada0f8e	b757b267368150584b6fd9b194ac0d3c0a9b1d2f6eea2a6f3ce700917ada0f8e		
06442846cf72fad2	vreplication	go/vt/vttablet/tabletmanager/vreplication/vreplicator.go:138;go/vt/vttablet/tabletserver/vstreamer/vstreamer.go:132	select * from t	same	97db900d5bd1362659223afdeb8791d99b4997e8f6cbc20312993ced20243857	97db900d5bd1362659223afdeb8791d99b4997e8f6cbc20312993ced20243857		
07b7f1949e07b129	vreplication	go/vt/vttablet/tabletmanager/rpc_vreplication.go:63	select workflow, id, source, pos, stop_pos, max_tps, max_replication_lag, cell, tablet_types, time_updated, transaction_timestamp, state, message, db_name, rows_copied, tags, time_heartbeat, workflow_type, time_throttled, component_throttled, workflow_sub_type, defer_secondary_keys, options from %s.vreplication where db_name = %a%s order by workflow, id	same	b757b267368150584b6fd9b194ac0d3c0a9b1d2f6eea2a6f3ce700917ada0f8e	b757b267368150584b6fd9b194ac0d3c0a9b1d2f6eea2a6f3ce700917ada0f8e		
081449a68af0e751	vreplication	go/vt/vttablet/tabletmanager/rpc_vreplication.go:202	delete from %s %s	same	b757b267368150584b6fd9b194ac0d3c0a9b1d2f6eea2a6f3ce700917ada0f8e	b757b267368150584b6fd9b194ac0d3c0a9b1d2f6eea2a6f3ce700917ada0f8e		
094a4ca607328c08	vreplication	go/vt/vttablet/tabletmanager/vreplication/table_plan_builder.go:112	insert.. on duplicate key	same	b757b267368150584b6fd9b194ac0d3c0a9b1d2f6eea2a6f3ce700917ada0f8e	b757b267368150584b6fd9b194ac0d3c0a9b1d2f6eea2a6f3ce700917ada0f8e		
0a84a041107cc64d	vreplication	go/vt/vttablet/tabletserver/vstreamer/snapshot_conn.go:135;go/vt/vttablet/tabletserver/vstreamer/snapshot_conn.go:266;dynamic:vitess;dynamic:movetables;dynamic:reshard	start transaction with consistent snapshot, read only	same	0f444752ba32ebf169f55f78a7bd9ac9f75cd15e3f615ce1f6c156bdefbba6d3	0f444752ba32ebf169f55f78a7bd9ac9f75cd15e3f615ce1f6c156bdefbba6d3		C-4
0aa0c147d51cf94b	vreplication	dynamic:vitess;dynamic:reshard	select if(count(*) > 0, 1, 0) as has_workflows from _vt_customer.vreplication where db_name = 'vt_customer'	same	2abcdf0d67324693604d8cfe7bcb9ea5a763644b32325b18993426c8a84e0b91	2abcdf0d67324693604d8cfe7bcb9ea5a763644b32325b18993426c8a84e0b91		
0aced82baf48f8b1	vreplication	dynamic:vitess;dynamic:movetables;dynamic:onlineddl	select id, type, state, message from _vt.vreplication_log where vrepl_id = 2 order by id desc limit 1	same	fe3b49114e0d2e92a2e263101c1faa35b8f9170b2babaa2070aaefbb5d4bfe10	fe3b49114e0d2e92a2e263101c1faa35b8f9170b2babaa2070aaefbb5d4bfe10		
0b21b0b4dca5b6bb	vreplication	dynamic:vitess;dynamic:movetables	insert into _vt.vreplication (workflow, source, pos, max_tps, max_replication_lag, time_updated, transaction_timestamp, state, db_name, workflow_type, workflow_sub_type, options) values ('commerce2customer_reverse', 'keyspace:"customer" shard:"0" filter:{rules:{match:"corder" filter:"select * from `corder`"} rules:{match:"shopper" filter:"select * from `shopper`"}}', 'MySQL56/5fa0ed52-be16-11f1-9ff6-a677967ca178:1-111', 9223372036854775807, 9223372036854775807, 1790913942, 0, 'Stopped', 'vt_commerce', 1, 0, '{}')	same	4f73cac56c213100458bcc43d0e31ddac4c170e120f75f92420e4a88b8129d5e	4f73cac56c213100458bcc43d0e31ddac4c170e120f75f92420e4a88b8129d5e		
0c11cc808e154c6d	vreplication	dynamic:vitess;dynamic:movetables	select vrepl_id, table_name, lastpk from _vt.copy_state where vrepl_id in (2) and id in (select max(id) from _vt.copy_state where vrepl_id in (2) group by vrepl_id, table_name)	same	74d4916d6a93c782dcaa75accc3cfb07825a33bacb87d978ddfcf2f0df81ff9c	74d4916d6a93c782dcaa75accc3cfb07825a33bacb87d978ddfcf2f0df81ff9c		
0ca9e37cc28cb788	vreplication	dynamic:vitess;dynamic:reshard	select workflow, id, source, pos, stop_pos, max_tps, max_replication_lag, cell, tablet_types, time_updated, transaction_timestamp, state, message, db_name, rows_copied, tags, time_heartbeat, workflow_type, time_throttled, component_throttled, workflow_sub_type, defer_secondary_keys, options from _vt_customer.vreplication where db_name = 'vt_customer' and message != 'FROZEN' order by workflow, id	same	5c35feaa5b9c667b5c0419a37fabf1639af5469a03cf94e4255de8b46499f3f0	5c35feaa5b9c667b5c0419a37fabf1639af5469a03cf94e4255de8b46499f3f0		
0e1f61e7de4cfe91	vreplication	go/vt/vttablet/tabletmanager/rpc_vreplication.go:71	update %s.vreplication set state = %a, source = %a, cell = %a, tablet_types = %a, message = %a %s where id = %a	same	b757b267368150584b6fd9b194ac0d3c0a9b1d2f6eea2a6f3ce700917ada0f8e	b757b267368150584b6fd9b194ac0d3c0a9b1d2f6eea2a6f3ce700917ada0f8e		
0e460300ee21eeb8	vreplication	dynamic:vitess;dynamic:movetables	update _vt.vreplication set cell = 'zone1', tablet_types = 'replica,primary', options = '{"sharded_auto_increment_handling":1}' where id in (2)	same	0f444752ba32ebf169f55f78a7bd9ac9f75cd15e3f615ce1f6c156bdefbba6d3	0f444752ba32ebf169f55f78a7bd9ac9f75cd15e3f615ce1f6c156bdefbba6d3		
0fbb06279b75d4d0	vreplication	go/vt/vttablet/tabletmanager/vreplication/vcopier.go:449	delete from _vt.copy_state where vrepl_id = %d and table_name = %s and id < (select maxid from (select max(id) as maxid from _vt.copy_state where vrepl_id = %d and table_name = %s) as depsel)	same	b757b267368150584b6fd9b194ac0d3c0a9b1d2f6eea2a6f3ce700917ada0f8e	b757b267368150584b6fd9b194ac0d3c0a9b1d2f6eea2a6f3ce700917ada0f8e		
1069df3a6e572f8a	vreplication	dynamic:vitess;dynamic:bringup;dynamic:sidecar	show create table _vt.post_copy_action	differs	07d4eb186ff92310f8045a67113eceda3e5059ea22dc7a6b3f0dc46515f2229d	577e2d7911667a58c2526636b64969ef1facb96623baeaef35319d10de3c7b5d	row values differ	C-1,C-6
10b896eea4b50cf5	vreplication	dynamic:vitess;dynamic:bringup;dynamic:sidecar	show create table _vt.vreplication_log	differs	335dced3f9d1314ea66aef91071fd36a9d1c002fe044774db577991ec8b734ad	24e8cc6be98659080369d8fea6beee1564ee1c618a49eecde9522d5c180c3cd5	row values differ	C-1,C-6
117c82be7828a226	vreplication	dynamic:vitess;dynamic:movetables;dynamic:reshard	select workflow, id, source, pos, stop_pos, max_tps, max_replication_lag, cell, tablet_types, time_updated, transaction_timestamp, state, message, db_name, rows_copied, tags, time_heartbeat, workflow_type, time_throttled, component_throttled, workflow_sub_type, defer_secondary_keys, options from _vt_customer.vreplication where db_name = 'vt_customer' and workflow in ('cust2cust') order by workflow, id	same	5c35feaa5b9c667b5c0419a37fabf1639af5469a03cf94e4255de8b46499f3f0	5c35feaa5b9c667b5c0419a37fabf1639af5469a03cf94e4255de8b46499f3f0		
1271d049e4b34d48	vreplication	go/vt/vttablet/tabletmanager/vreplication/queryhistory/position.go:10	update _vt\\.vreplication set pos='([^']*)'	same	b757b267368150584b6fd9b194ac0d3c0a9b1d2f6eea2a6f3ce700917ada0f8e	b757b267368150584b6fd9b194ac0d3c0a9b1d2f6eea2a6f3ce700917ada0f8e		
14e529f93635d4f0	vreplication	go/vt/vttablet/tabletmanager/vreplication/vreplicator.go:144	select * from t where customer_id=1 and val = 'newton'	same	97db900d5bd1362659223afdeb8791d99b4997e8f6cbc20312993ced20243857	97db900d5bd1362659223afdeb8791d99b4997e8f6cbc20312993ced20243857		
1598f9373cdb716d	vreplication	go/vt/vttablet/tabletmanager/vreplication/table_plan_builder.go:108	select a+b as c from t	same	97db900d5bd1362659223afdeb8791d99b4997e8f6cbc20312993ced20243857	97db900d5bd1362659223afdeb8791d99b4997e8f6cbc20312993ced20243857		
161b43249505de42	vreplication	dynamic:vitess;dynamic:movetables	insert into _vt.vreplication_log(vrepl_id, type, state, message) values(5, 'Ended Copy Phase', 'Copying', 'Copy phase completed at gtid 5fa12b8d-be16-11f1-9525-129a7b8bb86b:1-255')	same	4f73cac56c213100458bcc43d0e31ddac4c170e120f75f92420e4a88b8129d5e	4f73cac56c213100458bcc43d0e31ddac4c170e120f75f92420e4a88b8129d5e		
16711464e3b09c89	vreplication	dynamic:vitess;dynamic:bringup;dynamic:reshard	CREATE TABLE IF NOT EXISTS `_vt_customer`.`vreplication` (\n\t`id` int NOT NULL AUTO_INCREMENT,\n\t`workflow` varbinary(1000),\n\t`source` mediumblob NOT NULL,\n\t`pos` longblob NOT NULL,\n\t`stop_pos` longblob,\n\t`max_tps` bigint NOT NULL,\n\t`max_replication_lag` bigint NOT NULL,\n\t`cell` varbinary(1000),\n\t`tablet_types` varbinary(100),\n\t`time_updated` bigint NOT NULL,\n\t`transaction_timestamp` bigint NOT NULL,\n\t`state` varbinary(100) NOT NULL,\n\t`message` varbinary(1000),\n\t`db_name` varbinary(255) NOT NULL,\n\t`rows_copied` bigint NOT NULL DEFAULT '0',\n\t`tags` varbinary(1024) NOT NULL DEFAULT '',\n\t`time_heartbeat` bigint NOT NULL DEFAULT '0',\n\t`workflow_type` int NOT NULL DEFAULT '0',\n\t`time_throttled` bigint NOT NULL DEFAULT '0',\n\t`component_throttled` varchar(255) NOT NULL DEFAULT '',\n\t`reason_throttled` varchar(1000) NOT NULL DEFAULT '',\n\t`workflow_sub_type` int NOT NULL DEFAULT '0',\n\t`defer_secondary_keys` tinyint(1) NOT NULL DEFAULT '0',\n\t`options` json NOT NULL,\n\tPRIMARY KEY (`id`),\n\tKEY `workflow_idx` (`workflow`(64))\n) ENGINE InnoDB,\n  CHARSET utf8mb4	differs	7dd045d02525e72860844ec4b779068dcc57089ebe176fd6b23d5143673f7e10	e0180bb3eee469dd3158c25ea7d6da4a8e5afff9614e25bc725400cbadc89290	warnings differ	C-1
179ae86d392f40cc	vreplication	go/vt/vttablet/tabletmanager/vreplication/vreplicator.go:83	insert into _vt.post_copy_action(vrepl_id, table_name, action) values(%a, %a, convert(%a using utf8mb4))	same	b757b267368150584b6fd9b194ac0d3c0a9b1d2f6eea2a6f3ce700917ada0f8e	b757b267368150584b6fd9b194ac0d3c0a9b1d2f6eea2a6f3ce700917ada0f8e		
17b2b1595e2ca1a3	vreplication	dynamic:vitess;dynamic:movetables	insert into _vt_customer.vreplication (workflow, source, pos, max_tps, max_replication_lag, cell, tablet_types, time_updated, transaction_timestamp, state, db_name, workflow_type, workflow_sub_type, defer_secondary_keys, options) values ('commerce2customer', 'keyspace:"commerce" shard:"0" filter:{rules:{match:"corder" filter:"select * from corder"} rules:{match:"shopper" filter:"select * from shopper"}}', '', 0, 0, 'zone1', 'in_order:replica,primary', now(), 0, 'Stopped', 'vt_customer', 1, 0, 1, '{"sharded_auto_increment_handling":1}')	same	4f73cac56c213100458bcc43d0e31ddac4c170e120f75f92420e4a88b8129d5e	4f73cac56c213100458bcc43d0e31ddac4c170e120f75f92420e4a88b8129d5e		
1902d446cb6efdd7	vreplication	dynamic:vitess;dynamic:movetables;dynamic:reshard	select pos, stop_pos, max_tps, max_replication_lag, state, workflow_type, workflow, workflow_sub_type, defer_secondary_keys, options from _vt_customer.vreplication where id = 1	same	8ff6e3b6507167c382442b5fe4e51c6231c5c6628c9495304d4c1eee2646e7de	8ff6e3b6507167c382442b5fe4e51c6231c5c6628c9495304d4c1eee2646e7de		
1908f542b87a9fb0	vreplication	go/vt/vttablet/tabletmanager/vreplication/vcopier.go:76	insert row	same	b757b267368150584b6fd9b194ac0d3c0a9b1d2f6eea2a6f3ce700917ada0f8e	b757b267368150584b6fd9b194ac0d3c0a9b1d2f6eea2a6f3ce700917ada0f8e		
196050aebdb232f1	vreplication	dynamic:vitess;dynamic:movetables;dynamic:reshard	select distinct `table_name` from _vt_customer.copy_state as cs, _vt_customer.vreplication as vr where vr.id = cs.vrepl_id and vr.id = 1	same	b1c4d0626bbad10efc520d9827e3d89c7b8a9d9cac8fa10a65da08fe7aa52a43	b1c4d0626bbad10efc520d9827e3d89c7b8a9d9cac8fa10a65da08fe7aa52a43		
19fd95a09a11b4e3	vreplication	dynamic:vitess;dynamic:movetables	select count(*) from _vt.vreplication limit 1	same	f5f2e8e184b1f05d704fa35b28a6186ae3b7763d883a6adce67fba3e32d54b73	f5f2e8e184b1f05d704fa35b28a6186ae3b7763d883a6adce67fba3e32d54b73		
1a62d4391d02c366	vreplication	go/vt/vttablet/tabletmanager/vreplication/vreplicator.go:140;go/vt/vttablet/tabletserver/vstreamer/vstreamer.go:134	select * from t where in_keyrange(col1, 'hash', '-80')	same	97db900d5bd1362659223afdeb8791d99b4997e8f6cbc20312993ced20243857	97db900d5bd1362659223afdeb8791d99b4997e8f6cbc20312993ced20243857		
1a7d2e57e7761c14	vreplication	dynamic:vitess;dynamic:movetables;dynamic:onlineddl	update _vt.vreplication set state = 'Running', message = '' where id in (2)	same	0f444752ba32ebf169f55f78a7bd9ac9f75cd15e3f615ce1f6c156bdefbba6d3	0f444752ba32ebf169f55f78a7bd9ac9f75cd15e3f615ce1f6c156bdefbba6d3		
1a8d774e749d82b0	vreplication	go/vt/vttablet/tabletmanager/vdiff/table_differ.go:208	update _vt.vreplication set state = 'Stopped', message='for vdiff'	same	0f444752ba32ebf169f55f78a7bd9ac9f75cd15e3f615ce1f6c156bdefbba6d3	0f444752ba32ebf169f55f78a7bd9ac9f75cd15e3f615ce1f6c156bdefbba6d3		
1e8525dbd4216d9a	vreplication	dynamic:vitess;dynamic:movetables;dynamic:reshard	insert into _vt_customer.copy_state(lastpk, vrepl_id, `table_name`) values (_binary 'fields:{name:"order_id" type:INT64 charset:63 flags:53251} rows:{lengths:1 values:"4"}', 1, 'corder')	same	4f73cac56c213100458bcc43d0e31ddac4c170e120f75f92420e4a88b8129d5e	4f73cac56c213100458bcc43d0e31ddac4c170e120f75f92420e4a88b8129d5e		
1ef5bc3fc5f44b43	vreplication	dynamic:vitess;dynamic:movetables;dynamic:reshard	select count(*) from _vt_customer.vreplication limit 1	same	f5f2e8e184b1f05d704fa35b28a6186ae3b7763d883a6adce67fba3e32d54b73	f5f2e8e184b1f05d704fa35b28a6186ae3b7763d883a6adce67fba3e32d54b73		
202ad3b97d1bba46	vreplication	go/vt/vttablet/tabletmanager/vreplication/vcopier.go:237	insert into _vt.copy_state(vrepl_id, table_name) values	same	b757b267368150584b6fd9b194ac0d3c0a9b1d2f6eea2a6f3ce700917ada0f8e	b757b267368150584b6fd9b194ac0d3c0a9b1d2f6eea2a6f3ce700917ada0f8e		
21c9deb8bd4c9a1b	vreplication	dynamic:vitess;dynamic:movetables;dynamic:reshard	update _vt_customer.vreplication set state = 'Running', message = '', stop_pos = '' where id in (1)	same	0f444752ba32ebf169f55f78a7bd9ac9f75cd15e3f615ce1f6c156bdefbba6d3	0f444752ba32ebf169f55f78a7bd9ac9f75cd15e3f615ce1f6c156bdefbba6d3		
220cdbf97a0dd648	vreplication	dynamic:vitess;dynamic:bringup	CREATE TABLE IF NOT EXISTS `_vt`.`vreplication_log` (\n\t`id` bigint NOT NULL AUTO_INCREMENT,\n\t`vrepl_id` int NOT NULL,\n\t`type` varbinary(256) NOT NULL,\n\t`state` varbinary(100) NOT NULL,\n\t`created_at` timestamp NULL DEFAULT current_timestamp(),\n\t`updated_at` timestamp NULL DEFAULT current_timestamp() ON UPDATE current_timestamp(),\n\t`message` text NOT NULL,\n\t`count` bigint NOT NULL DEFAULT '1',\n\tPRIMARY KEY (`id`),\n\tKEY `vrepl_id_idx` (`vrepl_id`)\n) ENGINE InnoDB,\n  CHARSET utf8mb4	differs	867a1b8ab78a0a10659dc5ee884b635299118dc67ab6d9ae858d365c7a52c401	3e4bef602d77d32d0ec67c93f2129199d658a8f8a93d747797444f873e472aa0	warnings differ	C-1
242e4f25d672e681	vreplication	dynamic:vitess;dynamic:movetables	insert into _vt.resharding_journal (id, db_name, val) values (6740760173349126720, 'vt_commerce', 'id:6740760173349126720 tables:"corder" tables:"shopper" local_position:"MySQL56/5fa12b8d-be16-11f1-9525-129a7b8bb86b:1-87" shard_gtids:{keyspace:"customer" shard:"0" gtid:"MySQL56/5fa0ed52-be16-11f1-9ff6-a677967ca178:1-111"} participants:{keyspace:"commerce" shard:"0"}')	same	4f73cac56c213100458bcc43d0e31ddac4c170e120f75f92420e4a88b8129d5e	4f73cac56c213100458bcc43d0e31ddac4c170e120f75f92420e4a88b8129d5e		
292485611d1c5d4f	vreplication	dynamic:vitess;dynamic:bringup;dynamic:reshard	show create table _vt_customer.resharding_journal	differs	822ecb66f6bd4a1fd02b7aa758eeed66e382c13d6fe52eb8ed1aad12d40aa459	785a002f8375f962218c65df003dcc0dcf50871caadfa304d49a76e419bebdbe	row values differ	C-1,C-6
29707b992962a42e	vreplication	go/vt/vttablet/tabletmanager/vdiff/table_differ.go:408	update _vt.vreplication set state='Running', message='', stop_pos='' where db_name=%s and workflow=%s	same	b757b267368150584b6fd9b194ac0d3c0a9b1d2f6eea2a6f3ce700917ada0f8e	b757b267368150584b6fd9b194ac0d3c0a9b1d2f6eea2a6f3ce700917ada0f8e		
2a4892a1f649ef50	vreplication	dynamic:vitess;dynamic:movetables	select id, source, pos, stop_pos, max_tps, max_replication_lag, cell, tablet_types, time_updated, transaction_timestamp, state, message, db_name, rows_copied, tags, time_heartbeat, workflow_type, time_throttled, component_throttled, workflow_sub_type, defer_secondary_keys, options from _vt.vreplication where workflow = 'commerce2customer_reverse' and db_name = 'vt_commerce'	same	bcd0832891b06b34c0b5ad48c2942326d669fa6c0d298d18c5a8f0e7dc0ccca0	bcd0832891b06b34c0b5ad48c2942326d669fa6c0d298d18c5a8f0e7dc0ccca0		
2eff8165f9675695	vreplication	dynamic:vitess;dynamic:movetables;dynamic:onlineddl	update _vt.vreplication set pos='MySQL56/5fa0ed52-be16-11f1-9ff6-a677967ca178:1-113', time_updated=1790913944, transaction_timestamp=1790913942, rows_copied=0, message='' where id=2	same	0f444752ba32ebf169f55f78a7bd9ac9f75cd15e3f615ce1f6c156bdefbba6d3	0f444752ba32ebf169f55f78a7bd9ac9f75cd15e3f615ce1f6c156bdefbba6d3		
30e566d2e1d70571	vreplication	go/vt/vttablet/tabletmanager/vreplication/engine.go:928;dynamic:vitess;dynamic:movetables;dynamic:onlineddl	select * from _vt.vreplication where id = 2	same	a1d1afe7cacfa08ccfbe1742f1f59810893e8d0837d233d48cf3e3be3793af64	a1d1afe7cacfa08ccfbe1742f1f59810893e8d0837d233d48cf3e3be3793af64		
31218da5aa56375c	vreplication	go/vt/vttablet/tabletmanager/vreplication/fuzz.go:103	select * from %s.vreplication where db_name='db'	same	b757b267368150584b6fd9b194ac0d3c0a9b1d2f6eea2a6f3ce700917ada0f8e	b757b267368150584b6fd9b194ac0d3c0a9b1d2f6eea2a6f3ce700917ada0f8e		
322eaa3c4e5c5b63	vreplication	dynamic:vitess;dynamic:movetables	delete from _vt.copy_state where vrepl_id in (4)	same	0f444752ba32ebf169f55f78a7bd9ac9f75cd15e3f615ce1f6c156bdefbba6d3	0f444752ba32ebf169f55f78a7bd9ac9f75cd15e3f615ce1f6c156bdefbba6d3		
33708b0997a0d089	vreplication	go/vt/vttablet/tabletmanager/rpc_vreplication.go:65	select id, source, pos, stop_pos, max_tps, max_replication_lag, cell, tablet_types, time_updated, transaction_timestamp, state, message, db_name, rows_copied, tags, time_heartbeat, workflow_type, time_throttled, component_throttled, workflow_sub_type, defer_secondary_keys, options from %s.vreplication where workflow = %a and db_name = %a	same	b757b267368150584b6fd9b194ac0d3c0a9b1d2f6eea2a6f3ce700917ada0f8e	b757b267368150584b6fd9b194ac0d3c0a9b1d2f6eea2a6f3ce700917ada0f8e		
33788fae50c8120f	vreplication	dynamic:vitess;dynamic:movetables	select workflow, id, source, pos, stop_pos, max_tps, max_replication_lag, cell, tablet_types, time_updated, transaction_timestamp, state, message, db_name, rows_copied, tags, time_heartbeat, workflow_type, time_throttled, component_throttled, workflow_sub_type, defer_secondary_keys, options from _vt.vreplication where db_name = 'vt_commerce' and workflow in ('commerce2customer_reverse') order by workflow, id	same	5c35feaa5b9c667b5c0419a37fabf1639af5469a03cf94e4255de8b46499f3f0	5c35feaa5b9c667b5c0419a37fabf1639af5469a03cf94e4255de8b46499f3f0		
33c836085989919e	vreplication	dynamic:vitess;dynamic:movetables;dynamic:reshard	select id, type, state, message from _vt_customer.vreplication_log where vrepl_id = 1 order by id desc limit 1	same	fe3b49114e0d2e92a2e263101c1faa35b8f9170b2babaa2070aaefbb5d4bfe10	fe3b49114e0d2e92a2e263101c1faa35b8f9170b2babaa2070aaefbb5d4bfe10		
352ae2aab202991b	vreplication	dynamic:vitess;dynamic:movetables;dynamic:reshard	update _vt_customer.vreplication set message = 'FROZEN' where id in (1)	same	0f444752ba32ebf169f55f78a7bd9ac9f75cd15e3f615ce1f6c156bdefbba6d3	0f444752ba32ebf169f55f78a7bd9ac9f75cd15e3f615ce1f6c156bdefbba6d3		
3568abdfdb1b663d	vreplication	dynamic:vitess;dynamic:movetables;dynamic:onlineddl	select id from _vt.vreplication where db_name = 'vt_commerce' and workflow = 'commerce2customer_reverse'	same	a9ebc077a1fa73f7d4bcd5f5168ca8e4219309ffae9566026486841448fcf937	a9ebc077a1fa73f7d4bcd5f5168ca8e4219309ffae9566026486841448fcf937		
38b94e5cf54090e3	vreplication	dynamic:vitess;dynamic:bringup	CREATE TABLE IF NOT EXISTS `_vt`.`copy_state` (\n\t`id` bigint unsigned NOT NULL AUTO_INCREMENT,\n\t`vrepl_id` int NOT NULL,\n\t`table_name` varbinary(128) NOT NULL,\n\t`lastpk` mediumblob,\n\tPRIMARY KEY (`id`),\n\tKEY `vrepl_id` (`vrepl_id`, `table_name`)\n) ENGINE InnoDB,\n  CHARSET utf8mb4	differs	867a1b8ab78a0a10659dc5ee884b635299118dc67ab6d9ae858d365c7a52c401	3e4bef602d77d32d0ec67c93f2129199d658a8f8a93d747797444f873e472aa0	warnings differ	C-1
3b74b9cea635ed5e	vreplication	go/vt/vttablet/tabletserver/vstreamer/vstreamer.go:703;go/vt/vttablet/tabletserver/vstreamer/vstreamer.go:704	ROLLBACK TO ...	same	b757b267368150584b6fd9b194ac0d3c0a9b1d2f6eea2a6f3ce700917ada0f8e	b757b267368150584b6fd9b194ac0d3c0a9b1d2f6eea2a6f3ce700917ada0f8e		
3e0783b9bf45395b	vreplication	dynamic:vitess;dynamic:movetables;dynamic:onlineddl	update _vt.vreplication set time_updated=1790913943, time_heartbeat=1790913943 where id=2	same	0f444752ba32ebf169f55f78a7bd9ac9f75cd15e3f615ce1f6c156bdefbba6d3	0f444752ba32ebf169f55f78a7bd9ac9f75cd15e3f615ce1f6c156bdefbba6d3		
3f9065c71c5f6c4e	vreplication	dynamic:vitess;dynamic:movetables	update _vt.vreplication_log set count = count + 1 where id = 6	same	0f444752ba32ebf169f55f78a7bd9ac9f75cd15e3f615ce1f6c156bdefbba6d3	0f444752ba32ebf169f55f78a7bd9ac9f75cd15e3f615ce1f6c156bdefbba6d3		
3fd749feb851331f	vreplication	dynamic:vitess;dynamic:movetables	select val from _vt.resharding_journal where id=6740760173349126720	same	5d43a956bd7009ff571a371c0d8d8e46eb1881c19724440572e258226c93f713	5d43a956bd7009ff571a371c0d8d8e46eb1881c19724440572e258226c93f713		
4130e4e15d634450	vreplication	dynamic:vitess;dynamic:movetables	alter table _vt.copy_state auto_increment = 1	same	0f444752ba32ebf169f55f78a7bd9ac9f75cd15e3f615ce1f6c156bdefbba6d3	0f444752ba32ebf169f55f78a7bd9ac9f75cd15e3f615ce1f6c156bdefbba6d3		C-1
4160de232bb55888	vreplication	dynamic:vitess;dynamic:onlineddl	update _vt.vreplication set workflow_type = 5 where id in (5)	same	0f444752ba32ebf169f55f78a7bd9ac9f75cd15e3f615ce1f6c156bdefbba6d3	0f444752ba32ebf169f55f78a7bd9ac9f75cd15e3f615ce1f6c156bdefbba6d3		
422e14acf39e48ca	vreplication	go/vt/vttablet/tabletserver/vstreamer/vstreamer.go:136	select col1, keyspace_id() from t where...	same	b757b267368150584b6fd9b194ac0d3c0a9b1d2f6eea2a6f3ce700917ada0f8e	b757b267368150584b6fd9b194ac0d3c0a9b1d2f6eea2a6f3ce700917ada0f8e		
47c2c208256441a4	vreplication	go/vt/vttablet/tabletmanager/vreplication/table_plan_builder.go:897	delete from %s where %s in %a	same	b757b267368150584b6fd9b194ac0d3c0a9b1d2f6eea2a6f3ce700917ada0f8e	b757b267368150584b6fd9b194ac0d3c0a9b1d2f6eea2a6f3ce700917ada0f8e		
483ce333363be034	vreplication	dynamic:vitess;dynamic:onlineddl	insert into _vt.copy_state (lastpk, vrepl_id, table_name) values (_binary'fields:{name:"sku" type:VARCHAR charset:255 flags:20483} rows:{lengths:8 values:"SKU-1003"}', 5, '_vt_vrp_9c74ded9be1611f1adfd5ada01a5d344_20261002040615_')	same	4f73cac56c213100458bcc43d0e31ddac4c170e120f75f92420e4a88b8129d5e	4f73cac56c213100458bcc43d0e31ddac4c170e120f75f92420e4a88b8129d5e		
4a7e4c9bf5f2d5af	vreplication	go/vt/vttablet/onlineddl/schema.go:519;dynamic:vitess;dynamic:onlineddl	SELECT\n\t\t\tid,\n\t\t\tworkflow,\n\t\t\tsource,\n\t\t\tpos,\n\t\t\ttime_updated,\n\t\t\ttransaction_timestamp,\n\t\t\ttime_heartbeat,\n\t\t\ttime_throttled,\n\t\t\tcomponent_throttled,\n\t\t\treason_throttled,\n\t\t\tstate,\n\t\t\tmessage,\n\t\t\trows_copied\n\t\tFROM _vt.vreplication\n\t\tWHERE\n\t\t\tworkflow='9c74ded9_be16_11f1_adfd_5ada01a5d344'	same	8f1ab1333624bb4e011e04a0646c6e0f417f3b6a855a35d678c91050f4388645	8f1ab1333624bb4e011e04a0646c6e0f417f3b6a855a35d678c91050f4388645		
4b4f169d7a907e0c	vreplication	dynamic:vitess;dynamic:bringup;dynamic:reshard	show create table _vt_customer.copy_state	differs	a1aae542f3d673b04389cf302888024d69a8125e9a88c874fff2f67c26a041d1	4a492837b02078d91578ba40ed99fb9f06d7434eeeca7d28d5cea54849ad252b	row values differ	C-1,C-6
5275cbe3a8fca93b	vreplication	dynamic:vitess;dynamic:reshard	select id from _vt_customer.vreplication where db_name = 'vt_customer'	same	a9ebc077a1fa73f7d4bcd5f5168ca8e4219309ffae9566026486841448fcf937	a9ebc077a1fa73f7d4bcd5f5168ca8e4219309ffae9566026486841448fcf937		
549252b066957442	vreplication	dynamic:vitess;dynamic:movetables;dynamic:reshard	select val from _vt_customer.resharding_journal where id = 7619041373535441000	same	5d43a956bd7009ff571a371c0d8d8e46eb1881c19724440572e258226c93f713	5d43a956bd7009ff571a371c0d8d8e46eb1881c19724440572e258226c93f713		
56b94279837e9576	vreplication	dynamic:vitess;dynamic:movetables	select workflow, id, source, pos, stop_pos, max_tps, max_replication_lag, cell, tablet_types, time_updated, transaction_timestamp, state, message, db_name, rows_copied, tags, time_heartbeat, workflow_type, time_throttled, component_throttled, workflow_sub_type, defer_secondary_keys, options from _vt_customer.vreplication where db_name = 'vt_customer' order by workflow, id	same	5c35feaa5b9c667b5c0419a37fabf1639af5469a03cf94e4255de8b46499f3f0	5c35feaa5b9c667b5c0419a37fabf1639af5469a03cf94e4255de8b46499f3f0		
58cec28577e671cc	vreplication	dynamic:vitess;dynamic:movetables;dynamic:reshard	delete from _vt_customer.vreplication where workflow = '__permission_test_1790913943_773245' and db_name = '__test__'	same	0f444752ba32ebf169f55f78a7bd9ac9f75cd15e3f615ce1f6c156bdefbba6d3	0f444752ba32ebf169f55f78a7bd9ac9f75cd15e3f615ce1f6c156bdefbba6d3		
5908d80db2b766d1	vreplication	go/vt/vttablet/tabletmanager/vreplication/vreplicator.go:520	select count(distinct table_name) from _vt.copy_state where vrepl_id=%d	same	b757b267368150584b6fd9b194ac0d3c0a9b1d2f6eea2a6f3ce700917ada0f8e	b757b267368150584b6fd9b194ac0d3c0a9b1d2f6eea2a6f3ce700917ada0f8e		
5929dbbb3825b1bf	vreplication	go/vt/vttablet/tabletmanager/rpc_vreplication.go:102	create table if not exists %a (id int, next_id bigint, cache bigint, primary key(id)) comment 'vitess_sequence'	same	b757b267368150584b6fd9b194ac0d3c0a9b1d2f6eea2a6f3ce700917ada0f8e	b757b267368150584b6fd9b194ac0d3c0a9b1d2f6eea2a6f3ce700917ada0f8e		
5934e5e7aae28b8f	vreplication	go/vt/vttablet/onlineddl/schema.go:518	DELETE FROM _vt.vreplication where db_name=%a and workflow=%a	same	b757b267368150584b6fd9b194ac0d3c0a9b1d2f6eea2a6f3ce700917ada0f8e	b757b267368150584b6fd9b194ac0d3c0a9b1d2f6eea2a6f3ce700917ada0f8e		
59c127bfe246e554	vreplication	go/vt/vttablet/tabletmanager/vreplication/vreplicator.go:1224;dynamic:vitess;dynamic:movetables;dynamic:onlineddl	SELECT rows_copied FROM _vt.vreplication WHERE id=5	same	dbf5ad55db0986a36ab7987a8f99c96a7fd13dd5335c9bdaf5f15c50499bc84c	dbf5ad55db0986a36ab7987a8f99c96a7fd13dd5335c9bdaf5f15c50499bc84c		
5bc1c3342e4a30da	vreplication	dynamic:vitess;dynamic:movetables;dynamic:reshard	update _vt_customer.vreplication_log set count = count + 1 where id = 11	same	0f444752ba32ebf169f55f78a7bd9ac9f75cd15e3f615ce1f6c156bdefbba6d3	0f444752ba32ebf169f55f78a7bd9ac9f75cd15e3f615ce1f6c156bdefbba6d3		
5c9f761da1eca81e	vreplication	go/vt/vttablet/tabletmanager/vreplication/table_plan_builder.go:239	select *	same	ae1a5b234d03539147b00a86e9d8249dbf09e39cfdcc3b3dd1086695d9fd3b71	ae1a5b234d03539147b00a86e9d8249dbf09e39cfdcc3b3dd1086695d9fd3b71		
5e0d3bc0da4c3dff	vreplication	dynamic:vitess;dynamic:onlineddl	select id from _vt.vreplication where workflow = '9c74ded9_be16_11f1_adfd_5ada01a5d344'	same	a9ebc077a1fa73f7d4bcd5f5168ca8e4219309ffae9566026486841448fcf937	a9ebc077a1fa73f7d4bcd5f5168ca8e4219309ffae9566026486841448fcf937		
5e794cb0128694f8	vreplication	dynamic:vitess;dynamic:onlineddl	insert into _vt.vreplication(workflow, source, pos, max_tps, max_replication_lag, cell, tablet_types, time_updated, transaction_timestamp, state, db_name, workflow_type, workflow_sub_type, defer_secondary_keys, options) values ('9c74ded9_be16_11f1_adfd_5ada01a5d344', 'keyspace:"commerce" shard:"0" filter:{rules:{match:"_vt_vrp_9c74ded9be1611f1adfd5ada01a5d344_20261002040615_" filter:"select `sku` as `sku`, `description` as `description`, `price` as `price` from `product`" source_unique_key_columns:"sku" target_unique_key_columns:"sku" source_unique_key_target_columns:"sku" force_unique_key:"PRIMARY"}}', '', 9223372036854775807, 9223372036854775807, '', 'in_order:REPLICA,PRIMARY', 1790913976, 0, 'Stopped', 'vt_commerce', 5, 0, false, '{}')	same	4f73cac56c213100458bcc43d0e31ddac4c170e120f75f92420e4a88b8129d5e	4f73cac56c213100458bcc43d0e31ddac4c170e120f75f92420e4a88b8129d5e		
5ea593eb967b35eb	vreplication	go/vt/vttablet/tabletserver/vstreamer/snapshot_conn.go:221	LOCK TABLES tbl1 READ, tbl2 READ, ...	same	97db900d5bd1362659223afdeb8791d99b4997e8f6cbc20312993ced20243857	97db900d5bd1362659223afdeb8791d99b4997e8f6cbc20312993ced20243857		
626b351774bb551b	vreplication	dynamic:vitess;dynamic:movetables;dynamic:reshard	insert into _vt_customer.vreplication_log(vrepl_id, type, state, message) values(1, 'Ended Copy Phase', 'Copying', 'Copy phase completed at gtid 5fa0ed52-be16-11f1-9ff6-a677967ca178:1-139')	same	4f73cac56c213100458bcc43d0e31ddac4c170e120f75f92420e4a88b8129d5e	4f73cac56c213100458bcc43d0e31ddac4c170e120f75f92420e4a88b8129d5e		
626d68d86616ac1d	vreplication	dynamic:vitess;dynamic:movetables;dynamic:reshard	update _vt_customer.vreplication set state = 'Running', stop_pos = 'MySQL56/5fa0ed52-be16-11f1-9ff6-a677967ca178:1-139', message = 'synchronizing for vdiff' where id in (1)	same	0f444752ba32ebf169f55f78a7bd9ac9f75cd15e3f615ce1f6c156bdefbba6d3	0f444752ba32ebf169f55f78a7bd9ac9f75cd15e3f615ce1f6c156bdefbba6d3		
654ba69e01b8da11	vreplication	go/vt/vttablet/tabletmanager/vreplication/vreplicator.go:96	select json_unquote(json_extract(action, '$.task')) as task from _vt.post_copy_action where json_unquote(json_extract(action, '$.type'))=%a and vrepl_id=%a and table_name=%a	same	b757b267368150584b6fd9b194ac0d3c0a9b1d2f6eea2a6f3ce700917ada0f8e	b757b267368150584b6fd9b194ac0d3c0a9b1d2f6eea2a6f3ce700917ada0f8e		
65e23e9d20ea83df	vreplication	go/vt/vttablet/tabletmanager/vreplication/table_plan_builder.go:111	select a, b, count(*) as c from t group by a	same	97db900d5bd1362659223afdeb8791d99b4997e8f6cbc20312993ced20243857	97db900d5bd1362659223afdeb8791d99b4997e8f6cbc20312993ced20243857		
69f5702b9c483fb1	vreplication	go/vt/vttablet/tabletserver/vstreamer/snapshot_conn.go:132;go/vt/vttablet/tabletserver/vstreamer/snapshot_conn.go:263;dynamic:vitess;dynamic:movetables;dynamic:reshard	set transaction isolation level repeatable read	same	a13b02de03bf6ac844a302ee4afb1580df85f1e18f5e72c9ea355766a7fca23c	a13b02de03bf6ac844a302ee4afb1580df85f1e18f5e72c9ea355766a7fca23c		C-4
6a618b7c627cbf83	vreplication	go/vt/vttablet/tabletmanager/vreplication/vreplicator.go:139;go/vt/vttablet/tabletserver/vstreamer/vstreamer.go:133	select * from t where in_keyrange('-80')	same	97db900d5bd1362659223afdeb8791d99b4997e8f6cbc20312993ced20243857	97db900d5bd1362659223afdeb8791d99b4997e8f6cbc20312993ced20243857		
6b09adbef269c023	vreplication	dynamic:vitess;dynamic:movetables	delete from _vt.post_copy_action where vrepl_id in (2)	same	0f444752ba32ebf169f55f78a7bd9ac9f75cd15e3f615ce1f6c156bdefbba6d3	0f444752ba32ebf169f55f78a7bd9ac9f75cd15e3f615ce1f6c156bdefbba6d3		
6b288925866af9f9	vreplication	dynamic:vitess;dynamic:movetables;dynamic:reshard	update _vt_customer.vreplication set state = 'Stopped', message = 'stopped for cutover' where id in (1)	same	0f444752ba32ebf169f55f78a7bd9ac9f75cd15e3f615ce1f6c156bdefbba6d3	0f444752ba32ebf169f55f78a7bd9ac9f75cd15e3f615ce1f6c156bdefbba6d3		
6b2d58ffd0792d85	vreplication	go/vt/vttablet/tabletmanager/rpc_vreplication.go:107	update %s.vreplication set message = '__test_update__' where workflow = %a and db_name = '__test__'	same	b757b267368150584b6fd9b194ac0d3c0a9b1d2f6eea2a6f3ce700917ada0f8e	b757b267368150584b6fd9b194ac0d3c0a9b1d2f6eea2a6f3ce700917ada0f8e		
6b8a4a4ac8a78cf9	vreplication	dynamic:vitess;dynamic:movetables;dynamic:onlineddl	select count(distinct table_name) from _vt.copy_state where vrepl_id=2	same	23e78b3e0214162fc6affbd92b85f08246cfc683ee6fa19d7475a6f401286754	23e78b3e0214162fc6affbd92b85f08246cfc683ee6fa19d7475a6f401286754		
6c378d4e4a85e3d4	vreplication	dynamic:vitess;dynamic:onlineddl	delete cs, pca from _vt.copy_state as cs left join _vt.post_copy_action as pca on cs.vrepl_id=pca.vrepl_id and cs.table_name=pca.table_name where cs.vrepl_id=5 and cs.table_name='_vt_vrp_9c74ded9be1611f1adfd5ada01a5d344_20261002040615_'	same	0f444752ba32ebf169f55f78a7bd9ac9f75cd15e3f615ce1f6c156bdefbba6d3	0f444752ba32ebf169f55f78a7bd9ac9f75cd15e3f615ce1f6c156bdefbba6d3		
6d16499af1acef0f	vreplication	go/vt/vttablet/tabletmanager/vreplication/vcopier.go:502;go/vt/vttablet/tabletmanager/vreplication/vcopier_atomic.go:175	insert into _vt.copy_state (lastpk, vrepl_id, table_name) values (%a, %s, %s)	same	b757b267368150584b6fd9b194ac0d3c0a9b1d2f6eea2a6f3ce700917ada0f8e	b757b267368150584b6fd9b194ac0d3c0a9b1d2f6eea2a6f3ce700917ada0f8e		
712f2d5823e98ce7	vreplication	dynamic:vitess;dynamic:movetables	select distinct vrepl_id from _vt_customer.copy_state where vrepl_id = 1	same	9a0702f760fecc4aec1ad84fb28d5ab336787e5f2eb4b49568f8709f50a3c780	9a0702f760fecc4aec1ad84fb28d5ab336787e5f2eb4b49568f8709f50a3c780		
72109f67b3d719fe	vreplication	go/vt/vttablet/tabletmanager/vreplication/insert_generator.go:43	insert into _vt.vreplication(workflow, source, pos, max_tps, max_replication_lag, cell, tablet_types, time_updated, transaction_timestamp, state, db_name, workflow_type, workflow_sub_type, defer_secondary_keys, options) values	same	b757b267368150584b6fd9b194ac0d3c0a9b1d2f6eea2a6f3ce700917ada0f8e	b757b267368150584b6fd9b194ac0d3c0a9b1d2f6eea2a6f3ce700917ada0f8e		
7259e309727d0398	vreplication	go/vt/vttablet/tabletmanager/vreplication/vreplicator.go:98	delete from _vt.post_copy_action where vrepl_id=%a and table_name=%a and id=%a	same	b757b267368150584b6fd9b194ac0d3c0a9b1d2f6eea2a6f3ce700917ada0f8e	b757b267368150584b6fd9b194ac0d3c0a9b1d2f6eea2a6f3ce700917ada0f8e		
755a457fa4517515	vreplication	dynamic:vitess;dynamic:reshard	select workflow, id, source, pos, stop_pos, max_tps, max_replication_lag, cell, tablet_types, time_updated, transaction_timestamp, state, message, db_name, rows_copied, tags, time_heartbeat, workflow_type, time_throttled, component_throttled, workflow_sub_type, defer_secondary_keys, options from _vt_customer.vreplication where db_name = 'vt_customer' and workflow not in ('cust2cust_reverse') order by workflow, id	same	5c35feaa5b9c667b5c0419a37fabf1639af5469a03cf94e4255de8b46499f3f0	5c35feaa5b9c667b5c0419a37fabf1639af5469a03cf94e4255de8b46499f3f0		
7639a1f033568ba0	vreplication	go/vt/vttablet/tabletmanager/vreplication/vreplicator.go:85;dynamic:vitess;dynamic:onlineddl	select id, action from _vt.post_copy_action where vrepl_id=5 and\n\ttable_name='_vt_vrp_9c74ded9be1611f1adfd5ada01a5d344_20261002040615_'	same	db8edf488b17c0db30b9b8f59badf6a45061e1986171718a599067e9ec344e62	db8edf488b17c0db30b9b8f59badf6a45061e1986171718a599067e9ec344e62		
76bfd40f449efa0e	vreplication	dynamic:vitess;dynamic:movetables;dynamic:reshard	select vrepl_id, `table_name`, lastpk from _vt_customer.copy_state where vrepl_id in (1) and id in (select max(id) from _vt_customer.copy_state where vrepl_id in (1) group by vrepl_id, `table_name`)	same	74d4916d6a93c782dcaa75accc3cfb07825a33bacb87d978ddfcf2f0df81ff9c	74d4916d6a93c782dcaa75accc3cfb07825a33bacb87d978ddfcf2f0df81ff9c		
77c23034ee99725c	vreplication	dynamic:vitess;dynamic:movetables	update _vt.vreplication set message = '__test_update__' where workflow = '__permission_test_1790913940_958386' and db_name = '__test__'	same	0f444752ba32ebf169f55f78a7bd9ac9f75cd15e3f615ce1f6c156bdefbba6d3	0f444752ba32ebf169f55f78a7bd9ac9f75cd15e3f615ce1f6c156bdefbba6d3		
7d4120373e19ada5	vreplication	dynamic:vitess;dynamic:movetables;dynamic:reshard	select id from _vt_customer.vreplication where id = 1	same	a9ebc077a1fa73f7d4bcd5f5168ca8e4219309ffae9566026486841448fcf937	a9ebc077a1fa73f7d4bcd5f5168ca8e4219309ffae9566026486841448fcf937		
7eddaf46b7522bc2	vreplication	dynamic:vitess;dynamic:onlineddl	update _vt.vreplication set state = 'Running' where id in (5)	same	0f444752ba32ebf169f55f78a7bd9ac9f75cd15e3f615ce1f6c156bdefbba6d3	0f444752ba32ebf169f55f78a7bd9ac9f75cd15e3f615ce1f6c156bdefbba6d3		
7f6a4b61f121900c	vreplication	dynamic:vitess;dynamic:bringup;dynamic:reshard	show create table _vt_customer.post_copy_action	differs	07d4eb186ff92310f8045a67113eceda3e5059ea22dc7a6b3f0dc46515f2229d	577e2d7911667a58c2526636b64969ef1facb96623baeaef35319d10de3c7b5d	row values differ	C-1,C-6
7f830f587645f75d	vreplication	go/vt/vttablet/tabletmanager/vreplication/vreplicator.go:542;dynamic:vitess;dynamic:movetables;dynamic:onlineddl	update _vt.vreplication set message='Picked source tablet: cell:"zone1" uid:200' where id=2	same	0f444752ba32ebf169f55f78a7bd9ac9f75cd15e3f615ce1f6c156bdefbba6d3	0f444752ba32ebf169f55f78a7bd9ac9f75cd15e3f615ce1f6c156bdefbba6d3		
807170e1b9d96058	vreplication	dynamic:vitess;dynamic:movetables	update _vt_customer.vreplication set pos = 'MySQL56/5fa12b8d-be16-11f1-9525-129a7b8bb86b:1-87', time_updated = 1790913941, transaction_timestamp = 1790913940, rows_copied = 9, message = '' where id = 1	same	0f444752ba32ebf169f55f78a7bd9ac9f75cd15e3f615ce1f6c156bdefbba6d3	0f444752ba32ebf169f55f78a7bd9ac9f75cd15e3f615ce1f6c156bdefbba6d3		
818330cf047393c4	vreplication	go/vt/vttablet/tabletmanager/rpc_vreplication.go:101	insert into %a.%a (id, next_id, cache) values (0, %d, 1000) on duplicate key update next_id = if(next_id < %d, %d, next_id)	same	b757b267368150584b6fd9b194ac0d3c0a9b1d2f6eea2a6f3ce700917ada0f8e	b757b267368150584b6fd9b194ac0d3c0a9b1d2f6eea2a6f3ce700917ada0f8e		
818e10b92d4e26bb	vreplication	go/vt/vttablet/onlineddl/executor.go:1533	update _vt.vreplication set workflow_type = %d where workflow = %s	same	b757b267368150584b6fd9b194ac0d3c0a9b1d2f6eea2a6f3ce700917ada0f8e	b757b267368150584b6fd9b194ac0d3c0a9b1d2f6eea2a6f3ce700917ada0f8e		
81c5037eb3fd3982	vreplication	dynamic:vitess;dynamic:movetables;dynamic:reshard	alter table _vt_customer.copy_state auto_increment 1	same	0f444752ba32ebf169f55f78a7bd9ac9f75cd15e3f615ce1f6c156bdefbba6d3	0f444752ba32ebf169f55f78a7bd9ac9f75cd15e3f615ce1f6c156bdefbba6d3		C-1
81d6821e3a84f5ee	vreplication	dynamic:vitess;dynamic:movetables;dynamic:reshard	update _vt_customer.vreplication set message = 'Picked source tablet: cell:"zone1" uid:200' where id = 1	same	0f444752ba32ebf169f55f78a7bd9ac9f75cd15e3f615ce1f6c156bdefbba6d3	0f444752ba32ebf169f55f78a7bd9ac9f75cd15e3f615ce1f6c156bdefbba6d3		
8273573866683f01	vreplication	dynamic:vitess;dynamic:movetables;dynamic:reshard	select * from _vt_customer.vreplication where id = 1	same	a1d1afe7cacfa08ccfbe1742f1f59810893e8d0837d233d48cf3e3be3793af64	a1d1afe7cacfa08ccfbe1742f1f59810893e8d0837d233d48cf3e3be3793af64		
85ff1017d700053e	vreplication	dynamic:vitess;dynamic:onlineddl	update _vt.vreplication set pos='MySQL56/5fa12b8d-be16-11f1-9525-129a7b8bb86b:1-255', time_updated=1790913976, rows_copied=0, message='' where id=5	same	0f444752ba32ebf169f55f78a7bd9ac9f75cd15e3f615ce1f6c156bdefbba6d3	0f444752ba32ebf169f55f78a7bd9ac9f75cd15e3f615ce1f6c156bdefbba6d3		
86fbc3ad0fbad5a0	vreplication	dynamic:vitess;dynamic:bringup;dynamic:reshard	select * from _vt_customer.vreplication where db_name = 'vt_customer'	same	a1d1afe7cacfa08ccfbe1742f1f59810893e8d0837d233d48cf3e3be3793af64	a1d1afe7cacfa08ccfbe1742f1f59810893e8d0837d233d48cf3e3be3793af64		
88ae392dfb9e0f91	vreplication	go/vt/vttablet/tabletmanager/vdiff/table_differ.go:354	update _vt.vreplication set state='Running', stop_pos='%s', message='synchronizing for vdiff' where id=%d	same	b757b267368150584b6fd9b194ac0d3c0a9b1d2f6eea2a6f3ce700917ada0f8e	b757b267368150584b6fd9b194ac0d3c0a9b1d2f6eea2a6f3ce700917ada0f8e		
8bc76e0605565236	vreplication	dynamic:vitess;dynamic:movetables;dynamic:reshard	delete from _vt_customer.copy_state where vrepl_id in (1)	same	0f444752ba32ebf169f55f78a7bd9ac9f75cd15e3f615ce1f6c156bdefbba6d3	0f444752ba32ebf169f55f78a7bd9ac9f75cd15e3f615ce1f6c156bdefbba6d3		
8cc1a9549b35112e	vreplication	dynamic:vitess;dynamic:movetables;dynamic:reshard	delete from _vt_customer.post_copy_action where vrepl_id in (1)	same	0f444752ba32ebf169f55f78a7bd9ac9f75cd15e3f615ce1f6c156bdefbba6d3	0f444752ba32ebf169f55f78a7bd9ac9f75cd15e3f615ce1f6c156bdefbba6d3		
90b92e7fd1b4429c	vreplication	dynamic:vitess;dynamic:movetables	delete from _vt.vreplication where workflow = '__permission_test_1790913945_392308' and db_name = '__test__'	same	0f444752ba32ebf169f55f78a7bd9ac9f75cd15e3f615ce1f6c156bdefbba6d3	0f444752ba32ebf169f55f78a7bd9ac9f75cd15e3f615ce1f6c156bdefbba6d3		
91096867a58ec997	vreplication	dynamic:vitess;dynamic:movetables;dynamic:onlineddl	select id from _vt.vreplication where id = 2	same	a9ebc077a1fa73f7d4bcd5f5168ca8e4219309ffae9566026486841448fcf937	a9ebc077a1fa73f7d4bcd5f5168ca8e4219309ffae9566026486841448fcf937		
91b5ab5130b318b5	vreplication	dynamic:vitess;dynamic:movetables	update _vt_customer.vreplication set state = 'Running', source = 'keyspace:"commerce" shard:"0" filter:{rules:{match:"corder" filter:"select * from corder"} rules:{match:"shopper" filter:"select * from shopper"}}', cell = 'zone1', tablet_types = 'replica,primary', message = '' where id in (1)	same	0f444752ba32ebf169f55f78a7bd9ac9f75cd15e3f615ce1f6c156bdefbba6d3	0f444752ba32ebf169f55f78a7bd9ac9f75cd15e3f615ce1f6c156bdefbba6d3		
9505cacb7c710ed1	vreplication	go/vt/vttablet/tabletmanager/vreplication/queryhistory/position.go:25;go/vt/vttablet/tabletmanager/vreplication/vcopier.go:76;go/vt/vttablet/tabletmanager/vreplication/vcopier.go:1025;go/vt/vttablet/tabletmanager/vreplication/vdbclient.go:97;go/vt/vttablet/tabletmanager/vreplication/vreplicator.go:1101;go/vt/vttablet/tabletserver/schema/db.go:163;go/vt/vttablet/tabletserver/schema/schematest/schematest.go:137;dynamic:vitess;dynamic:keyspace-vschema;dynamic:vtgate;dynamic:movetables;dynamic:reshard	commit	same	0f444752ba32ebf169f55f78a7bd9ac9f75cd15e3f615ce1f6c156bdefbba6d3	0f444752ba32ebf169f55f78a7bd9ac9f75cd15e3f615ce1f6c156bdefbba6d3		
961b6f08161e0e62	vreplication	go/vt/vttablet/tabletmanager/rpc_vreplication.go:74	update /*vt+ ALLOW_UNSAFE_VREPLICATION_WRITE */ %s.vreplication set%s where db_name = '%s'%s	same	b757b267368150584b6fd9b194ac0d3c0a9b1d2f6eea2a6f3ce700917ada0f8e	b757b267368150584b6fd9b194ac0d3c0a9b1d2f6eea2a6f3ce700917ada0f8e		
96a95905e93c7354	vreplication	dynamic:vitess;dynamic:movetables	update _vt.vreplication set message = 'FROZEN' where id in (2)	same	0f444752ba32ebf169f55f78a7bd9ac9f75cd15e3f615ce1f6c156bdefbba6d3	0f444752ba32ebf169f55f78a7bd9ac9f75cd15e3f615ce1f6c156bdefbba6d3		
99949493a335dec3	vreplication	go/vt/vttablet/tabletserver/vstreamer/tablestreamer.go:183	select * from	same	b757b267368150584b6fd9b194ac0d3c0a9b1d2f6eea2a6f3ce700917ada0f8e	b757b267368150584b6fd9b194ac0d3c0a9b1d2f6eea2a6f3ce700917ada0f8e		
9a116d047ca9ab70	vreplication	dynamic:vitess;dynamic:movetables;dynamic:reshard	select pos, state, message from _vt_customer.vreplication where id = 1	same	44125e0f04751530180cf6284f7bcd48807675a1a1e6bada8c35c433b6d30700	44125e0f04751530180cf6284f7bcd48807675a1a1e6bada8c35c433b6d30700		
9a4170a059f3113e	vreplication	go/vt/vttablet/tabletmanager/rpc_vreplication.go:937;go/vt/vttablet/tabletmanager/vreplication/vreplicator.go:1063;dynamic:vitess;dynamic:movetables;dynamic:reshard	START TRANSACTION	same	0f444752ba32ebf169f55f78a7bd9ac9f75cd15e3f615ce1f6c156bdefbba6d3	0f444752ba32ebf169f55f78a7bd9ac9f75cd15e3f615ce1f6c156bdefbba6d3		
9a588a69f9250c80	vreplication	go/vt/vttablet/tabletmanager/rpc_vreplication.go:106	insert into %s.vreplication (workflow, source, pos, max_tps, max_replication_lag, cell, tablet_types, time_updated, transaction_timestamp, state, db_name, workflow_type, workflow_sub_type, defer_secondary_keys, options) values (%a, '', '', 0, 0, '', '', now(), 0, 'Stopped', '__test__', 0, 0, false, '{}')	same	b757b267368150584b6fd9b194ac0d3c0a9b1d2f6eea2a6f3ce700917ada0f8e	b757b267368150584b6fd9b194ac0d3c0a9b1d2f6eea2a6f3ce700917ada0f8e		
9aae9974b2f7fa04	vreplication	dynamic:vitess;dynamic:movetables	select id from _vt.vreplication where workflow = 'commerce2customer_reverse' and db_name = 'vt_commerce'	same	a9ebc077a1fa73f7d4bcd5f5168ca8e4219309ffae9566026486841448fcf937	a9ebc077a1fa73f7d4bcd5f5168ca8e4219309ffae9566026486841448fcf937		
9ac2ea106e93eb9f	vreplication	go/vt/vttablet/tabletmanager/vreplication/utils.go:117	insert into %s.vreplication_log(vrepl_id, type, state, message) values(%s, %s, %s, %s)	same	b757b267368150584b6fd9b194ac0d3c0a9b1d2f6eea2a6f3ce700917ada0f8e	b757b267368150584b6fd9b194ac0d3c0a9b1d2f6eea2a6f3ce700917ada0f8e		
a1e63666b06c7e23	vreplication	go/vt/vttablet/tabletmanager/vreplication/queryhistory/position.go:65	update _vt.vreplication set pos in [%s, %s]	same	b757b267368150584b6fd9b194ac0d3c0a9b1d2f6eea2a6f3ce700917ada0f8e	b757b267368150584b6fd9b194ac0d3c0a9b1d2f6eea2a6f3ce700917ada0f8e		
a34f5affbabc9393	vreplication	dynamic:vitess;dynamic:movetables;dynamic:reshard	select rows_copied from _vt_customer.vreplication where id = 1	same	dbf5ad55db0986a36ab7987a8f99c96a7fd13dd5335c9bdaf5f15c50499bc84c	dbf5ad55db0986a36ab7987a8f99c96a7fd13dd5335c9bdaf5f15c50499bc84c		
a36f89c9b4a5d0d2	vreplication	go/vt/vttablet/tabletserver/vstreamer/vstreamer.go:930	select * from %s.%s where 1 != 1	same	b757b267368150584b6fd9b194ac0d3c0a9b1d2f6eea2a6f3ce700917ada0f8e	b757b267368150584b6fd9b194ac0d3c0a9b1d2f6eea2a6f3ce700917ada0f8e		
a3c0c96166e46b98	vreplication	dynamic:vitess;dynamic:movetables;dynamic:reshard	insert into _vt_customer.copy_state(vrepl_id, `table_name`) values (1, 'corder'), (1, 'shopper')	same	72f4a5e907cb9086eb62e083a957eb0a017f2f79e286b2a8900dc917b9691157	72f4a5e907cb9086eb62e083a957eb0a017f2f79e286b2a8900dc917b9691157		
a648ff77a10fb5f2	vreplication	go/vt/vttablet/tabletserver/vstreamer/vstreamer.go:700;go/vt/vttablet/tabletserver/vstreamer/vstreamer.go:702	SAVEPOINT ...	same	b757b267368150584b6fd9b194ac0d3c0a9b1d2f6eea2a6f3ce700917ada0f8e	b757b267368150584b6fd9b194ac0d3c0a9b1d2f6eea2a6f3ce700917ada0f8e		
a66298a1e2901508	vreplication	dynamic:vitess;dynamic:onlineddl	insert into _vt.copy_state(vrepl_id, table_name) values (5, '_vt_vrp_9c74ded9be1611f1adfd5ada01a5d344_20261002040615_')	same	4f73cac56c213100458bcc43d0e31ddac4c170e120f75f92420e4a88b8129d5e	4f73cac56c213100458bcc43d0e31ddac4c170e120f75f92420e4a88b8129d5e		
a899d28172440873	vreplication	dynamic:vitess;dynamic:bringup;dynamic:reshard	CREATE TABLE IF NOT EXISTS `_vt_customer`.`resharding_journal` (\n\t`id` bigint NOT NULL,\n\t`db_name` varbinary(255),\n\t`val` longblob,\n\tPRIMARY KEY (`id`)\n) ENGINE InnoDB,\n  CHARSET utf8mb4	differs	867a1b8ab78a0a10659dc5ee884b635299118dc67ab6d9ae858d365c7a52c401	3e4bef602d77d32d0ec67c93f2129199d658a8f8a93d747797444f873e472aa0	warnings differ	C-1
a9aa02e81e643fab	vreplication	dynamic:vitess;dynamic:movetables;dynamic:reshard	update _vt_customer.vreplication set cell = '', tablet_types = 'replica,primary', options = '{}' where id in (5, 6)	same	0f444752ba32ebf169f55f78a7bd9ac9f75cd15e3f615ce1f6c156bdefbba6d3	0f444752ba32ebf169f55f78a7bd9ac9f75cd15e3f615ce1f6c156bdefbba6d3		
abfebf4128fa4f47	vreplication	dynamic:vitess;dynamic:movetables;dynamic:reshard	update _vt_customer.vreplication set message = '__test_update__' where workflow = '__permission_test_1790913943_773245' and db_name = '__test__'	same	0f444752ba32ebf169f55f78a7bd9ac9f75cd15e3f615ce1f6c156bdefbba6d3	0f444752ba32ebf169f55f78a7bd9ac9f75cd15e3f615ce1f6c156bdefbba6d3		
adb67b11304866f9	vreplication	go/vt/vttablet/tabletmanager/rpc_vreplication.go:76	select distinct vrepl_id from %s.copy_state where vrepl_id = %d	same	b757b267368150584b6fd9b194ac0d3c0a9b1d2f6eea2a6f3ce700917ada0f8e	b757b267368150584b6fd9b194ac0d3c0a9b1d2f6eea2a6f3ce700917ada0f8e		
add7c8fd09f2bcce	vreplication	dynamic:vitess;dynamic:movetables;dynamic:reshard	delete cs, pca from _vt_customer.copy_state as cs left join _vt_customer.post_copy_action as pca on cs.vrepl_id = pca.vrepl_id and cs.`table_name` = pca.`table_name` where cs.vrepl_id = 1 and cs.`table_name` = 'shopper'	same	0f444752ba32ebf169f55f78a7bd9ac9f75cd15e3f615ce1f6c156bdefbba6d3	0f444752ba32ebf169f55f78a7bd9ac9f75cd15e3f615ce1f6c156bdefbba6d3		
aeb4915e951761ab	vreplication	dynamic:vitess;dynamic:reshard	insert into _vt_customer.vreplication(workflow, source, pos, max_tps, max_replication_lag, cell, tablet_types, time_updated, transaction_timestamp, state, db_name, workflow_type, workflow_sub_type, defer_secondary_keys, options) values ('cust2cust', 'keyspace:"customer" shard:"0" filter:{rules:{match:"/.*" filter:"80-"}}', '', 9223372036854775807, 9223372036854775807, '', 'in_order:replica,primary', 1790913954, 0, 'Stopped', 'vt_customer', 4, 0, true, '{}')	same	4f73cac56c213100458bcc43d0e31ddac4c170e120f75f92420e4a88b8129d5e	4f73cac56c213100458bcc43d0e31ddac4c170e120f75f92420e4a88b8129d5e		
b205c35c89cf172a	vreplication	dynamic:vitess;dynamic:movetables;dynamic:reshard	select id, source, pos from _vt_customer.vreplication where workflow = 'cust2cust' and db_name = 'vt_customer'	same	ae823e722f2ff8fc0eaed4b367d80e4ba5567a3d26dfe213708704a04d268aa1	ae823e722f2ff8fc0eaed4b367d80e4ba5567a3d26dfe213708704a04d268aa1		
b6aa890b8c812997	vreplication	dynamic:vitess;dynamic:bringup;dynamic:sidecar	select * from _vt.vreplication where db_name='vt_commerce'	same	a1d1afe7cacfa08ccfbe1742f1f59810893e8d0837d233d48cf3e3be3793af64	a1d1afe7cacfa08ccfbe1742f1f59810893e8d0837d233d48cf3e3be3793af64		
b76061f949348294	vreplication	dynamic:vitess;dynamic:bringup	CREATE TABLE IF NOT EXISTS `_vt`.`resharding_journal` (\n\t`id` bigint NOT NULL,\n\t`db_name` varbinary(255),\n\t`val` longblob,\n\tPRIMARY KEY (`id`)\n) ENGINE InnoDB,\n  CHARSET utf8mb4	differs	867a1b8ab78a0a10659dc5ee884b635299118dc67ab6d9ae858d365c7a52c401	3e4bef602d77d32d0ec67c93f2129199d658a8f8a93d747797444f873e472aa0	warnings differ	C-1
b8329dabcc80ce82	vreplication	dynamic:vitess;dynamic:movetables;dynamic:reshard	update _vt_customer.vreplication set time_updated = 1790913965, time_heartbeat = 1790913965 where id = 1	same	0f444752ba32ebf169f55f78a7bd9ac9f75cd15e3f615ce1f6c156bdefbba6d3	0f444752ba32ebf169f55f78a7bd9ac9f75cd15e3f615ce1f6c156bdefbba6d3		
b8b1f3c0ff843fad	vreplication	go/vt/vttablet/onlineddl/schema.go:551;dynamic:vitess;dynamic:onlineddl	SELECT\n\t\t\tcount(*) as cnt\n\t\tFROM\n\t\t\t_vt.copy_state\n\t\tWHERE vrepl_id=5	same	9326b2a17a205dc7b50d346cc8dd848d31231ec16977f520cd5d6c1f01ab9363	9326b2a17a205dc7b50d346cc8dd848d31231ec16977f520cd5d6c1f01ab9363		
b98283906fe78d57	vreplication	dynamic:vitess;dynamic:movetables;dynamic:reshard	select `table_name`, lastpk from _vt_customer.copy_state where vrepl_id = 1 and id in (select max(id) from _vt_customer.copy_state group by vrepl_id, `table_name`) order by `table_name` asc	same	972793b2cc76ab3d2d0d8c806062186679e6811a102fd976007c30234cc0ff0d	972793b2cc76ab3d2d0d8c806062186679e6811a102fd976007c30234cc0ff0d		
bc0e9966f0d6a723	vreplication	go/vt/vttablet/tabletmanager/vreplication/engine.go:887	select * from _vt.vreplication where db_name=	same	b757b267368150584b6fd9b194ac0d3c0a9b1d2f6eea2a6f3ce700917ada0f8e	b757b267368150584b6fd9b194ac0d3c0a9b1d2f6eea2a6f3ce700917ada0f8e		
bd3b3a222eb622a0	vreplication	go/vt/vttablet/tabletmanager/vreplication/utils.go:75	select id, type, state, message from %s.vreplication_log where vrepl_id = %d order by id desc limit 1	same	b757b267368150584b6fd9b194ac0d3c0a9b1d2f6eea2a6f3ce700917ada0f8e	b757b267368150584b6fd9b194ac0d3c0a9b1d2f6eea2a6f3ce700917ada0f8e		
be5d8e369cd4072c	vreplication	dynamic:vitess;dynamic:bringup	CREATE TABLE IF NOT EXISTS `_vt`.`post_copy_action` (\n\t`id` bigint NOT NULL AUTO_INCREMENT,\n\t`vrepl_id` int NOT NULL,\n\t`table_name` varbinary(128) NOT NULL,\n\t`action` json NOT NULL,\n\tUNIQUE KEY `vrepl_id` (`vrepl_id`, `table_name`),\n\tPRIMARY KEY (`id`)\n) ENGINE InnoDB,\n  CHARSET utf8mb4	differs	867a1b8ab78a0a10659dc5ee884b635299118dc67ab6d9ae858d365c7a52c401	3e4bef602d77d32d0ec67c93f2129199d658a8f8a93d747797444f873e472aa0	warnings differ	C-1
bf1e3990a0e912ce	vreplication	dynamic:vitess;dynamic:bringup;dynamic:reshard	CREATE TABLE IF NOT EXISTS `_vt_customer`.`post_copy_action` (\n\t`id` bigint NOT NULL AUTO_INCREMENT,\n\t`vrepl_id` int NOT NULL,\n\t`table_name` varbinary(128) NOT NULL,\n\t`action` json NOT NULL,\n\tUNIQUE KEY `vrepl_id` (`vrepl_id`, `table_name`),\n\tPRIMARY KEY (`id`)\n) ENGINE InnoDB,\n  CHARSET utf8mb4	differs	867a1b8ab78a0a10659dc5ee884b635299118dc67ab6d9ae858d365c7a52c401	3e4bef602d77d32d0ec67c93f2129199d658a8f8a93d747797444f873e472aa0	warnings differ	C-1
c12a6b42b3abd55c	vreplication	go/vt/vttablet/tabletmanager/rpc_vreplication.go:69	select id, source, cell, tablet_types, state, message from %s.vreplication where workflow = %a and db_name = %a	same	b757b267368150584b6fd9b194ac0d3c0a9b1d2f6eea2a6f3ce700917ada0f8e	b757b267368150584b6fd9b194ac0d3c0a9b1d2f6eea2a6f3ce700917ada0f8e		
c1654385e758712c	vreplication	dynamic:vitess;dynamic:bringup;dynamic:sidecar	show create table _vt.copy_state	differs	9ef9b76aa029223b6b4c81e3c85765708b0644eec1e915110a1dedc1ef334937	1d675c114b65e0c3a742820fd2ef5449cf0e66f18025498be8b0990b923c0711	row values differ	C-1,C-6
c372a729311a3797	vreplication	dynamic:vitess;dynamic:movetables;dynamic:reshard	delete from _vt_customer.vreplication where id in (1)	same	0f444752ba32ebf169f55f78a7bd9ac9f75cd15e3f615ce1f6c156bdefbba6d3	0f444752ba32ebf169f55f78a7bd9ac9f75cd15e3f615ce1f6c156bdefbba6d3		
c3a5b8ea984a2648	vreplication	dynamic:vitess;dynamic:movetables;dynamic:reshard	optimize table _vt.copy_state	differs	41af78899a386277f81477e3b2a02d32e1e5750df06a75872c1e4f7283645a3a	2ada51857238298f1a0aa04c9e78d690dcdbf5af1a5acdc3a2529a8ef43549a5	row count 2 vs 1	
c479e7d1c51fb912	vreplication	dynamic:vitess;dynamic:bringup;dynamic:reshard	CREATE TABLE IF NOT EXISTS `_vt_customer`.`copy_state` (\n\t`id` bigint unsigned NOT NULL AUTO_INCREMENT,\n\t`vrepl_id` int NOT NULL,\n\t`table_name` varbinary(128) NOT NULL,\n\t`lastpk` mediumblob,\n\tPRIMARY KEY (`id`),\n\tKEY `vrepl_id` (`vrepl_id`, `table_name`)\n) ENGINE InnoDB,\n  CHARSET utf8mb4	differs	867a1b8ab78a0a10659dc5ee884b635299118dc67ab6d9ae858d365c7a52c401	3e4bef602d77d32d0ec67c93f2129199d658a8f8a93d747797444f873e472aa0	warnings differ	C-1
c49504f51d1e2ddc	vreplication	dynamic:vitess;dynamic:movetables;dynamic:reshard	insert into _vt_customer.vreplication(workflow, source, pos, max_tps, max_replication_lag, time_updated, transaction_timestamp, state, db_name, workflow_type, workflow_sub_type, options) values ('commerce2customer', 'keyspace:"commerce" shard:"0" filter:{rules:{match:"corder" filter:"select * from `corder`"} rules:{match:"shopper" filter:"select * from `shopper`"}}', 'MySQL56/5fa12b8d-be16-11f1-9525-129a7b8bb86b:1-102', 9223372036854775807, 9223372036854775807, 1790913944, 0, 'Stopped', 'vt_customer', 1, 0, '{}')	same	4f73cac56c213100458bcc43d0e31ddac4c170e120f75f92420e4a88b8129d5e	4f73cac56c213100458bcc43d0e31ddac4c170e120f75f92420e4a88b8129d5e		
c5b46e1bbd962d14	vreplication	dynamic:vitess;dynamic:movetables;dynamic:reshard	select id from _vt_customer.vreplication where db_name = 'vt_customer' and workflow = 'cust2cust'	same	a9ebc077a1fa73f7d4bcd5f5168ca8e4219309ffae9566026486841448fcf937	a9ebc077a1fa73f7d4bcd5f5168ca8e4219309ffae9566026486841448fcf937		
c6d51374773e1fdf	vreplication	dynamic:vitess;dynamic:movetables	delete from _vt.vreplication where id in (4)	same	0f444752ba32ebf169f55f78a7bd9ac9f75cd15e3f615ce1f6c156bdefbba6d3	0f444752ba32ebf169f55f78a7bd9ac9f75cd15e3f615ce1f6c156bdefbba6d3		
c76752656c8fbae6	vreplication	dynamic:vitess;dynamic:bringup;dynamic:sidecar	show create table _vt.resharding_journal	differs	822ecb66f6bd4a1fd02b7aa758eeed66e382c13d6fe52eb8ed1aad12d40aa459	785a002f8375f962218c65df003dcc0dcf50871caadfa304d49a76e419bebdbe	row values differ	C-1,C-6
c774bff4f2291098	vreplication	dynamic:vitess;dynamic:reshard	update /*vt+ ALLOW_UNSAFE_VREPLICATION_WRITE */ _vt_customer.vreplication set state = 'Running' where id in (1)	same	0f444752ba32ebf169f55f78a7bd9ac9f75cd15e3f615ce1f6c156bdefbba6d3	0f444752ba32ebf169f55f78a7bd9ac9f75cd15e3f615ce1f6c156bdefbba6d3		
c84f1611074eb5d9	vreplication	dynamic:vitess;dynamic:reshard	select workflow, id, source, pos, stop_pos, max_tps, max_replication_lag, cell, tablet_types, time_updated, transaction_timestamp, state, message, db_name, rows_copied, tags, time_heartbeat, workflow_type, time_throttled, component_throttled, workflow_sub_type, defer_secondary_keys, options from _vt_customer.vreplication where db_name = 'vt_customer' and message != 'FROZEN' and workflow not in ('cust2cust_reverse') and state in ('Stopped') order by workflow, id	same	5c35feaa5b9c667b5c0419a37fabf1639af5469a03cf94e4255de8b46499f3f0	5c35feaa5b9c667b5c0419a37fabf1639af5469a03cf94e4255de8b46499f3f0		
c8d9bcb109754f04	vreplication	dynamic:vitess;dynamic:onlineddl	SELECT\n\t\t\tstate,\n\t\t\tmessage\n\t\tFROM _vt.vreplication_log\n\t\tWHERE\n\t\t\tvrepl_id=5\n\t\t\tAND (\n\t\t\t\tstate='Error'\n\t\t\t\tOR locate (concat('terminal error', ':'), message) = 1\n\t\t\t)\n\t\tORDER BY\n\t\t\tid DESC\n\t\tLIMIT 1	same	4fdc2ea11787b21cb3b46e5152d94ba66cbda7972f007098e7b483342063088f	4fdc2ea11787b21cb3b46e5152d94ba66cbda7972f007098e7b483342063088f		
ca3e4888ca1b4984	vreplication	dynamic:vitess;dynamic:movetables;dynamic:reshard	select id, source, pos, stop_pos, max_tps, max_replication_lag, cell, tablet_types, time_updated, transaction_timestamp, state, message, db_name, rows_copied, tags, time_heartbeat, workflow_type, time_throttled, component_throttled, workflow_sub_type, defer_secondary_keys, options from _vt_customer.vreplication where workflow = 'cust2cust' and db_name = 'vt_customer'	same	bcd0832891b06b34c0b5ad48c2942326d669fa6c0d298d18c5a8f0e7dc0ccca0	bcd0832891b06b34c0b5ad48c2942326d669fa6c0d298d18c5a8f0e7dc0ccca0		
caafb6f53f80fcf8	vreplication	dynamic:vitess;dynamic:bringup	CREATE TABLE IF NOT EXISTS `_vt`.`vreplication` (\n\t`id` int NOT NULL AUTO_INCREMENT,\n\t`workflow` varbinary(1000),\n\t`source` mediumblob NOT NULL,\n\t`pos` longblob NOT NULL,\n\t`stop_pos` longblob,\n\t`max_tps` bigint NOT NULL,\n\t`max_replication_lag` bigint NOT NULL,\n\t`cell` varbinary(1000),\n\t`tablet_types` varbinary(100),\n\t`time_updated` bigint NOT NULL,\n\t`transaction_timestamp` bigint NOT NULL,\n\t`state` varbinary(100) NOT NULL,\n\t`message` varbinary(1000),\n\t`db_name` varbinary(255) NOT NULL,\n\t`rows_copied` bigint NOT NULL DEFAULT '0',\n\t`tags` varbinary(1024) NOT NULL DEFAULT '',\n\t`time_heartbeat` bigint NOT NULL DEFAULT '0',\n\t`workflow_type` int NOT NULL DEFAULT '0',\n\t`time_throttled` bigint NOT NULL DEFAULT '0',\n\t`component_throttled` varchar(255) NOT NULL DEFAULT '',\n\t`reason_throttled` varchar(1000) NOT NULL DEFAULT '',\n\t`workflow_sub_type` int NOT NULL DEFAULT '0',\n\t`defer_secondary_keys` tinyint(1) NOT NULL DEFAULT '0',\n\t`options` json NOT NULL,\n\tPRIMARY KEY (`id`),\n\tKEY `workflow_idx` (`workflow`(64))\n) ENGINE InnoDB,\n  CHARSET utf8mb4	differs	7dd045d02525e72860844ec4b779068dcc57089ebe176fd6b23d5143673f7e10	e0180bb3eee469dd3158c25ea7d6da4a8e5afff9614e25bc725400cbadc89290	warnings differ	C-1
cc1887db6ec8b30a	vreplication	dynamic:vitess;dynamic:movetables;dynamic:reshard	update _vt_customer.vreplication set state = 'Running', message = left('', 1000) where id = 1	same	0f444752ba32ebf169f55f78a7bd9ac9f75cd15e3f615ce1f6c156bdefbba6d3	0f444752ba32ebf169f55f78a7bd9ac9f75cd15e3f615ce1f6c156bdefbba6d3		
cd6b5342771378b4	vreplication	dynamic:vitess;dynamic:bringup;dynamic:reshard	CREATE TABLE IF NOT EXISTS `_vt_customer`.`vreplication_log` (\n\t`id` bigint NOT NULL AUTO_INCREMENT,\n\t`vrepl_id` int NOT NULL,\n\t`type` varbinary(256) NOT NULL,\n\t`state` varbinary(100) NOT NULL,\n\t`created_at` timestamp NULL DEFAULT current_timestamp(),\n\t`updated_at` timestamp NULL DEFAULT current_timestamp() ON UPDATE current_timestamp(),\n\t`message` text NOT NULL,\n\t`count` bigint NOT NULL DEFAULT '1',\n\tPRIMARY KEY (`id`),\n\tKEY `vrepl_id_idx` (`vrepl_id`)\n) ENGINE InnoDB,\n  CHARSET utf8mb4	differs	867a1b8ab78a0a10659dc5ee884b635299118dc67ab6d9ae858d365c7a52c401	3e4bef602d77d32d0ec67c93f2129199d658a8f8a93d747797444f873e472aa0	warnings differ	C-1
cf4d4c168588c752	vreplication	go/vt/vttablet/tabletmanager/vreplication/table_plan_builder.go:116	select a, b, c from t group by a, b, c	same	97db900d5bd1362659223afdeb8791d99b4997e8f6cbc20312993ced20243857	97db900d5bd1362659223afdeb8791d99b4997e8f6cbc20312993ced20243857		
d14ade85e5c47828	vreplication	dynamic:vitess;dynamic:bringup;dynamic:reshard	show create table _vt_customer.vreplication	differs	2e433ddeb18eff31c0499c17293bb870c67cfdc8bfb9bb46a1cdb4580a766afc	3a2a8754ef1702880bc54325d04371a4fe4e75cd0ead2350338ed5db420e4d0f	row values differ	C-1,C-6
d76a367fc8da4c8d	vreplication	go/vt/vttablet/tabletmanager/rpc_vreplication.go:105	select count(*) from %s.vreplication limit 1	same	b757b267368150584b6fd9b194ac0d3c0a9b1d2f6eea2a6f3ce700917ada0f8e	b757b267368150584b6fd9b194ac0d3c0a9b1d2f6eea2a6f3ce700917ada0f8e		
d7a4fc4ffcc2a330	vreplication	dynamic:vitess;dynamic:movetables;dynamic:onlineddl	update _vt.vreplication set state='Running', message=left('', 1000) where id=2	same	0f444752ba32ebf169f55f78a7bd9ac9f75cd15e3f615ce1f6c156bdefbba6d3	0f444752ba32ebf169f55f78a7bd9ac9f75cd15e3f615ce1f6c156bdefbba6d3		
da25480fb483e6ce	vreplication	go/vt/vttablet/tabletmanager/rpc_vreplication.go:941;go/vt/vttablet/tabletserver/schema/db.go:149;go/vt/vttablet/tabletserver/vstreamer/snapshot_conn.go:146;dynamic:vitess;dynamic:vtgate;dynamic:movetables;dynamic:reshard	rollback	same	0f444752ba32ebf169f55f78a7bd9ac9f75cd15e3f615ce1f6c156bdefbba6d3	0f444752ba32ebf169f55f78a7bd9ac9f75cd15e3f615ce1f6c156bdefbba6d3		
e015aa0c62717e8e	vreplication	dynamic:vitess;dynamic:movetables;dynamic:reshard	select id, `action` from _vt_customer.post_copy_action where vrepl_id = 1 and `table_name` = 'corder'	same	db8edf488b17c0db30b9b8f59badf6a45061e1986171718a599067e9ec344e62	db8edf488b17c0db30b9b8f59badf6a45061e1986171718a599067e9ec344e62		
e11ef98e61fffa3d	vreplication	go/vt/vttablet/tabletmanager/vreplication/queryhistory/position.go:13	update _vt.vreplication set pos=...	same	b757b267368150584b6fd9b194ac0d3c0a9b1d2f6eea2a6f3ce700917ada0f8e	b757b267368150584b6fd9b194ac0d3c0a9b1d2f6eea2a6f3ce700917ada0f8e		
e32edbdbd75eafdf	vreplication	dynamic:vitess;dynamic:movetables	select id, source, cell, tablet_types, state, message from _vt_customer.vreplication where workflow = 'commerce2customer' and db_name = 'vt_customer'	same	b670364d383705ed4c4d5762f2fd0a7dd7d98652eb4a8c04fc1016dcd80851e3	b670364d383705ed4c4d5762f2fd0a7dd7d98652eb4a8c04fc1016dcd80851e3		
e506a4b0a6b5bc39	vreplication	dynamic:vitess;dynamic:movetables;dynamic:onlineddl	select pos, state, message from _vt.vreplication where id=2	same	44125e0f04751530180cf6284f7bcd48807675a1a1e6bada8c35c433b6d30700	44125e0f04751530180cf6284f7bcd48807675a1a1e6bada8c35c433b6d30700		
e51c280727be7d51	vreplication	dynamic:vitess;dynamic:movetables;dynamic:reshard	select * from _vt_customer.vreplication where workflow = 'cust2cust' and db_name = 'vt_customer'	same	a1d1afe7cacfa08ccfbe1742f1f59810893e8d0837d233d48cf3e3be3793af64	a1d1afe7cacfa08ccfbe1742f1f59810893e8d0837d233d48cf3e3be3793af64		
e51fd755b32ea903	vreplication	dynamic:vitess;dynamic:movetables	insert into _vt.vreplication (workflow, source, pos, max_tps, max_replication_lag, cell, tablet_types, time_updated, transaction_timestamp, state, db_name, workflow_type, workflow_sub_type, defer_secondary_keys, options) values ('__permission_test_1790913945_392308', '', '', 0, 0, '', '', now(), 0, 'Stopped', '__test__', 0, 0, false, '{}')	same	4f73cac56c213100458bcc43d0e31ddac4c170e120f75f92420e4a88b8129d5e	4f73cac56c213100458bcc43d0e31ddac4c170e120f75f92420e4a88b8129d5e		
e6a21e3f8fc310e6	vreplication	dynamic:vitess;dynamic:movetables;dynamic:reshard	insert into _vt_customer.vreplication (workflow, source, pos, max_tps, max_replication_lag, cell, tablet_types, time_updated, transaction_timestamp, state, db_name, workflow_type, workflow_sub_type, defer_secondary_keys, options) values ('__permission_test_1790913943_773245', '', '', 0, 0, '', '', now(), 0, 'Stopped', '__test__', 0, 0, false, '{}')	same	4f73cac56c213100458bcc43d0e31ddac4c170e120f75f92420e4a88b8129d5e	4f73cac56c213100458bcc43d0e31ddac4c170e120f75f92420e4a88b8129d5e		
e6ac6b0ff398d3b7	vreplication	go/vt/vttablet/tabletserver/vstreamer/snapshot_conn.go:121	lock tables %s read	same	b757b267368150584b6fd9b194ac0d3c0a9b1d2f6eea2a6f3ce700917ada0f8e	b757b267368150584b6fd9b194ac0d3c0a9b1d2f6eea2a6f3ce700917ada0f8e		
e6b83bad2b843c71	vreplication	dynamic:vitess;dynamic:movetables;dynamic:onlineddl	select pos, stop_pos, max_tps, max_replication_lag, state, workflow_type, workflow, workflow_sub_type, defer_secondary_keys, options from _vt.vreplication where id=5	same	8ff6e3b6507167c382442b5fe4e51c6231c5c6628c9495304d4c1eee2646e7de	8ff6e3b6507167c382442b5fe4e51c6231c5c6628c9495304d4c1eee2646e7de		
e6f07d43b5c21db0	vreplication	go/vt/vttablet/tabletmanager/vreplication/queryhistory/position.go:23;go/vt/vttablet/tabletmanager/vreplication/vcopier.go:1019;go/vt/vttablet/tabletmanager/vreplication/vdbclient.go:75;go/vt/vttablet/tabletmanager/vreplication/vdbclient.go:203;go/vt/vttablet/tabletserver/schema/db.go:135;go/vt/vttablet/tabletserver/schema/db.go:155;go/vt/vttablet/tabletserver/schema/schematest/schematest.go:136;dynamic:vitess;dynamic:keyspace-vschema;dynamic:vtgate;dynamic:movetables;dynamic:reshard	begin	same	0f444752ba32ebf169f55f78a7bd9ac9f75cd15e3f615ce1f6c156bdefbba6d3	0f444752ba32ebf169f55f78a7bd9ac9f75cd15e3f615ce1f6c156bdefbba6d3		
e734e404a4f43a8a	vreplication	go/vt/vttablet/tabletmanager/vreplication/utils.go:105	update %s.vreplication_log set count = count + 1 where id = %d	same	b757b267368150584b6fd9b194ac0d3c0a9b1d2f6eea2a6f3ce700917ada0f8e	b757b267368150584b6fd9b194ac0d3c0a9b1d2f6eea2a6f3ce700917ada0f8e		
e7898af5c77ddd39	vreplication	go/vt/vttablet/tabletmanager/vreplication/vreplicator.go:143	select id, count(*), sum(price) from t group by id	same	97db900d5bd1362659223afdeb8791d99b4997e8f6cbc20312993ced20243857	97db900d5bd1362659223afdeb8791d99b4997e8f6cbc20312993ced20243857		
e9b55d5058b19a86	vreplication	dynamic:vitess;dynamic:movetables;dynamic:reshard	update _vt_customer.vreplication set pos = 'MySQL56/5fa0ed52-be16-11f1-9ff6-a677967ca178:1-139', time_updated = 1790913954, rows_copied = 0, message = '' where id = 1	same	0f444752ba32ebf169f55f78a7bd9ac9f75cd15e3f615ce1f6c156bdefbba6d3	0f444752ba32ebf169f55f78a7bd9ac9f75cd15e3f615ce1f6c156bdefbba6d3		
eccb8486b51090ae	vreplication	go/vt/vttablet/tabletmanager/vdiff/table_differ.go:215	select id, source, pos from _vt.vreplication	same	ae823e722f2ff8fc0eaed4b367d80e4ba5567a3d26dfe213708704a04d268aa1	ae823e722f2ff8fc0eaed4b367d80e4ba5567a3d26dfe213708704a04d268aa1		
ef91bbb067d717ff	vreplication	dynamic:vitess;dynamic:movetables;dynamic:reshard	select count(distinct `table_name`) from _vt_customer.copy_state where vrepl_id = 1	same	cd2ebd92c477cae9aba4e6e3c6548308ec4b6bc943b9414921a34206450b0a64	cd2ebd92c477cae9aba4e6e3c6548308ec4b6bc943b9414921a34206450b0a64		
f4429445e4f07fc1	vreplication	go/vt/vttablet/tabletserver/vstreamer/snapshot_conn.go:247	lock tables	same	b757b267368150584b6fd9b194ac0d3c0a9b1d2f6eea2a6f3ce700917ada0f8e	b757b267368150584b6fd9b194ac0d3c0a9b1d2f6eea2a6f3ce700917ada0f8e		
f57b88bff306754d	vreplication	go/vt/vttablet/tabletmanager/rpc_vreplication.go:67;go/vt/vttablet/tabletmanager/rpc_vreplication.go:108	delete from %s.vreplication where workflow = %a and db_name = %a	same	b757b267368150584b6fd9b194ac0d3c0a9b1d2f6eea2a6f3ce700917ada0f8e	b757b267368150584b6fd9b194ac0d3c0a9b1d2f6eea2a6f3ce700917ada0f8e		
f5bbc0f70ccccb6d	vreplication	go/vt/vttablet/tabletmanager/rpc_vreplication.go:60	select if(count(*) > 0, 1, 0) as has_workflows from %s.vreplication where db_name = %a	same	b757b267368150584b6fd9b194ac0d3c0a9b1d2f6eea2a6f3ce700917ada0f8e	b757b267368150584b6fd9b194ac0d3c0a9b1d2f6eea2a6f3ce700917ada0f8e		
f664bd8443d48dd9	vreplication	go/vt/vttablet/tabletmanager/rpc_vreplication.go:100	select max(%a) as maxval from %a.%a	same	b757b267368150584b6fd9b194ac0d3c0a9b1d2f6eea2a6f3ce700917ada0f8e	b757b267368150584b6fd9b194ac0d3c0a9b1d2f6eea2a6f3ce700917ada0f8e		
f66bfdb498a9104f	vreplication	dynamic:vitess;dynamic:bringup;dynamic:sidecar	show create table _vt.vreplication	differs	53511d46514ca5b4d9b4396813032fa85786baac69cfe5c089eed39c136ea180	ebca630024d4f668c0113dc7e0561a478f7cdf507162531bd1252002591bd776	row values differ	C-1,C-6
f69e73ac44527dea	vreplication	dynamic:vitess;dynamic:bringup;dynamic:reshard	show create table _vt_customer.vreplication_log	differs	009eb652aebdcfe1f14d20da10ceca498254e0d38b34a1becc370b2ab174ab7d	c09ff911ec178cb1e34fc5e30efb989c45f948b83e285a9d9ed802ddc28438b7	row values differ	C-1,C-6
f942fc5f2a5c58d0	vreplication	go/vt/vttablet/tabletmanager/vreplication/vcopier.go:297;dynamic:vitess;dynamic:onlineddl	select table_name, lastpk from _vt.copy_state where vrepl_id = 5 and id in (select max(id) from _vt.copy_state group by vrepl_id, table_name) order by table_name	same	972793b2cc76ab3d2d0d8c806062186679e6811a102fd976007c30234cc0ff0d	972793b2cc76ab3d2d0d8c806062186679e6811a102fd976007c30234cc0ff0d		
f9c3816540ce8d83	vreplication	go/vt/vttablet/tabletmanager/vreplication/table_plan_builder.go:117	insert ignore	same	b757b267368150584b6fd9b194ac0d3c0a9b1d2f6eea2a6f3ce700917ada0f8e	b757b267368150584b6fd9b194ac0d3c0a9b1d2f6eea2a6f3ce700917ada0f8e		
fa1658654db1f96d	vreplication	go/vt/vttablet/tabletmanager/rpc_vreplication.go:59	insert into %s.vreplication (workflow, source, pos, max_tps, max_replication_lag, cell, tablet_types, time_updated, transaction_timestamp, state, db_name, workflow_type, workflow_sub_type, defer_secondary_keys, options) values (%a, %a, '', 0, 0, %a, %a, now(), 0, %a, %a, %a, %a, %a, %a)	same	b757b267368150584b6fd9b194ac0d3c0a9b1d2f6eea2a6f3ce700917ada0f8e	b757b267368150584b6fd9b194ac0d3c0a9b1d2f6eea2a6f3ce700917ada0f8e		
fbaa34ca63664fc1	vreplication	go/vt/vttablet/tabletmanager/vreplication/vreplicator.go:141;go/vt/vttablet/tabletserver/vstreamer/vstreamer.go:135	select col1, col2 from t where...	same	b757b267368150584b6fd9b194ac0d3c0a9b1d2f6eea2a6f3ce700917ada0f8e	b757b267368150584b6fd9b194ac0d3c0a9b1d2f6eea2a6f3ce700917ada0f8e		
fc4ea2a42f8d5aca	vreplication	dynamic:vitess;dynamic:movetables;dynamic:reshard	select id from _vt_customer.vreplication where workflow = 'cust2cust' and db_name = 'vt_customer'	same	a9ebc077a1fa73f7d4bcd5f5168ca8e4219309ffae9566026486841448fcf937	a9ebc077a1fa73f7d4bcd5f5168ca8e4219309ffae9566026486841448fcf937		
fd35936336e28fe0	vreplication	go/vt/vttablet/tabletmanager/vreplication/vreplicator.go:91	select id, vrepl_id, action from _vt.post_copy_action where id in ( select pca.id from _vt.post_copy_action as pca inner join _vt.vreplication as vr on (pca.vrepl_id = vr.id) where pca.table_name=%a ) for update	same	b757b267368150584b6fd9b194ac0d3c0a9b1d2f6eea2a6f3ce700917ada0f8e	b757b267368150584b6fd9b194ac0d3c0a9b1d2f6eea2a6f3ce700917ada0f8e		
fef8bdce0144ccef	vreplication	go/vt/vttablet/tabletmanager/vreplication/vreplicator.go:142	select col1, keyspace_id() as ksid from t where...	same	b757b267368150584b6fd9b194ac0d3c0a9b1d2f6eea2a6f3ce700917ada0f8e	b757b267368150584b6fd9b194ac0d3c0a9b1d2f6eea2a6f3ce700917ada0f8e		
